,topology_carcinoma_20_clean_mieloides.csv,topology_carcinoma_17_clean_mieloides.csv,topology_carcinoma_6_clean_mieloides.csv,topology_carcinoma_13_clean_mieloides.csv,topology_dysplasia_17_clean_mieloides.csv,topology_carcinoma_19_clean_mieloides.csv,topology_dysplasia_16_clean_mieloides.csv,topology_carcinoma_9_clean_mieloides.csv,topology_dysplasia_15_clean_mieloides.csv,topology_carcinoma_2_clean_mieloides.csv,topology_ad_dysplasia_3_clean_mieloides.csv,topology_dysplasia_7_clean_mieloides.csv,topology_carcinoma_8_clean_mieloides.csv,topology_dysplasia_2_clean_mieloides.csv,topology_dysplasia_18_clean_mieloides.csv,topology_carcinoma_11_clean_mieloides.csv,topology_ad_carcinoma_15_clean_mieloides.csv,topology_dysplasia_8_clean_mieloides.csv,topology_ad_dysplasia_8_clean_mieloides.csv,topology_carcinoma_15_clean_mieloides.csv,topology_dysplasia_3_clean_mieloides.csv,topology_ad_dysplasia_9_clean_mieloides.csv,topology_dysplasia_14_clean_mieloides.csv,topology_ad_carcinoma_11_clean_mieloides.csv,topology_ad_dysplasia_5_clean_mieloides.csv,topology_dysplasia_5_clean_mieloides.csv,topology_dysplasia_4_clean_mieloides.csv,topology_dysplasia_13_clean_mieloides.csv,topology_dysplasia_11_clean_mieloides.csv,topology_ad_carcinoma_13_clean_mieloides.csv,topology_ad_carcinoma_9_clean_mieloides.csv,topology_ad_carcinoma_4_clean_mieloides.csv,topology_carcinoma_10_clean_mieloides.csv,topology_ad_carcinoma_7_clean_mieloides.csv,topology_ad_carcinoma_5_clean_mieloides.csv,topology_carcinoma_16_clean_mieloides.csv,topology_dysplasia_19_clean_mieloides.csv,topology_dysplasia_10_clean_mieloides.csv,topology_dysplasia_1_clean_mieloides.csv,topology_ad_dysplasia_1_clean_mieloides.csv,topology_carcinoma_7_clean_mieloides.csv,topology_ad_carcinoma_3_clean_mieloides.csv,topology_ad_dysplasia_4_clean_mieloides.csv,topology_carcinoma_4_clean_mieloides.csv,topology_ad_carcinoma_1_clean_mieloides.csv,topology_ad_dysplasia_7_clean_mieloides.csv,topology_ad_carcinoma_10_clean_mieloides.csv,topology_ad_carcinoma_8_clean_mieloides.csv,topology_dysplasia_6_clean_mieloides.csv,topology_ad_dysplasia_6_clean_mieloides.csv,topology_ad_carcinoma_14_clean_mieloides.csv,topology_ad_carcinoma_12_clean_mieloides.csv,topology_ad_carcinoma_6_clean_mieloides.csv,topology_ad_dysplasia_10_clean_mieloides.csv,topology_ad_dysplasia_2_clean_mieloides.csv,topology_carcinoma_5_clean_mieloides.csv,topology_carcinoma_3_clean_mieloides.csv,topology_carcinoma_18_clean_mieloides.csv,topology_carcinoma_14_clean_mieloides.csv,topology_dysplasia_12_clean_mieloides.csv,topology_dysplasia_9_clean_mieloides.csv,topology_carcinoma_12_clean_mieloides.csv,topology_carcinoma_1_clean_mieloides.csv,topology_ad_carcinoma_2_clean_mieloides.csv
topology_carcinoma_20_clean_mieloides.csv,1.493495065461516e-308,78.02949917294654,53.76800851862356,49.70291614743678,92.27666849346573,87.61064827627007,92.74096289614218,33.03287253713927,98.66752251128833,33.02113627729733,69.53386388479956,90.47088198191108,32.21522674194847,71.72115726686786,105.63338339765966,30.431412284753662,69.53386388479956,104.80028657787804,105.63338339765966,68.40178086460827,130.85466133469646,105.63338339765966,69.53386388479956,105.63338339765966,105.63338339765966,66.8123304716355,114.1772624726554,151.40731927131236,58.27386662356167,69.80121099377803,82.98260943017902,105.63338339765966,47.19914019120199,100.0624419544769,67.83138383339659,26.04987096270122,105.63338339765966,86.75780147297587,32.53931416698663,95.61832490357887,82.11969093012863,58.6431972009309,105.63338339765966,32.923394199317954,96.96318464628064,88.24952070333674,67.88454947471513,83.90373373113613,69.91964265919208,57.90341066763966,56.57086886147829,105.63338339765966,105.63338339765966,78.61427246826531,64.7743930117677,61.89866920922347,53.366138920265655,56.44862483457311,105.63338339765966,75.89630793426448,136.79740889572395,58.064575820737645,32.07006112894517,93.5500413620648
topology_carcinoma_17_clean_mieloides.csv,78.02949917294654,2.0208147897433343e-308,75.32132743882897,51.826114614937694,62.91550615018947,112.65349281099088,52.34979938204381,50.27271681655918,62.91550615018947,52.74945281505907,67.20902619733522,90.47088198191108,45.814272430998074,53.11318055710046,53.09419276049445,54.087026692107514,53.09419276049445,92.80428517403374,62.91550615018947,93.2559736917388,130.85466133469646,56.084071432701336,62.915506150189486,62.91550615018947,62.91550615018947,66.8123304716355,114.1772624726554,151.40731927131236,87.57395790876109,44.78993693803167,47.924022375981565,58.330816181472926,39.97900293883714,51.826114614937694,51.826114614937694,54.17854064322714,93.94478740014907,86.75780147297584,56.17738945431336,36.332948330681916,106.36350608773455,87.94328848613031,58.330816181472926,51.80663495747629,58.330816181472926,60.174015773187534,34.96720658214764,38.441454055515266,51.87958422335822,42.62877180187593,56.57086886147829,62.91550615018947,58.0766080912185,49.3141811830659,51.826114614937694,52.8924223152585,36.5841000883546,50.726134864723576,53.09419276049445,65.55154826097387,136.79740889572395,30.051409269764406,65.86744445516916,44.64890804887864
topology_carcinoma_6_clean_mieloides.csv,53.76800851862356,75.32132743882897,8.212202233427135e-309,73.66971615147173,95.17911179087716,78.06315615769887,77.69427490581575,46.225291591670384,82.8309206621376,51.962673366187005,60.65751311148463,90.47088198191108,67.19777467302771,44.207594996017235,92.3428812450343,46.936559035032644,60.65751311148463,92.80428517403374,95.17911179087716,63.720614184820505,130.85466133469646,95.17911179087716,60.65751311148463,94.79537246783977,95.17911179087716,66.55106000523173,114.1772624726554,151.40731927131236,52.983621255469075,59.45368291122912,73.19521676152664,81.97128102550639,43.07009725241039,95.17911179087716,77.69427490581575,46.225291591670384,94.55455865540657,62.19604189058191,41.16484816277125,77.69427490581575,77.69427490581575,53.3529518328383,95.17911179087716,46.225291591670384,94.62802430562203,93.53976607142934,60.657356900087905,77.69427490581575,56.89929650498769,70.72380001110872,63.52211136224173,95.17911179087716,95.17911179087716,83.90451783635791,77.69427490581575,48.78281766077262,58.656384288358254,51.970922849864394,95.17911179087716,51.04482410637388,136.79740889572395,77.69427490581575,62.404564573795454,67.35125278040721
topology_carcinoma_13_clean_mieloides.csv,49.70291614743678,51.826114614937694,73.66971615147173,1.4466962620587977e-308,83.93042983852874,133.05631767322825,76.70245887526531,47.57073414331212,80.07067385329438,44.0930668931247,72.7041265989626,90.47088198191108,51.72808607492354,76.4603241054574,83.93042983852874,42.663538272127724,83.93042983852874,92.80428517403374,87.1678743986827,83.82534337886216,130.85466133469646,83.93042983852874,83.93042983852874,83.93042983852874,87.1678743986827,66.96058512565213,114.1772624726554,151.40731927131236,107.97678277099845,82.5731091432609,68.35437738167454,87.1678743986827,59.22148593520251,52.72027834229627,69.0823760556064,63.06527126812489,93.94478740014907,86.75780147297587,56.636147800841286,54.46735705269799,106.36350608773455,108.34611334836768,87.1678743986827,46.03816527285403,87.1678743986827,60.174015773187534,50.876785416681656,58.20866718547677,68.07765697553921,61.45645778932558,62.64500496718651,85.25180065938406,83.93042983852874,46.727123741141355,47.40940650891292,62.35785341364816,40.92635313140434,56.985496967643414,86.30076191033717,78.93832927246521,136.79740889572395,70.83647397022051,40.6237096929263,64.41612117884014
topology_dysplasia_17_clean_mieloides.csv,92.27666849346573,62.91550615018947,95.17911179087716,83.93042983852874,1.9655775168880514e-308,104.3541012267045,57.78808659719354,70.82205132880665,45.96756957151439,76.74424982660841,81.45619551785441,57.94631015211738,71.17907203530376,68.32332879305386,57.78808659719354,73.69984777637174,58.6994743779359,47.293184980854164,57.78808659719354,107.503143012258,79.35570856154533,57.78808659719354,66.82887818263393,29.832671184297567,57.78808659719354,63.44464536518191,102.49950691382844,99.44083712755742,82.66378826980969,57.78808659719354,57.78808659719354,57.78808659719354,74.13595815146243,57.78808659719354,57.78808659719357,100.24660813949501,38.64893555508809,59.34143475700188,77.05803955078323,63.838852977990186,57.78808659719357,82.61435013838553,57.78808659719354,80.04517400969061,57.78808659719354,66.16233669690291,57.78808659719354,57.78808659719354,53.44052399436339,57.78808659719357,67.48791797485106,57.78808659719354,57.78808659719354,57.78808659719354,57.78808659719357,76.50723128072389,60.89703955376166,61.495957885321644,57.78808659719354,63.23186211486282,136.79740889572395,71.31978085499225,88.62946187510212,57.78808659719354
topology_carcinoma_19_clean_mieloides.csv,87.61064827627007,112.65349281099088,78.06315615769887,133.05631767322825,104.3541012267045,1.015907482064803e-308,91.01834255137663,111.11018388217883,117.18136699076538,98.8858201926488,94.17387450140279,104.38449640491223,115.56862826773994,79.89685517117829,134.7949564360427,101.93022224288546,116.9305956413213,116.44853453609736,134.7949564360427,67.58631752562735,96.96427860349104,134.7949564360427,90.73346869092441,99.83233275933037,134.7949564360427,102.41862255819521,102.49950691382844,109.1688169668106,52.60604779974983,118.42332963928021,121.28165274611482,127.1828526757028,99.14911182698393,134.7949564360427,126.82980452717328,75.71869278921878,115.45213522145724,77.76866443297322,104.47262824599528,134.7949564360427,91.01834255137663,79.89685517117829,134.7949564360427,98.33807532144033,134.7949564360427,116.05540527758316,134.7949564360427,127.9042640823937,110.3139467177214,134.7949564360427,108.14215204440615,134.7949564360427,134.3001730418565,134.7949564360427,134.7949564360427,94.86666700672481,125.78994105200661,94.76530525667192,134.7949564360427,65.9209717640642,136.79740889572395,91.01834255137663,95.51545624356885,95.47972421997571
topology_dysplasia_16_clean_mieloides.csv,92.74096289614218,52.34979938204381,77.69427490581575,76.70245887526531,57.78808659719354,91.01834255137663,1.4371799704450727e-308,64.98418053975482,53.76425385520963,77.18462615897062,81.92048992053085,90.47088198191108,63.14197011468727,62.98738854811327,57.23825815427762,74.16414217904818,54.248183683077144,92.80428517403374,57.23825815427762,105.38947083016174,130.85466133469646,57.23825815427762,49.93002907292629,37.59617442681332,57.23825815427762,63.90893976785836,114.1772624726554,151.40731927131236,63.33436077952362,41.029297250880745,43.562288570984094,49.92595744356679,55.55047943295412,57.23825815427762,57.23825815427762,78.61371398713868,93.94478740014907,61.256273771490896,69.24912869430676,57.23825815427762,76.16032179273662,74.53113233277978,57.23825815427762,71.54435301421441,57.23825815427762,44.4138453932282,57.23825815427762,55.683244947273465,51.87958422335822,57.23825815427762,65.58752765737296,57.23825815427762,56.58080886672582,57.23825815427762,57.23825815427762,73.35385552952764,54.95144871362601,56.44862483457311,57.23825815427762,65.55154826097387,136.79740889572395,48.58475298824311,80.9054280552343,36.85031789356458
topology_carcinoma_9_clean_mieloides.csv,33.03287253713927,50.27271681655918,46.225291591670384,47.57073414331212,70.82205132880665,111.11018388217883,64.98418053975482,7.004662577604755e-309,71.28416065455053,29.03830209836042,70.82205132880665,90.47088198191108,30.21601690591237,54.77584599956785,78.06331129109708,42.81286921226052,70.82205132880665,92.80428517403374,78.06331129109708,70.75004826380658,130.85466133469646,78.06331129109708,65.35256661717739,78.06331129109708,78.06331129109708,66.8123304716355,114.1772624726554,151.40731927131236,86.03064897994904,56.1512307522307,59.69295029027782,78.06331129109708,40.59214226551666,72.30565959808953,56.94089234565769,41.11913747707547,93.94478740014907,86.75780147297584,56.636147800841286,68.23496304684107,106.36350608773455,86.39997955731826,78.06331129109708,33.75023161355017,70.82205132880665,60.49273834694938,40.12776711832777,63.034223567819225,51.87958422335822,56.1512307522307,56.57086886147829,78.06331129109708,78.06331129109708,50.85749011187795,70.82205132880665,45.90314939093096,35.367564547137704,56.44862483457311,78.06331129109708,63.5678653563518,136.79740889572395,57.5514867487351,40.42969030577872,66.16667950532701
topology_dysplasia_15_clean_mieloides.csv,98.66752251128833,62.91550615018947,82.8309206621376,80.07067385329438,45.96756957151439,117.18136699076538,53.76425385520963,71.28416065455053,1.307042655064009e-308,73.10252904610283,91.77137955403015,65.08486223440707,82.01288765881,72.71690477147743,53.76425385520963,74.44010292315127,53.76425385520963,44.655767584671594,53.76425385520963,105.38947083016174,101.2722639733907,53.76425385520963,56.55585200255183,41.321495536070586,53.76425385520963,64.49685096791168,102.49950691382844,121.35739253940278,95.49105403387057,53.76425385520963,53.76425385520963,53.76425385520963,61.744964992852545,53.76425385520963,53.83084469736286,90.90303041473311,56.50429019232945,69.93627827984884,82.32388150731683,63.838852977990186,94.24363948812052,95.44161590244642,53.76425385520963,86.6120633818372,53.76425385520963,66.16233669690291,53.76425385520963,55.68324494727345,51.87958422335822,56.32470373311881,61.505430544505174,47.067008503436114,53.76425385520963,53.76425385520963,53.76425385520963,78.40308910091323,60.861975480492816,61.495957885321644,50.86191656341242,65.55154826097387,136.79740889572395,76.97675447957334,100.17426908309491,53.76425385520963
topology_carcinoma_2_clean_mieloides.csv,33.02113627729733,52.74945281505907,51.962673366187005,44.0930668931247,76.74424982660841,98.8858201926488,77.18462615897062,29.03830209836042,73.10252904610283,1.228619054808679e-308,50.93507361998661,90.47088198191108,36.97012606587802,56.59421439112015,85.08467733163826,37.16059336056287,58.204050148561294,92.80428517403374,85.08467733163826,68.18624340267007,130.85466133469646,85.08467733163826,65.652462161816,85.08467733163826,85.08467733163826,66.8123304716355,114.1772624726554,151.40731927131236,73.806285290419,50.93507361998661,57.41761596499353,82.60507614197849,30.98520810308662,84.53002328761957,50.42430575727451,30.726385178817935,93.94478740014907,82.74806157574022,42.83808336732886,70.05333143839337,97.65210959698595,74.17561586778822,85.08467733163826,42.83223001859136,81.43076597942331,72.71710203647942,48.76754139443051,68.3713150642788,51.87958422335822,49.975347927535694,56.57086886147829,85.08467733163826,85.08467733163826,63.08185380140799,50.93507361998661,36.333675744037976,37.83372025340833,56.44862483457311,85.08467733163826,65.3862337479041,136.79740889572395,37.60259711459253,51.41651788400287,67.98504789687931
topology_ad_dysplasia_3_clean_mieloides.csv,69.53386388479956,67.20902619733522,60.65751311148463,72.7041265989626,81.45619551785441,94.17387450140279,81.92048992053085,70.82205132880665,91.77137955403015,50.93507361998661,1.1435345031605666e-308,90.47088198191108,49.595883155134544,75.26306489904746,96.7750754312249,73.43682139651716,41.60529298382079,96.7750754312249,96.7750754312249,102.75286662702322,130.85466133469646,96.7750754312249,49.93002907292629,96.7750754312249,96.7750754312249,66.8123304716355,114.1772624726554,151.40731927131236,70.65176575011648,62.90506803651985,76.08646647292085,96.7750754312249,59.43108245488804,89.24196897886557,37.940534856667284,58.76121745685745,96.7750754312249,86.75780147297587,77.05803955078323,85.94009869602507,92.94016390573995,85.90962699733669,96.7750754312249,84.87291945008673,86.14271167066931,77.42904772772542,57.064076499103805,73.0832607555248,63.0234997019339,47.08293769202834,56.57086886147829,96.7750754312249,96.7750754312249,67.79379949265399,53.953920036156376,57.10910655295973,49.06339620160844,61.495957885321644,96.7750754312249,75.89630793426448,136.79740889572395,51.16843286347947,100.30572932467427,86.65389840480663
topology_dysplasia_7_clean_mieloides.csv,90.47088198191108,90.47088198191108,90.47088198191108,90.47088198191108,57.94631015211738,104.38449640491223,90.47088198191108,90.47088198191108,65.08486223440707,90.47088198191108,90.47088198191108,1.1219424216876864e-308,90.47088198191108,64.99932769614708,90.47088198191108,90.47088198191108,90.47088198191108,50.19457368372247,90.47088198191108,90.47088198191108,57.8780616525824,90.47088198191108,90.47088198191108,56.09952555512916,90.47088198191108,69.46341946489679,100.03930791945436,65.60034427380683,90.47088198191108,90.47088198191108,90.47088198191108,90.47088198191108,90.47088198191108,90.47088198191108,90.47088198191108,90.47088198191108,53.501083529227344,69.03404527872345,90.47088198191108,90.47088198191108,85.9152454691247,90.47088198191108,90.47088198191108,90.47088198191108,90.47088198191108,59.24151128105228,90.47088198191108,90.47088198191108,75.63780794123676,90.47088198191108,90.28347679743803,90.47088198191108,90.47088198191108,90.47088198191108,90.47088198191108,90.47088198191108,90.47088198191108,90.47088198191108,90.47088198191108,90.47088198191108,134.96829550283564,90.47088198191108,90.47088198191108,90.47088198191108
topology_carcinoma_8_clean_mieloides.csv,32.21522674194847,45.814272430998074,67.19777467302771,51.72808607492354,71.17907203530376,115.56862826773994,63.14197011468727,30.21601690591237,82.01288765881,36.97012606587802,49.595883155134544,90.47088198191108,1.504448525326112e-308,76.4603241054574,85.26349865040132,30.901144421645967,49.595883155134544,92.80428517403374,88.67922640522158,83.82534337886216,130.85466133469646,88.67922640522158,54.93109989563061,84.47609342726835,88.67922640522158,66.8123304716355,114.1772624726554,151.40731927131236,90.48909336551014,50.874841885664466,67.18616351839225,88.67922640522158,45.506052948274316,67.84721521252843,43.14359057099779,45.57758186263658,93.94478740014907,86.75780147297587,56.17738945431336,64.54534492968793,106.36350608773455,90.85842394287937,88.67922640522158,46.03816527285403,81.78616088718545,60.174015773187534,43.79630619052284,51.68850698918766,68.2265554162644,37.364382004281055,56.57086886147829,75.51557879363872,80.45344983232673,49.91228498212729,49.595883155134544,52.8924223152585,37.92598342587917,56.44862483457311,88.67922640522158,75.89630793426448,136.79740889572395,56.37148857780997,51.40357340213012,69.44653754129763
topology_dysplasia_2_clean_mieloides.csv,71.72115726686786,53.11318055710046,44.207594996017235,76.4603241054574,68.32332879305386,79.89685517117829,62.98738854811327,54.77584599956785,72.71690477147743,56.59421439112015,75.26306489904746,64.99932769614708,76.4603241054574,1.502050884737076e-308,76.46032410545737,60.03190869059031,71.46719740077145,88.5539505292702,76.46032410545737,56.7376841480733,109.57948466273419,76.46032410545737,62.98738854811327,74.76896879626884,76.46032410545737,45.28967015091496,102.74186203991795,130.59967196995387,39.61891345666311,65.57735252663366,64.15270033883456,74.76896879626884,39.608799573093506,76.46032410545737,68.32332879305386,53.672231604991,80.52771057470068,54.995556031782144,44.93231599210486,76.46032410545737,58.30660165822758,35.389201318961284,76.46032410545737,46.400099546019646,76.46032410545737,62.98738854811327,76.46032410545737,68.36395182850328,53.18499431044114,76.46032410545737,57.02409344965952,76.46032410545737,76.46032410545737,76.46032410545737,76.46032410545737,50.111104736073486,66.24962879811619,37.63635284939167,76.46032410545737,46.746203228498814,136.79740889572395,60.75654444484414,76.4603241054574,62.98738854811327
topology_dysplasia_18_clean_mieloides.csv,105.63338339765966,53.09419276049445,92.3428812450343,83.93042983852874,57.78808659719354,134.7949564360427,57.23825815427762,78.06331129109708,53.76425385520963,85.08467733163826,96.7750754312249,90.47088198191108,85.26349865040132,76.46032410545737,1.5111629153175987e-308,84.23126324504415,64.59406836935526,92.80428517403374,50.779136205407866,110.33897047093922,130.85466133469646,50.779136205407866,61.91748268813362,50.779136205407866,50.779136205407866,74.13203606182944,114.1772624726554,151.40731927131236,111.4100325064804,50.779136205407895,50.779136205407866,50.779136205407866,71.34252963548991,50.779136205407866,61.476842990006034,94.40576418967447,93.94478740014907,86.75780147297584,83.53322594556946,50.779136205407895,106.36350608773455,111.56997872945294,50.779136205407866,86.6120633818372,50.779136205407866,60.174015773187534,50.779136205407866,54.26485352399851,51.87958422335822,59.575314724710125,74.65796215496076,50.779136205407866,50.779136205407866,50.779136205407895,52.70433238058209,81.21082672955527,64.11258647208413,62.197478656578184,50.779136205407866,75.89630793426446,128.50012700636933,60.47709400595426,100.30572932467427,50.779136205407866
topology_carcinoma_11_clean_mieloides.csv,30.431412284753662,54.087026692107514,46.936559035032644,42.663538272127724,73.69984777637174,101.93022224288546,74.16414217904818,42.81286921226052,74.44010292315127,37.16059336056287,73.43682139651716,90.47088198191108,30.901144421645967,60.03190869059031,84.23126324504415,7.61834467916203e-309,73.43682139651716,92.80428517403374,84.23126324504415,83.82534337886216,130.85466133469646,84.23126324504415,71.03937119668348,84.23126324504415,84.23126324504415,66.8123304716355,114.1772624726554,151.40731927131236,76.85068734065567,45.573791405640975,58.75518984204197,83.94265001902693,47.54579582141446,81.4856212373829,64.37895052774743,46.39583445215911,93.94478740014907,85.7924636259769,56.187855609928505,71.39090531544181,100.69651164722262,77.2200179180249,84.23126324504415,46.03816527285403,78.38636392918664,69.67269998624275,49.307728757621135,65.32691301404213,51.87958422335822,39.32658995054567,56.57086886147829,84.23126324504415,84.23126324504415,60.03745175117132,69.08572789701748,52.8924223152585,38.00685401923471,56.44862483457311,84.23126324504415,66.72380762495254,136.79740889572395,55.342968702066344,39.474035777138084,69.32262177392775
topology_ad_carcinoma_15_clean_mieloides.csv,69.53386388479956,53.09419276049445,60.65751311148463,83.93042983852874,58.6994743779359,116.9305956413213,54.248183683077144,70.82205132880665,53.76425385520963,58.204050148561294,41.60529298382079,90.47088198191108,49.595883155134544,71.46719740077145,64.59406836935526,73.43682139651716,1.278720248345943e-308,92.80428517403374,64.59406836935526,90.11711070481607,130.85466133469646,64.59406836935526,48.07910853435163,64.59406836935526,64.59406836935526,66.8123304716355,114.1772624726554,151.40731927131236,91.85106073909151,48.00953246464897,35.75865842319942,59.668633666085015,59.17287964877406,64.59406836935526,30.310999623453796,62.75585183455445,93.94478740014907,86.75780147297584,77.05803955078323,48.816323175373384,106.36350608773455,92.22039131646073,64.59406836935526,84.87291945008673,61.1018618579067,60.174015773187534,47.76691176502845,55.683244947273465,51.87958422335822,45.002973729903744,56.57086886147829,64.59406836935526,64.59406836935526,48.550317608545924,47.81817698456288,67.02122347527214,49.06339620160844,52.947622652656236,64.59406836935526,65.054270401829,136.79740889572395,46.51822135141862,100.30572932467427,45.04860542098584
topology_dysplasia_8_clean_mieloides.csv,104.80028657787804,92.80428517403374,92.80428517403374,92.80428517403374,47.293184980854164,116.44853453609736,92.80428517403374,92.80428517403374,44.655767584671594,92.80428517403374,96.7750754312249,50.19457368372247,92.80428517403374,88.5539505292702,92.80428517403374,92.80428517403374,92.80428517403374,1.8544727987337474e-308,92.80428517403374,105.38947083016174,72.7732224456187,92.80428517403374,92.80428517403374,74.7457905890472,92.80428517403374,70.6296150345014,92.60334108336167,76.70162495473119,94.75822157920254,92.80428517403374,92.80428517403374,92.80428517403374,92.80428517403374,92.80428517403374,92.80428517403374,92.80428517403374,36.861916273645704,52.73510497124818,92.80428517403374,92.80428517403374,60.819344435143904,94.70878344777839,92.80428517403374,92.80428517403374,92.80428517403374,65.6536680602066,92.80428517403374,92.80428517403374,81.53875104629304,92.80428517403374,69.85438214770255,91.72277608810771,92.80428517403374,92.80428517403374,92.80428517403374,92.80428517403374,92.80428517403374,91.29061218087719,92.80428517403374,84.34351725157171,136.79740889572395,92.80428517403374,100.30572932467427,92.80428517403374
topology_ad_dysplasia_8_clean_mieloides.csv,105.63338339765966,62.91550615018947,95.17911179087716,87.1678743986827,57.78808659719354,134.7949564360427,57.23825815427762,78.06331129109708,53.76425385520963,85.08467733163826,96.7750754312249,90.47088198191108,88.67922640522158,76.46032410545737,50.779136205407866,84.23126324504415,64.59406836935526,92.80428517403374,0.0,110.33897047093922,130.85466133469646,33.99564517434966,66.82887818263393,43.16711719706602,26.851424260663755,74.13203606182944,114.1772624726554,151.40731927131236,111.4100325064804,53.197813844026285,38.94454435619453,49.92595744356679,74.13595815146243,40.69786274590335,61.476842990006034,100.24660813949501,93.94478740014907,86.75780147297584,83.53322594556946,63.838852977990186,106.36350608773455,111.56997872945294,44.411391150936,86.6120633818372,35.77691180413949,66.16233669690291,48.57517329782462,55.68324494727345,51.87958422335822,72.50205169214712,74.65796215496076,26.04061313708607,37.79321629617333,56.28223673223137,66.15477965642856,81.42233578946932,77.31139378580966,62.197478656578184,43.69240073054108,75.89630793426446,136.79740889572395,76.97675447957334,100.67176276622519,44.11301569428872
topology_carcinoma_15_clean_mieloides.csv,68.40178086460827,93.2559736917388,63.720614184820505,83.82534337886216,107.503143012258,67.58631752562735,105.38947083016174,70.75004826380658,105.38947083016174,68.18624340267007,102.75286662702322,90.47088198191108,83.82534337886216,56.7376841480733,110.33897047093922,83.82534337886216,90.11711070481607,105.38947083016174,110.33897047093922,1.514026024968693e-308,130.85466133469646,110.33897047093922,80.65556363136596,110.33897047093922,110.33897047093922,87.1984572251065,114.1772624726554,151.40731927131236,51.83795967212859,92.115233378552,103.28927171550222,105.21318440403402,53.81758023427352,110.33897047093922,102.32711704247089,72.36104642275123,110.33897047093922,82.8515246577702,46.61394368293065,105.38947083016174,89.87888989029659,51.83795967212859,110.33897047093922,46.929662841639214,105.38947083016174,105.38947083016174,81.54456904944328,94.72709340983397,77.48899110319564,83.82534337886216,74.7185196604332,110.33897047093922,110.33897047093922,97.35398624286802,105.38947083016174,80.60190232530204,72.93413110864566,62.519461093374105,110.33897047093922,68.0442175591329,136.79740889572395,95.87798524847608,83.82534337886216,100.85815009831236
topology_dysplasia_3_clean_mieloides.csv,130.85466133469646,130.85466133469646,130.85466133469646,130.85466133469646,79.35570856154533,96.96427860349104,130.85466133469646,130.85466133469646,101.2722639733907,130.85466133469646,130.85466133469646,57.8780616525824,130.85466133469646,109.57948466273419,130.85466133469646,130.85466133469646,130.85466133469646,72.7732224456187,130.85466133469646,130.85466133469646,9.833527119307574e-309,130.85466133469646,130.85466133469646,94.23004652165352,130.85466133469646,114.0435764314839,85.17051828196708,90.7965477626752,114.1632233030283,130.85466133469646,130.85466133469646,130.85466133469646,130.85466133469646,130.85466133469646,130.85466133469646,130.85466133469646,66.40882665245235,105.22144701770708,130.85466133469646,130.85466133469646,90.7965477626752,113.79389272565908,130.85466133469646,130.85466133469646,130.85466133469646,103.8216682476394,130.85466133469646,130.85466133469646,120.21796490782387,130.85466133469646,126.47087853642165,130.85466133469646,130.85466133469646,130.85466133469646,130.85466133469646,130.85466133469646,130.85466133469646,130.85466133469646,130.85466133469646,130.85466133469646,136.79740889572395,130.85466133469646,130.85466133469646,130.85466133469646
topology_ad_dysplasia_9_clean_mieloides.csv,105.63338339765966,56.084071432701336,95.17911179087716,83.93042983852874,57.78808659719354,134.7949564360427,57.23825815427762,78.06331129109708,53.76425385520963,85.08467733163826,96.7750754312249,90.47088198191108,88.67922640522158,76.46032410545737,50.779136205407866,84.23126324504415,64.59406836935526,92.80428517403374,33.99564517434966,110.33897047093922,130.85466133469646,1.652927717877973e-308,66.82887818263393,43.16711719706602,33.99564517434966,74.13203606182944,114.1772624726554,151.40731927131236,111.4100325064804,53.197813844026285,31.330558738055004,40.15552933031471,74.13595815146243,35.627972324014536,61.476842990006034,100.24660813949501,93.94478740014907,86.75780147297584,83.53322594556946,47.465455740622616,106.36350608773455,111.56997872945294,30.96156343724408,86.6120633818372,31.32376252831837,60.174015773187534,48.57517329782462,54.26485352399851,51.87958422335822,72.50205169214712,74.65796215496076,33.99564517434966,21.68953733062355,48.60443727431996,65.95755598662802,67.73431665114424,77.31139378580966,62.197478656578184,27.735767293406525,75.89630793426446,136.79740889572395,76.97675447957334,100.67176276622519,41.01369243383141
topology_dysplasia_14_clean_mieloides.csv,69.53386388479956,62.915506150189486,60.65751311148463,83.93042983852874,66.82887818263393,90.73346869092441,49.93002907292629,65.35256661717739,56.55585200255183,65.652462161816,49.93002907292629,90.47088198191108,54.93109989563061,62.98738854811327,61.91748268813362,71.03937119668348,48.07910853435163,92.80428517403374,66.82887818263393,80.65556363136596,130.85466133469646,66.82887818263393,1.1617124206057896e-308,64.36997391093908,66.82887818263393,45.44975666468923,114.1772624726554,151.40731927131236,69.0431557340296,49.93002907292629,45.820937973364096,51.5458824686057,51.973542476893044,66.82887818263393,49.93002907292629,64.61930833485113,93.94478740014907,62.85862741839986,69.50357225520605,63.8388529779902,77.76267543964559,68.99371760260544,66.82887818263393,84.20047644808591,66.82887818263393,66.82887818263393,49.93002907292629,54.26485352399851,51.87958422335822,49.93002907292629,34.92272919255123,66.82887818263393,66.82887818263393,57.62944917677214,52.167162133293914,75.14397467275145,53.34634683512391,52.947622652656236,66.82887818263393,57.329049753639595,136.79740889572395,53.20624079800672,96.77353735662712,44.11301569428872
topology_ad_carcinoma_11_clean_mieloides.csv,105.63338339765966,62.91550615018947,94.79537246783977,83.93042983852874,29.832671184297567,99.83233275933037,37.59617442681332,78.06331129109708,41.321495536070586,85.08467733163826,96.7750754312249,56.09952555512916,84.47609342726835,74.76896879626884,50.779136205407866,84.23126324504415,64.59406836935526,74.7457905890472,43.16711719706602,110.33897047093922,94.23004652165352,43.16711719706602,64.36997391093908,1.8055693867021355e-308,43.16711719706602,74.13203606182944,102.49950691382844,115.25023382887323,78.14201980243556,51.192950055719336,37.59617442681332,49.92595744356679,73.79502085829537,43.16711719706602,61.476842990006034,96.85825541247993,65.17827243362001,65.8418508837554,83.53322594556946,63.838852977990186,80.74589890500113,85.90962699733669,44.411391150936,86.6120633818372,43.16711719706602,66.16233669690291,47.76691176502845,55.68324494727345,51.87958422335822,58.78790950157716,74.65796215496076,38.711134364426954,40.78893034192453,46.60746706440507,52.167162133293914,74.19107183082298,63.32518124895117,62.197478656578184,43.69240073054108,51.38949195419994,136.79740889572395,62.92958522875972,100.30572932467427,37.59617442681332
topology_ad_dysplasia_5_clean_mieloides.csv,105.63338339765966,62.91550615018947,95.17911179087716,87.1678743986827,57.78808659719354,134.7949564360427,57.23825815427762,78.06331129109708,53.76425385520963,85.08467733163826,96.7750754312249,90.47088198191108,88.67922640522158,76.46032410545737,50.779136205407866,84.23126324504415,64.59406836935526,92.80428517403374,26.851424260663755,110.33897047093922,130.85466133469646,33.99564517434966,66.82887818263393,43.16711719706602,1.497451822462157e-308,74.13203606182944,114.1772624726554,151.40731927131236,111.4100325064804,53.197813844026285,38.94454435619453,29.633623019122012,74.13595815146243,40.69786274590335,61.476842990006034,100.24660813949501,93.94478740014907,86.75780147297584,83.53322594556946,63.838852977990186,106.36350608773455,111.56997872945294,30.983048654368503,86.6120633818372,26.34135781239989,66.16233669690291,48.57517329782462,52.30774868614711,51.87958422335822,72.50205169214712,74.65796215496076,26.851424260663755,37.79321629617333,56.28223673223137,66.15477965642856,81.42233578946932,77.31139378580966,62.197478656578184,40.79692817454642,75.89630793426446,136.79740889572395,76.97675447957334,100.67176276622519,44.11301569428872
topology_dysplasia_5_clean_mieloides.csv,66.8123304716355,66.8123304716355,66.55106000523173,66.96058512565213,63.44464536518191,102.41862255819521,63.90893976785836,66.8123304716355,64.49685096791168,66.8123304716355,66.8123304716355,69.46341946489679,66.8123304716355,45.28967015091496,74.13203606182944,66.8123304716355,66.8123304716355,70.6296150345014,74.13203606182944,87.1984572251065,114.0435764314839,74.13203606182944,45.44975666468923,74.13203606182944,74.13203606182944,9.95538567687579e-309,100.03930791945436,135.06376373870359,80.7283096013004,66.8123304716355,48.81193788680238,73.99939806378734,66.8123304716355,71.23041882619307,64.23119685236406,61.16022921172697,77.86234399035646,46.89592306851887,66.8123304716355,66.8123304716355,46.78943245724176,80.67887146987624,74.13203606182944,64.79144595082113,68.13116151799682,59.41749757505292,66.8123304716355,66.8123304716355,39.75447529525479,66.8123304716355,44.64589572352088,74.13203606182944,74.13203606182944,66.8123304716355,66.8123304716355,61.32003763610561,66.8123304716355,44.64589572352088,74.13203606182944,52.824990026239504,136.79740889572395,66.8123304716355,70.8820549297809,61.93309484935651
topology_dysplasia_4_clean_mieloides.csv,114.1772624726554,114.1772624726554,114.1772624726554,114.1772624726554,102.49950691382844,102.49950691382844,114.1772624726554,114.1772624726554,102.49950691382844,114.1772624726554,114.1772624726554,100.03930791945436,114.1772624726554,102.74186203991795,114.1772624726554,114.1772624726554,114.1772624726554,92.60334108336167,114.1772624726554,114.1772624726554,85.17051828196708,114.1772624726554,114.1772624726554,102.49950691382844,114.1772624726554,100.03930791945436,1.0746466399509835e-308,102.49950691382844,102.49950691382844,114.1772624726554,114.1772624726554,114.1772624726554,114.1772624726554,114.1772624726554,114.1772624726554,114.1772624726554,100.03930791945436,102.49950691382844,114.1772624726554,114.1772624726554,102.49950691382844,102.49950691382844,114.1772624726554,114.1772624726554,114.1772624726554,101.83870070375343,114.1772624726554,114.1772624726554,111.63807233374632,114.1772624726554,102.49950691382844,114.1772624726554,114.1772624726554,114.1772624726554,114.1772624726554,114.1772624726554,114.1772624726554,107.87664521949546,114.1772624726554,112.22988528879503,118.67044813197515,114.1772624726554,114.1772624726554,114.1772624726554
topology_dysplasia_13_clean_mieloides.csv,151.40731927131236,151.40731927131236,151.40731927131236,151.40731927131236,99.44083712755742,109.1688169668106,151.40731927131236,151.40731927131236,121.35739253940278,151.40731927131236,151.40731927131236,65.60034427380683,151.40731927131236,130.59967196995387,151.40731927131236,151.40731927131236,151.40731927131236,76.70162495473119,151.40731927131236,151.40731927131236,90.7965477626752,151.40731927131236,151.40731927131236,115.25023382887323,151.40731927131236,135.06376373870359,102.49950691382844,1.6233736428106393e-308,134.2483518690404,151.40731927131236,151.40731927131236,151.40731927131236,151.40731927131236,151.40731927131236,151.40731927131236,151.40731927131236,64.85310234707333,125.30657558371917,151.40731927131236,151.40731927131236,110.40252756247344,133.87902129167117,151.40731927131236,151.40731927131236,151.40731927131236,124.84185555485911,151.40731927131236,151.40731927131236,141.23815221504356,151.40731927131236,146.55600710243374,151.40731927131236,151.40731927131236,151.40731927131236,151.40731927131236,151.40731927131236,151.40731927131236,151.40731927131236,151.40731927131236,151.40731927131236,136.79740889572395,151.40731927131236,151.40731927131236,151.40731927131236
topology_dysplasia_11_clean_mieloides.csv,58.27386662356167,87.57395790876109,52.983621255469075,107.97678277099845,82.66378826980969,52.60604779974983,63.33436077952362,86.03064897994904,95.49105403387057,73.806285290419,70.65176575011648,90.47088198191108,90.48909336551014,39.61891345666311,111.4100325064804,76.85068734065567,91.85106073909151,94.75822157920254,111.4100325064804,51.83795967212859,114.1632233030283,111.4100325064804,69.0431557340296,78.14201980243556,111.4100325064804,80.7283096013004,102.49950691382844,134.2483518690404,2.0605012488586206e-308,93.34379473705042,99.59133978922,102.10331777347301,74.06957692475413,111.4100325064804,101.75026962494348,44.911511502873566,93.9447874001491,56.07835147607841,79.39309334376549,111.4100325064804,51.76565880972856,36.29553003373155,111.4100325064804,73.25854041921053,111.4100325064804,94.36509232068835,111.4100325064804,102.8247291801639,88.62363376082658,111.4100325064804,83.06261714217635,111.4100325064804,111.4100325064804,111.4100325064804,111.4100325064804,69.78713210449502,100.71040614977682,73.07499229977711,111.4100325064804,51.38949195419994,136.79740889572395,57.52254863899668,70.43592134133905,70.40018931774591
topology_ad_carcinoma_13_clean_mieloides.csv,69.80121099377803,44.78993693803167,59.45368291122912,82.5731091432609,57.78808659719354,118.42332963928021,41.029297250880745,56.1512307522307,53.76425385520963,50.93507361998661,62.90506803651985,90.47088198191108,50.874841885664466,65.57735252663366,50.779136205407895,45.573791405640975,48.00953246464897,92.80428517403374,53.197813844026285,92.115233378552,130.85466133469646,53.197813844026285,49.93002907292629,51.192950055719336,53.197813844026285,66.8123304716355,114.1772624726554,151.40731927131236,93.34379473705042,1.3170240899268227e-308,31.735833151368524,48.00953246464897,50.74398243334463,53.197813844026285,48.00953246464897,58.76121745685745,93.94478740014907,86.75780147297584,69.24912869430676,46.22507927222,106.36350608773455,93.71312531441964,53.197813844026285,71.54435301421441,53.197813844026285,60.174015773187534,40.642647891153985,41.61351915237897,51.87958422335822,30.63427087931899,56.57086886147829,53.197813844026285,53.197813844026285,43.54434435477657,53.197813844026285,56.813118944668304,49.06339620160844,56.44862483457311,53.197813844026285,66.54700439978791,136.79740889572395,40.101014823579334,72.52334598535492,41.01369243383141
topology_ad_carcinoma_9_clean_mieloides.csv,82.98260943017902,47.924022375981565,73.19521676152664,68.35437738167454,57.78808659719354,121.28165274611482,43.562288570984094,59.69295029027782,53.76425385520963,57.41761596499353,76.08646647292085,90.47088198191108,67.18616351839225,64.15270033883456,50.779136205407866,58.75518984204197,35.75865842319942,92.80428517403374,38.94454435619453,103.28927171550222,130.85466133469646,31.330558738055004,45.820937973364096,37.59617442681332,38.94454435619453,48.81193788680238,114.1772624726554,151.40731927131236,99.59133978922,31.735833151368524,9.225505668628304e-309,38.94454435619454,54.48044113033998,30.73919805014154,38.14593161625356,80.16811638554537,93.94478740014907,61.61172842587726,69.24912869430676,52.53049689183297,85.91908963414895,99.54190165779585,38.94454435619454,71.9162950934444,38.94454435619453,50.916087307949354,40.64823802695821,34.97029914751991,51.87958422335822,41.49797959270106,45.82051746339587,35.55332654648012,34.032021628616306,34.95645011443142,43.76761460933244,57.884324831387744,46.035251340075064,52.450068428777314,36.602287797433235,65.55154826097387,136.79740889572395,67.55707924942226,84.48935600198561,32.22832675908393
topology_ad_carcinoma_4_clean_mieloides.csv,105.63338339765966,58.330816181472926,81.97128102550639,87.1678743986827,57.78808659719354,127.1828526757028,49.92595744356679,78.06331129109708,53.76425385520963,82.60507614197849,96.7750754312249,90.47088198191108,88.67922640522158,74.76896879626884,50.779136205407866,83.94265001902693,59.668633666085015,92.80428517403374,49.92595744356679,105.21318440403402,130.85466133469646,40.15552933031471,51.5458824686057,49.92595744356679,29.633623019122012,73.99939806378734,114.1772624726554,151.40731927131236,102.10331777347301,48.00953246464897,38.94454435619454,1.845482710112637e-308,60.97092941596199,40.697862745903365,61.476842990006034,84.03416397014655,93.94478740014907,86.75780147297584,83.53322594556946,51.75005987906917,106.36350608773455,102.47264835084223,29.633623019122012,86.6120633818372,29.633623019122012,60.174015773187534,48.57517329782462,52.30774868614711,51.87958422335822,72.50205169214712,71.00797764038083,49.92595744356679,49.92595744356679,56.28223673223137,66.15477965642856,81.42233578946932,77.31139378580966,62.197478656578184,36.38659016938432,75.3065274362105,136.79740889572395,50.10549378642634,100.67176276622519,48.38148423369978
topology_carcinoma_10_clean_mieloides.csv,47.19914019120199,39.97900293883714,43.07009725241039,59.22148593520251,74.13595815146243,99.14911182698393,55.55047943295412,40.59214226551666,61.744964992852545,30.98520810308662,59.43108245488804,90.47088198191108,45.506052948274316,39.608799573093506,71.34252963548991,47.54579582141446,59.17287964877406,92.80428517403374,74.13595815146243,53.81758023427352,130.85466133469646,74.13595815146243,51.973542476893044,73.79502085829537,74.13595815146243,66.8123304716355,114.1772624726554,151.40731927131236,74.06957692475413,50.74398243334463,54.48044113033998,60.97092941596199,1.4563866342641894e-308,74.13595815146243,54.48044113033998,29.158065421880565,93.94478740014907,83.01135321007536,35.53858235627689,54.48044113033998,97.91540123132108,74.43890750212336,74.13595815146243,36.13282585446737,73.54206863633698,72.45381040214428,38.548544995851955,53.34325359086512,51.87958422335822,54.48044113033998,56.57086886147829,74.13595815146243,74.13595815146243,62.818562167072855,58.46771979113623,46.726346119008724,41.91194628866094,56.44862483457311,74.13595815146243,51.61386934079661,136.79740889572395,44.7249605961851,52.915964211971314,49.955171196652316
topology_ad_carcinoma_7_clean_mieloides.csv,100.0624419544769,51.826114614937694,95.17911179087716,52.72027834229627,57.78808659719354,134.7949564360427,57.23825815427762,72.30565959808953,53.76425385520963,84.53002328761957,89.24196897886557,90.47088198191108,67.84721521252843,76.46032410545737,50.779136205407866,81.4856212373829,64.59406836935526,92.80428517403374,40.69786274590335,110.33897047093922,130.85466133469646,35.627972324014536,66.82887818263393,43.16711719706602,40.69786274590335,71.23041882619307,114.1772624726554,151.40731927131236,111.4100325064804,53.197813844026285,30.73919805014154,40.697862745903365,74.13595815146243,8.15463553044484e-309,56.586038953095084,100.24660813949501,93.94478740014907,86.75780147297584,75.27809760644843,34.43819339010233,106.36350608773455,111.56997872945294,40.697862745903365,75.1117091932654,40.69786274590335,60.174015773187534,40.64823802695821,37.18268736913507,51.87958422335822,42.159031286837234,74.65796215496076,40.654838584184205,40.46677361832867,28.62222991216379,35.288048942709196,67.73431665114424,47.113559583166705,61.495957885321644,35.627972324014536,75.89630793426446,136.79740889572395,76.97675447957334,87.90038723669952,41.01369243383141
topology_ad_carcinoma_5_clean_mieloides.csv,67.83138383339659,51.826114614937694,77.69427490581575,69.0823760556064,57.78808659719357,126.82980452717328,57.23825815427762,56.94089234565769,53.83084469736286,50.42430575727451,37.940534856667284,90.47088198191108,43.14359057099779,68.32332879305386,61.476842990006034,64.37895052774743,30.310999623453796,92.80428517403374,61.476842990006034,102.32711704247089,130.85466133469646,61.476842990006034,49.93002907292629,61.476842990006034,61.476842990006034,64.23119685236406,114.1772624726554,151.40731927131236,101.75026962494348,48.00953246464897,38.14593161625356,61.476842990006034,54.48044113033998,56.586038953095084,1.45631428707025e-308,58.303219356193665,93.94478740014907,86.71326810133414,69.24912869430676,50.781647089653404,106.36350608773455,102.11960020231271,61.476842990006034,75.78880217656621,53.48678164489883,54.57395310577783,40.64823802695821,45.273221510844934,51.87958422335822,36.47742507054002,54.27530110418763,61.476842990006034,61.476842990006034,38.65110872269395,35.174016989504,65.73377270986873,47.6901360502616,56.44862483457311,61.476842990006034,74.95347928768098,136.79740889572395,44.2277209859468,88.36186308510742,48.71336354813934
topology_carcinoma_16_clean_mieloides.csv,26.04987096270122,54.17854064322714,46.225291591670384,63.06527126812489,100.24660813949501,75.71869278921878,78.61371398713868,41.11913747707547,90.90303041473311,30.726385178817935,58.76121745685745,90.47088198191108,45.57758186263658,53.672231604991,94.40576418967447,46.39583445215911,62.75585183455445,92.80428517403374,100.24660813949501,72.36104642275123,130.85466133469646,100.24660813949501,64.61930833485113,96.85825541247993,100.24660813949501,61.16022921172697,114.1772624726554,151.40731927131236,44.911511502873566,58.76121745685745,80.16811638554537,84.03416397014655,29.158065421880565,100.24660813949501,58.303219356193665,1.558719919928149e-308,96.61744160004673,78.66870675512635,41.21902902089704,78.99539473656944,68.75733580944052,45.28084208024279,100.24660813949501,40.33868081559842,100.24660813949501,100.24660813949501,67.70661041773252,76.40648814504968,55.500301125768885,71.26576578832777,50.63320173958897,100.24660813949501,100.24660813949501,91.97662758895342,78.1367481324558,49.84166863841949,66.72849404095376,51.28518591261411,100.24660813949501,61.336218619389115,136.79740889572395,46.39583445215911,46.39583445215911,69.41413572504737
topology_dysplasia_19_clean_mieloides.csv,105.63338339765966,93.94478740014907,94.55455865540657,93.94478740014907,38.64893555508809,115.45213522145724,93.94478740014907,93.94478740014907,56.50429019232945,93.94478740014907,96.7750754312249,53.501083529227344,93.94478740014907,80.52771057470068,93.94478740014907,93.94478740014907,93.94478740014907,36.861916273645704,93.94478740014907,110.33897047093922,66.40882665245235,93.94478740014907,93.94478740014907,65.17827243362001,93.94478740014907,77.86234399035646,100.03930791945436,64.85310234707333,93.9447874001491,93.94478740014907,93.94478740014907,93.94478740014907,93.94478740014907,93.94478740014907,93.94478740014907,96.61744160004673,1.692319273347369e-308,60.453473236645834,93.94478740014907,93.94478740014907,70.3868625905711,93.9447874001491,93.94478740014907,93.94478740014907,93.94478740014907,74.76989415960588,93.94478740014907,93.94478740014907,91.16619081979036,93.94478740014907,81.70290475536041,93.94478740014907,93.94478740014907,93.94478740014907,93.94478740014907,93.94478740014907,93.94478740014907,89.62584653970004,93.94478740014907,93.90065636908906,136.79740889572395,93.94478740014907,100.30572932467427,93.94478740014907
topology_dysplasia_10_clean_mieloides.csv,86.75780147297587,86.75780147297584,62.19604189058191,86.75780147297587,59.34143475700188,77.76866443297322,61.256273771490896,86.75780147297584,69.93627827984884,82.74806157574022,86.75780147297587,69.03404527872345,86.75780147297587,54.995556031782144,86.75780147297584,85.7924636259769,86.75780147297584,52.73510497124818,86.75780147297584,82.8515246577702,105.22144701770708,86.75780147297584,62.85862741839986,65.8418508837554,86.75780147297584,46.89592306851887,102.49950691382844,125.30657558371917,56.07835147607841,86.75780147297584,61.61172842587726,86.75780147297584,83.01135321007536,86.75780147297584,86.71326810133414,78.66870675512635,60.453473236645834,1.2373875866986375e-308,86.75780147297584,86.75780147297584,59.34143475700188,58.19680022090617,86.75780147297584,82.20031670453176,86.75780147297584,59.34143475700188,86.75780147297584,86.75780147297584,51.87958422335822,86.75780147297584,48.56163092445138,70.14159820648666,86.75780147297584,86.75780147297584,86.75780147297584,78.72890838981624,86.75780147297584,45.78959932935874,86.75780147297584,48.16121519090726,136.79740889572395,66.4643249243179,86.75780147297587,79.34196560306714
topology_dysplasia_1_clean_mieloides.csv,32.53931416698663,56.17738945431336,41.16484816277125,56.636147800841286,77.05803955078323,104.47262824599528,69.24912869430676,56.636147800841286,82.32388150731683,42.83808336732886,77.05803955078323,90.47088198191108,56.17738945431336,44.93231599210486,83.53322594556946,56.187855609928505,77.05803955078323,92.80428517403374,83.53322594556946,46.61394368293065,130.85466133469646,83.53322594556946,69.50357225520605,83.53322594556946,83.53322594556946,66.8123304716355,114.1772624726554,151.40731927131236,79.39309334376549,69.24912869430676,69.24912869430676,83.53322594556946,35.53858235627689,75.27809760644843,69.24912869430676,41.21902902089704,93.94478740014907,86.75780147297584,1.9344973505939246e-308,69.62986736516007,103.23891765033244,79.76242392113471,83.53322594556946,39.99979623593538,77.05803955078323,67.37450257170738,44.62406376833292,71.35519437374373,56.17738945431336,69.24912869430676,57.90938617345961,79.87413163537826,83.53322594556946,56.636147800841286,77.05803955078323,55.59580950223389,37.6353884412338,42.545270299727974,83.53322594556946,57.515876927394544,136.79740889572395,65.8724575546596,51.62855386260853,73.80509038303717
topology_ad_dysplasia_1_clean_mieloides.csv,95.61832490357887,36.332948330681916,77.69427490581575,54.46735705269799,63.838852977990186,134.7949564360427,57.23825815427762,68.23496304684107,63.838852977990186,70.05333143839337,85.94009869602507,90.47088198191108,64.54534492968793,76.46032410545737,50.779136205407895,71.39090531544181,48.816323175373384,92.80428517403374,63.838852977990186,105.38947083016174,130.85466133469646,47.465455740622616,63.8388529779902,63.838852977990186,63.838852977990186,66.8123304716355,114.1772624726554,151.40731927131236,111.4100325064804,46.22507927222,52.53049689183297,51.75005987906917,54.48044113033998,34.43819339010233,50.781647089653404,78.99539473656944,93.94478740014907,86.75780147297584,69.62986736516007,1.4857749900066793e-308,106.36350608773455,111.56997872945294,44.29814902757491,69.78424597672608,55.089152852536785,60.174015773187534,39.425741382218405,29.161707465364117,51.87958422335822,44.13620654002045,58.456232936795715,63.838852977990186,49.21327204707694,27.366717951159586,38.3126448127114,52.8924223152585,49.21761897997152,56.44862483457311,38.49003091066754,75.89630793426446,136.79740889572395,66.38435760044632,84.59851695385902,41.01369243383141
topology_carcinoma_7_clean_mieloides.csv,82.11969093012863,106.36350608773455,77.69427490581575,106.36350608773455,57.78808659719357,91.01834255137663,76.16032179273662,106.36350608773455,94.24363948812052,97.65210959698595,92.94016390573995,85.9152454691247,106.36350608773455,58.30660165822758,106.36350608773455,100.69651164722262,106.36350608773455,60.819344435143904,106.36350608773455,89.87888989029659,90.7965477626752,106.36350608773455,77.76267543964559,80.74589890500113,106.36350608773455,46.78943245724176,102.49950691382844,110.40252756247344,51.76565880972856,106.36350608773455,85.91908963414895,106.36350608773455,97.91540123132108,106.36350608773455,106.36350608773455,68.75733580944052,70.3868625905711,59.34143475700188,103.23891765033244,106.36350608773455,1.3242460705984964e-308,56.51647197450683,106.36350608773455,97.10436472577749,106.36350608773455,60.42621517662971,106.36350608773455,106.36350608773455,62.46084924795417,106.36350608773455,56.74532820541819,85.04564622773239,106.36350608773455,106.36350608773455,106.36350608773455,93.63295641106197,106.36350608773455,60.693647350604465,106.36350608773455,65.55154826097387,136.79740889572395,81.36837294556364,94.281745647906,94.24601362431287
topology_ad_carcinoma_3_clean_mieloides.csv,58.6431972009309,87.94328848613031,53.3529518328383,108.34611334836768,82.61435013838553,79.89685517117829,74.53113233277978,86.39997955731826,95.44161590244642,74.17561586778822,85.90962699733669,90.47088198191108,90.85842394287937,35.389201318961284,111.56997872945294,77.2200179180249,92.22039131646073,94.70878344777839,111.56997872945294,51.83795967212859,113.79389272565908,111.56997872945294,68.99371760260544,85.90962699733669,111.56997872945294,80.67887146987624,102.49950691382844,133.87902129167117,36.29553003373155,93.71312531441964,99.54190165779585,102.47264835084223,74.43890750212336,111.56997872945294,102.11960020231271,45.28084208024279,93.9447874001491,58.19680022090617,79.76242392113471,111.56997872945294,56.51647197450683,1.6119273460711117e-308,111.56997872945294,73.62787099657976,111.56997872945294,94.3156541892642,111.56997872945294,103.19405975753313,88.57419562940242,111.56997872945294,83.43194771954558,111.56997872945294,111.56997872945294,111.56997872945294,111.56997872945294,70.15646268186424,101.07973672714604,73.02555416835295,111.56997872945294,52.62183569408248,136.79740889572395,72.80176554877727,70.80525191870828,72.31235912478124
topology_ad_dysplasia_4_clean_mieloides.csv,105.63338339765966,58.330816181472926,95.17911179087716,87.1678743986827,57.78808659719354,134.7949564360427,57.23825815427762,78.06331129109708,53.76425385520963,85.08467733163826,96.7750754312249,90.47088198191108,88.67922640522158,76.46032410545737,50.779136205407866,84.23126324504415,64.59406836935526,92.80428517403374,44.411391150936,110.33897047093922,130.85466133469646,30.96156343724408,66.82887818263393,44.411391150936,30.983048654368503,74.13203606182944,114.1772624726554,151.40731927131236,111.4100325064804,53.197813844026285,38.94454435619454,29.633623019122012,74.13595815146243,40.697862745903365,61.476842990006034,100.24660813949501,93.94478740014907,86.75780147297584,83.53322594556946,44.29814902757491,106.36350608773455,111.56997872945294,1.4089190956919625e-308,86.6120633818372,27.874927128122877,60.174015773187534,48.57517329782462,52.369802720828915,51.87958422335822,72.50205169214712,74.65796215496076,44.411391150936,38.78087744644091,56.28223673223137,66.15477965642856,80.82759628229627,77.31139378580966,62.197478656578184,27.735767293406525,75.89630793426446,136.79740889572395,76.97675447957334,100.67176276622519,44.11301569428872
topology_carcinoma_4_clean_mieloides.csv,32.923394199317954,51.80663495747629,46.225291591670384,46.03816527285403,80.04517400969061,98.33807532144033,71.54435301421441,33.75023161355017,86.6120633818372,42.83223001859136,84.87291945008673,90.47088198191108,46.03816527285403,46.400099546019646,86.6120633818372,46.03816527285403,84.87291945008673,92.80428517403374,86.6120633818372,46.929662841639214,130.85466133469646,86.6120633818372,84.20047644808591,86.6120633818372,86.6120633818372,64.79144595082113,114.1772624726554,151.40731927131236,73.25854041921053,71.54435301421441,71.9162950934444,86.6120633818372,36.13282585446737,75.1117091932654,75.78880217656621,40.33868081559842,93.94478740014907,82.20031670453176,39.99979623593538,69.78424597672608,97.10436472577749,73.62787099657976,86.6120633818372,2.1764422093878747e-308,84.87291945008673,64.3280353095519,44.45767535514989,71.1888059605607,59.952572341367585,65.68107254766667,54.264418478683126,84.87291945008673,85.69235087936488,51.637946773355,79.44882833642771,50.83235487248885,45.19579614252834,45.459998426484105,86.6120633818372,62.79320359463142,136.79740889572395,65.70606914147658,46.03816527285403,82.48372702533018
topology_ad_carcinoma_1_clean_mieloides.csv,96.96318464628064,58.330816181472926,94.62802430562203,87.1678743986827,57.78808659719354,134.7949564360427,57.23825815427762,70.82205132880665,53.76425385520963,81.43076597942331,86.14271167066931,90.47088198191108,81.78616088718545,76.46032410545737,50.779136205407866,78.38636392918664,61.1018618579067,92.80428517403374,35.77691180413949,105.38947083016174,130.85466133469646,31.32376252831837,66.82887818263393,43.16711719706602,26.34135781239989,68.13116151799682,114.1772624726554,151.40731927131236,111.4100325064804,53.197813844026285,38.94454435619453,29.633623019122012,73.54206863633698,40.69786274590335,53.48678164489883,100.24660813949501,93.94478740014907,86.75780147297584,77.05803955078323,55.089152852536785,106.36350608773455,111.56997872945294,27.874927128122877,84.87291945008673,1.675160612823762e-308,63.37753316579824,47.76691176502845,52.30774868614711,51.87958422335822,72.50205169214712,70.21354168646232,35.77691180413949,37.79321629617333,56.28223673223137,66.15477965642856,81.42233578946932,77.31139378580966,57.58924067607211,22.090003498929605,75.89630793426446,136.79740889572395,76.97675447957334,100.30572932467427,44.11301569428872
topology_ad_dysplasia_7_clean_mieloides.csv,88.24952070333674,60.174015773187534,93.53976607142934,60.174015773187534,66.16233669690291,116.05540527758316,44.4138453932282,60.49273834694938,66.16233669690291,72.71710203647942,77.42904772772542,59.24151128105228,60.174015773187534,62.98738854811327,60.174015773187534,69.67269998624275,60.174015773187534,65.6536680602066,66.16233669690291,105.38947083016174,103.8216682476394,60.174015773187534,66.82887818263393,66.16233669690291,66.16233669690291,59.41749757505292,101.83870070375343,124.84185555485911,94.36509232068835,60.174015773187534,50.916087307949354,60.174015773187534,72.45381040214428,60.174015773187534,54.57395310577783,100.24660813949501,74.76989415960588,59.34143475700188,67.37450257170738,60.174015773187534,60.42621517662971,94.3156541892642,60.174015773187534,64.3280353095519,63.37753316579824,2.1872663398634867e-308,60.174015773187534,60.174015773187534,47.790703155373535,60.174015773187534,63.460770184722065,66.16233669690291,60.174015773187534,60.174015773187534,60.174015773187534,67.73431665114424,60.174015773187534,56.860287135959354,50.676091742216215,65.55154826097387,136.79740889572395,76.97675447957334,76.08746598555936,60.174015773187534
topology_ad_carcinoma_10_clean_mieloides.csv,67.88454947471513,34.96720658214764,60.657356900087905,50.876785416681656,57.78808659719354,134.7949564360427,57.23825815427762,40.12776711832777,53.76425385520963,48.76754139443051,57.064076499103805,90.47088198191108,43.79630619052284,76.46032410545737,50.779136205407866,49.307728757621135,47.76691176502845,92.80428517403374,48.57517329782462,81.54456904944328,130.85466133469646,48.57517329782462,49.93002907292629,47.76691176502845,48.57517329782462,66.8123304716355,114.1772624726554,151.40731927131236,111.4100325064804,40.642647891153985,40.64823802695821,48.57517329782462,38.548544995851955,40.64823802695821,40.64823802695821,67.70661041773252,93.94478740014907,86.75780147297584,44.62406376833292,39.425741382218405,106.36350608773455,111.56997872945294,48.57517329782462,44.45767535514989,47.76691176502845,60.174015773187534,1.7585870064001666e-308,43.39709691101433,51.87958422335822,40.64823802695821,56.57086886147829,47.194920340488665,47.76691176502845,36.91546968430802,40.696516370424405,55.80969418419053,34.82704696376442,56.44862483457311,48.57517329782462,75.89630793426446,136.79740889572395,55.095573281609404,55.72249475693775,45.7016475715175
topology_ad_carcinoma_8_clean_mieloides.csv,83.90373373113613,38.441454055515266,77.69427490581575,58.20866718547677,57.78808659719354,127.9042640823937,55.683244947273465,63.034223567819225,55.68324494727345,68.3713150642788,73.0832607555248,90.47088198191108,51.68850698918766,68.36395182850328,54.26485352399851,65.32691301404213,55.683244947273465,92.80428517403374,55.68324494727345,94.72709340983397,130.85466133469646,54.26485352399851,54.26485352399851,55.68324494727345,52.30774868614711,66.8123304716355,114.1772624726554,151.40731927131236,102.8247291801639,41.61351915237897,34.97029914751991,52.30774868614711,53.34325359086512,37.18268736913507,45.273221510844934,76.40648814504968,93.94478740014907,86.75780147297584,71.35519437374373,29.161707465364117,106.36350608773455,103.19405975753313,52.369802720828915,71.1888059605607,52.30774868614711,60.174015773187534,43.39709691101433,1.2065279233691216e-308,52.72787342605338,44.86825077793708,59.11498321252145,55.68324494727345,55.68324494727345,33.08675522832502,33.08675522832502,52.8924223152585,45.14992686568462,56.44862483457311,52.099944326637825,75.89630793426446,136.79740889572395,45.30218054116722,83.67755431692879,55.68324494727345
topology_dysplasia_6_clean_mieloides.csv,69.91964265919208,51.87958422335822,56.89929650498769,68.07765697553921,53.44052399436339,110.3139467177214,51.87958422335822,51.87958422335822,51.87958422335822,51.87958422335822,63.0234997019339,75.63780794123676,68.2265554162644,53.18499431044114,51.87958422335822,51.87958422335822,51.87958422335822,81.53875104629304,51.87958422335822,77.48899110319564,120.21796490782387,51.87958422335822,51.87958422335822,51.87958422335822,51.87958422335822,39.75447529525479,111.63807233374632,141.23815221504356,88.62363376082658,51.87958422335822,51.87958422335822,51.87958422335822,51.87958422335822,51.87958422335822,51.87958422335822,55.500301125768885,91.16619081979036,51.87958422335822,56.17738945431336,51.87958422335822,62.46084924795417,88.57419562940242,51.87958422335822,59.952572341367585,51.87958422335822,47.790703155373535,51.87958422335822,52.72787342605338,1.1147073989873615e-308,59.87716245533633,51.87958422335822,51.87958422335822,51.87958422335822,51.87958422335822,53.006180111208295,63.29504107651948,64.41443420271034,51.87958422335822,51.87958422335822,51.87958422335822,136.79740889572395,51.87958422335822,82.96597110823299,51.87958422335822
topology_ad_dysplasia_6_clean_mieloides.csv,57.90341066763966,42.62877180187593,70.72380001110872,61.45645778932558,57.78808659719357,134.7949564360427,57.23825815427762,56.1512307522307,56.32470373311881,49.975347927535694,47.08293769202834,90.47088198191108,37.364382004281055,76.46032410545737,59.575314724710125,39.32658995054567,45.002973729903744,92.80428517403374,72.50205169214712,83.82534337886216,130.85466133469646,72.50205169214712,49.93002907292629,58.78790950157716,72.50205169214712,66.8123304716355,114.1772624726554,151.40731927131236,111.4100325064804,30.63427087931899,41.49797959270106,72.50205169214712,54.48044113033998,42.159031286837234,36.47742507054002,71.26576578832777,93.94478740014907,86.75780147297584,69.24912869430676,44.13620654002045,106.36350608773455,111.56997872945294,72.50205169214712,65.68107254766667,72.50205169214712,60.174015773187534,40.64823802695821,44.86825077793708,59.87716245533633,1.7053590729644805e-308,56.57086886147829,67.47909076542638,54.765265906635534,30.97547531087463,45.002973729903744,56.813118944668304,43.411516971225694,56.44862483457311,72.50205169214712,75.89630793426446,136.79740889572395,58.65472865220465,61.59466447460446,43.75835361560644
topology_ad_carcinoma_14_clean_mieloides.csv,56.57086886147829,56.57086886147829,63.52211136224173,62.64500496718651,67.48791797485106,108.14215204440615,65.58752765737296,56.57086886147829,61.505430544505174,56.57086886147829,56.57086886147829,90.28347679743803,56.57086886147829,57.02409344965952,74.65796215496076,56.57086886147829,56.57086886147829,69.85438214770255,74.65796215496076,74.7185196604332,126.47087853642165,74.65796215496076,34.92272919255123,74.65796215496076,74.65796215496076,44.64589572352088,102.49950691382844,146.55600710243374,83.06261714217635,56.57086886147829,45.82051746339587,71.00797764038083,56.57086886147829,74.65796215496076,54.27530110418763,50.63320173958897,81.70290475536041,48.56163092445138,57.90938617345961,58.456232936795715,56.74532820541819,83.43194771954558,74.65796215496076,54.264418478683126,70.21354168646232,63.460770184722065,56.57086886147829,59.11498321252145,51.87958422335822,56.57086886147829,1.848315326475955e-308,74.65796215496076,74.65796215496076,56.57086886147829,56.57086886147829,55.68187950097632,56.57086886147829,35.42292586009981,74.65796215496076,50.94308046637849,136.79740889572395,56.57086886147829,69.57486798201029,56.38794939528165
topology_ad_carcinoma_12_clean_mieloides.csv,105.63338339765966,62.91550615018947,95.17911179087716,85.25180065938406,57.78808659719354,134.7949564360427,57.23825815427762,78.06331129109708,47.067008503436114,85.08467733163826,96.7750754312249,90.47088198191108,75.51557879363872,76.46032410545737,50.779136205407866,84.23126324504415,64.59406836935526,91.72277608810771,26.04061313708607,110.33897047093922,130.85466133469646,33.99564517434966,66.82887818263393,38.711134364426954,26.851424260663755,74.13203606182944,114.1772624726554,151.40731927131236,111.4100325064804,53.197813844026285,35.55332654648012,49.92595744356679,74.13595815146243,40.654838584184205,61.476842990006034,100.24660813949501,93.94478740014907,70.14159820648666,79.87413163537826,63.838852977990186,85.04564622773239,111.56997872945294,44.411391150936,84.87291945008673,35.77691180413949,66.16233669690291,47.194920340488665,55.68324494727345,51.87958422335822,67.47909076542638,74.65796215496076,1.7903939068121037e-308,37.79321629617333,52.82720508274508,61.65552903811732,81.42233578946932,72.56050320537744,61.495957885321644,41.99713244125374,74.06623157765216,136.79740889572395,76.97675447957334,100.23688356105006,42.48134199361422
topology_ad_carcinoma_6_clean_mieloides.csv,105.63338339765966,58.0766080912185,95.17911179087716,83.93042983852874,57.78808659719354,134.3001730418565,56.58080886672582,78.06331129109708,53.76425385520963,85.08467733163826,96.7750754312249,90.47088198191108,80.45344983232673,76.46032410545737,50.779136205407866,84.23126324504415,64.59406836935526,92.80428517403374,37.79321629617333,110.33897047093922,130.85466133469646,21.68953733062355,66.82887818263393,40.78893034192453,37.79321629617333,74.13203606182944,114.1772624726554,151.40731927131236,111.4100325064804,53.197813844026285,34.032021628616306,49.92595744356679,74.13595815146243,40.46677361832867,61.476842990006034,100.24660813949501,93.94478740014907,86.75780147297584,83.53322594556946,49.21327204707694,106.36350608773455,111.56997872945294,38.78087744644091,85.69235087936488,37.79321629617333,60.174015773187534,47.76691176502845,55.68324494727345,51.87958422335822,54.765265906635534,74.65796215496076,37.79321629617333,1.456895368464874e-308,46.60746706440507,52.167162133293914,67.73431665114424,59.30253765400954,62.197478656578184,37.08529180715256,70.89221460309619,136.79740889572395,76.97675447957334,100.30572932467427,41.01369243383141
topology_ad_dysplasia_10_clean_mieloides.csv,78.61427246826531,49.3141811830659,83.90451783635791,46.727123741141355,57.78808659719354,134.7949564360427,57.23825815427762,50.85749011187795,53.76425385520963,63.08185380140799,67.79379949265399,90.47088198191108,49.91228498212729,76.46032410545737,50.779136205407895,60.03745175117132,48.550317608545924,92.80428517403374,56.28223673223137,97.35398624286802,130.85466133469646,48.60443727431996,57.62944917677214,46.60746706440507,56.28223673223137,66.8123304716355,114.1772624726554,151.40731927131236,111.4100325064804,43.54434435477657,34.95645011443142,56.28223673223137,62.818562167072855,28.62222991216379,38.65110872269395,91.97662758895342,93.94478740014907,86.75780147297584,56.636147800841286,27.366717951159586,106.36350608773455,111.56997872945294,56.28223673223137,51.637946773355,56.28223673223137,60.174015773187534,36.91546968430802,33.08675522832502,51.87958422335822,30.97547531087463,56.57086886147829,52.82720508274508,46.60746706440507,9.33298864774262e-309,36.42583350458787,64.71480818445792,38.00685401923471,56.44862483457311,53.876166333698194,75.89630793426446,136.79740889572395,76.97675447957334,66.45221775048793,41.01369243383141
topology_ad_dysplasia_2_clean_mieloides.csv,64.7743930117677,51.826114614937694,77.69427490581575,47.40940650891292,57.78808659719357,134.7949564360427,57.23825815427762,70.82205132880665,53.76425385520963,50.93507361998661,53.953920036156376,90.47088198191108,49.595883155134544,76.46032410545737,52.70433238058209,69.08572789701748,47.81817698456288,92.80428517403374,66.15477965642856,105.38947083016174,130.85466133469646,65.95755598662802,52.167162133293914,52.167162133293914,66.15477965642856,66.8123304716355,114.1772624726554,151.40731927131236,111.4100325064804,53.197813844026285,43.76761460933244,66.15477965642856,58.46771979113623,35.288048942709196,35.174016989504,78.1367481324558,93.94478740014907,86.75780147297584,77.05803955078323,38.3126448127114,106.36350608773455,111.56997872945294,66.15477965642856,79.44882833642771,66.15477965642856,60.174015773187534,40.696516370424405,33.08675522832502,53.006180111208295,45.002973729903744,56.57086886147829,61.65552903811732,52.167162133293914,36.42583350458787,1.1942612655530985e-308,52.8924223152585,47.113559583166705,61.495957885321644,66.15477965642856,75.89630793426446,136.79740889572395,65.52571099633269,88.03311620183922,45.70891580739644
topology_carcinoma_5_clean_mieloides.csv,61.89866920922347,52.8924223152585,48.78281766077262,62.35785341364816,76.50723128072389,94.86666700672481,73.35385552952764,45.90314939093096,78.40308910091323,36.333675744037976,57.10910655295973,90.47088198191108,52.8924223152585,50.111104736073486,81.21082672955527,52.8924223152585,67.02122347527214,92.80428517403374,81.42233578946932,80.60190232530204,130.85466133469646,67.73431665114424,75.14397467275145,74.19107183082298,81.42233578946932,61.32003763610561,114.1772624726554,151.40731927131236,69.78713210449502,56.813118944668304,57.884324831387744,81.42233578946932,46.726346119008724,67.73431665114424,65.73377270986873,49.84166863841949,93.94478740014907,78.72890838981624,55.59580950223389,52.8924223152585,93.63295641106197,70.15646268186424,80.82759628229627,50.83235487248885,81.42233578946932,67.73431665114424,55.80969418419053,52.8924223152585,63.29504107651948,56.813118944668304,55.68187950097632,81.42233578946932,67.73431665114424,64.71480818445792,52.8924223152585,1.5803662777217063e-308,47.26956290568788,56.10417018243203,69.06179530720007,75.58972592672754,136.79740889572395,52.8924223152585,63.40541578103006,52.670416186070554
topology_carcinoma_3_clean_mieloides.csv,53.366138920265655,36.5841000883546,58.656384288358254,40.92635313140434,60.89703955376166,125.78994105200661,54.95144871362601,35.367564547137704,60.861975480492816,37.83372025340833,49.06339620160844,90.47088198191108,37.92598342587917,66.24962879811619,64.11258647208413,38.00685401923471,49.06339620160844,92.80428517403374,77.31139378580966,72.93413110864566,130.85466133469646,77.31139378580966,53.34634683512391,63.32518124895117,77.31139378580966,66.8123304716355,114.1772624726554,151.40731927131236,100.71040614977682,49.06339620160844,46.035251340075064,77.31139378580966,41.91194628866094,47.113559583166705,47.6901360502616,66.72849404095376,93.94478740014907,86.75780147297584,37.6353884412338,49.21761897997152,106.36350608773455,101.07973672714604,77.31139378580966,45.19579614252834,77.31139378580966,60.174015773187534,34.82704696376442,45.14992686568462,64.41443420271034,43.411516971225694,56.57086886147829,72.56050320537744,59.30253765400954,38.00685401923471,47.113559583166705,47.26956290568788,1.2423727513941876e-308,56.44862483457311,77.31139378580966,73.91361581251431,136.79740889572395,43.893787798532344,57.768857051069546,48.295625362980445
topology_carcinoma_18_clean_mieloides.csv,56.44862483457311,50.726134864723576,51.970922849864394,56.985496967643414,61.495957885321644,94.76530525667192,56.44862483457311,56.44862483457311,61.495957885321644,56.44862483457311,61.495957885321644,90.47088198191108,56.44862483457311,37.63635284939167,62.197478656578184,56.44862483457311,52.947622652656236,91.29061218087719,62.197478656578184,62.519461093374105,130.85466133469646,62.197478656578184,52.947622652656236,62.197478656578184,62.197478656578184,44.64589572352088,107.87664521949546,151.40731927131236,73.07499229977711,56.44862483457311,52.450068428777314,62.197478656578184,56.44862483457311,61.495957885321644,56.44862483457311,51.28518591261411,89.62584653970004,45.78959932935874,42.545270299727974,56.44862483457311,60.693647350604465,73.02555416835295,62.197478656578184,45.459998426484105,57.58924067607211,56.860287135959354,56.44862483457311,56.44862483457311,51.87958422335822,56.44862483457311,35.42292586009981,61.495957885321644,62.197478656578184,56.44862483457311,61.495957885321644,56.10417018243203,56.44862483457311,1.1647343680128025e-308,62.197478656578184,41.59429131831007,136.79740889572395,56.44862483457311,58.033059335025314,54.710442451682695
topology_carcinoma_14_clean_mieloides.csv,105.63338339765966,53.09419276049445,95.17911179087716,86.30076191033717,57.78808659719354,134.7949564360427,57.23825815427762,78.06331129109708,50.86191656341242,85.08467733163826,96.7750754312249,90.47088198191108,88.67922640522158,76.46032410545737,50.779136205407866,84.23126324504415,64.59406836935526,92.80428517403374,43.69240073054108,110.33897047093922,130.85466133469646,27.735767293406525,66.82887818263393,43.69240073054108,40.79692817454642,74.13203606182944,114.1772624726554,151.40731927131236,111.4100325064804,53.197813844026285,36.602287797433235,36.38659016938432,74.13595815146243,35.627972324014536,61.476842990006034,100.24660813949501,93.94478740014907,86.75780147297584,83.53322594556946,38.49003091066754,106.36350608773455,111.56997872945294,27.735767293406525,86.6120633818372,22.090003498929605,50.676091742216215,48.57517329782462,52.099944326637825,51.87958422335822,72.50205169214712,74.65796215496076,41.99713244125374,37.08529180715256,53.876166333698194,66.15477965642856,69.06179530720007,77.31139378580966,62.197478656578184,1.2048819414030633e-308,75.89630793426446,136.79740889572395,76.97675447957334,100.67176276622519,41.01369243383141
topology_dysplasia_12_clean_mieloides.csv,75.89630793426448,65.55154826097387,51.04482410637388,78.93832927246521,63.23186211486282,65.9209717640642,65.55154826097387,63.5678653563518,65.55154826097387,65.3862337479041,75.89630793426448,90.47088198191108,75.89630793426448,46.746203228498814,75.89630793426446,66.72380762495254,65.054270401829,84.34351725157171,75.89630793426446,68.0442175591329,130.85466133469646,75.89630793426446,57.329049753639595,51.38949195419994,75.89630793426446,52.824990026239504,112.22988528879503,151.40731927131236,51.38949195419994,66.54700439978791,65.55154826097387,75.3065274362105,51.61386934079661,75.89630793426446,74.95347928768098,61.336218619389115,93.90065636908906,48.16121519090726,57.515876927394544,75.89630793426446,65.55154826097387,52.62183569408248,75.89630793426446,62.79320359463142,75.89630793426446,65.55154826097387,75.89630793426446,75.89630793426446,51.87958422335822,75.89630793426446,50.94308046637849,74.06623157765216,70.89221460309619,75.89630793426446,75.89630793426446,75.58972592672754,73.91361581251431,41.59429131831007,75.89630793426446,8.79064408870663e-309,136.79740889572395,65.55154826097387,80.01015125104038,63.23186211486282
topology_dysplasia_9_clean_mieloides.csv,136.79740889572395,136.79740889572395,136.79740889572395,136.79740889572395,136.79740889572395,136.79740889572395,136.79740889572395,136.79740889572395,136.79740889572395,136.79740889572395,136.79740889572395,134.96829550283564,136.79740889572395,136.79740889572395,128.50012700636933,136.79740889572395,136.79740889572395,136.79740889572395,136.79740889572395,136.79740889572395,136.79740889572395,136.79740889572395,136.79740889572395,136.79740889572395,136.79740889572395,136.79740889572395,118.67044813197515,136.79740889572395,136.79740889572395,136.79740889572395,136.79740889572395,136.79740889572395,136.79740889572395,136.79740889572395,136.79740889572395,136.79740889572395,136.79740889572395,136.79740889572395,136.79740889572395,136.79740889572395,136.79740889572395,136.79740889572395,136.79740889572395,136.79740889572395,136.79740889572395,136.79740889572395,136.79740889572395,136.79740889572395,136.79740889572395,136.79740889572395,136.79740889572395,136.79740889572395,136.79740889572395,136.79740889572395,136.79740889572395,136.79740889572395,136.79740889572395,136.79740889572395,136.79740889572395,136.79740889572395,1.976405183381802e-308,136.79740889572395,136.79740889572395,136.79740889572395
topology_carcinoma_12_clean_mieloides.csv,58.064575820737645,30.051409269764406,77.69427490581575,70.83647397022051,71.31978085499225,91.01834255137663,48.58475298824311,57.5514867487351,76.97675447957334,37.60259711459253,51.16843286347947,90.47088198191108,56.37148857780997,60.75654444484414,60.47709400595426,55.342968702066344,46.51822135141862,92.80428517403374,76.97675447957334,95.87798524847608,130.85466133469646,76.97675447957334,53.20624079800672,62.92958522875972,76.97675447957334,66.8123304716355,114.1772624726554,151.40731927131236,57.52254863899668,40.101014823579334,67.55707924942226,50.10549378642634,44.7249605961851,76.97675447957334,44.2277209859468,46.39583445215911,93.94478740014907,66.4643249243179,65.8724575546596,66.38435760044632,81.36837294556364,72.80176554877727,76.97675447957334,65.70606914147658,76.97675447957334,76.97675447957334,55.095573281609404,45.30218054116722,51.87958422335822,58.65472865220465,56.57086886147829,76.97675447957334,76.97675447957334,76.97675447957334,65.52571099633269,52.8924223152585,43.893787798532344,56.44862483457311,76.97675447957334,65.55154826097387,136.79740889572395,2.0424900160359526e-308,74.29035700688809,52.83201659039412
topology_carcinoma_1_clean_mieloides.csv,32.07006112894517,65.86744445516916,62.404564573795454,40.6237096929263,88.62946187510212,95.51545624356885,80.9054280552343,40.42969030577872,100.17426908309491,51.41651788400287,100.30572932467427,90.47088198191108,51.40357340213012,76.4603241054574,100.30572932467427,39.474035777138084,100.30572932467427,100.30572932467427,100.67176276622519,83.82534337886216,130.85466133469646,100.67176276622519,96.77353735662712,100.30572932467427,100.67176276622519,70.8820549297809,114.1772624726554,151.40731927131236,70.43592134133905,72.52334598535492,84.48935600198561,100.67176276622519,52.915964211971314,87.90038723669952,88.36186308510742,46.39583445215911,100.30572932467427,86.75780147297587,51.62855386260853,84.59851695385902,94.281745647906,70.80525191870828,100.67176276622519,46.03816527285403,100.30572932467427,76.08746598555936,55.72249475693775,83.67755431692879,82.96597110823299,61.59466447460446,69.57486798201029,100.23688356105006,100.30572932467427,66.45221775048793,88.03311620183922,63.40541578103006,57.768857051069546,58.033059335025314,100.67176276622519,80.01015125104038,136.79740889572395,74.29035700688809,2.1668515542461383e-308,95.05678793387139
topology_ad_carcinoma_2_clean_mieloides.csv,93.5500413620648,44.64890804887864,67.35125278040721,64.41612117884014,57.78808659719354,95.47972421997571,36.85031789356458,66.16667950532701,53.76425385520963,67.98504789687931,86.65389840480663,90.47088198191108,69.44653754129763,62.98738854811327,50.779136205407866,69.32262177392775,45.04860542098584,92.80428517403374,44.11301569428872,100.85815009831236,130.85466133469646,41.01369243383141,44.11301569428872,37.59617442681332,44.11301569428872,61.93309484935651,114.1772624726554,151.40731927131236,70.40018931774591,41.01369243383141,32.22832675908393,48.38148423369978,49.955171196652316,41.01369243383141,48.71336354813934,69.41413572504737,93.94478740014907,79.34196560306714,73.80509038303717,41.01369243383141,94.24601362431287,72.31235912478124,44.11301569428872,82.48372702533018,44.11301569428872,60.174015773187534,45.7016475715175,55.68324494727345,51.87958422335822,43.75835361560644,56.38794939528165,42.48134199361422,41.01369243383141,41.01369243383141,45.70891580739644,52.670416186070554,48.295625362980445,54.710442451682695,41.01369243383141,63.23186211486282,136.79740889572395,52.83201659039412,95.05678793387139,1.4971960516585354e-308
