,topology_ad_carcinoma_11_clean_linfoides.csv,topology_dysplasia_6_clean_linfoides.csv,topology_ad_dysplasia_7_clean_linfoides.csv,topology_carcinoma_18_clean_linfoides.csv,topology_ad_dysplasia_3_clean_linfoides.csv,topology_ad_dysplasia_9_clean_linfoides.csv,topology_ad_carcinoma_8_clean_linfoides.csv,topology_carcinoma_14_clean_linfoides.csv,topology_dysplasia_10_clean_linfoides.csv,topology_dysplasia_1_clean_linfoides.csv,topology_carcinoma_3_clean_linfoides.csv,topology_carcinoma_13_clean_linfoides.csv,topology_ad_carcinoma_13_clean_linfoides.csv,topology_dysplasia_9_clean_linfoides.csv,topology_carcinoma_20_clean_linfoides.csv,topology_dysplasia_5_clean_linfoides.csv,topology_dysplasia_17_clean_linfoides.csv,topology_ad_dysplasia_1_clean_linfoides.csv,topology_carcinoma_5_clean_linfoides.csv,topology_carcinoma_2_clean_linfoides.csv,topology_dysplasia_8_clean_linfoides.csv,topology_dysplasia_18_clean_linfoides.csv,topology_ad_carcinoma_3_clean_linfoides.csv,topology_carcinoma_6_clean_linfoides.csv,topology_dysplasia_14_clean_linfoides.csv,topology_ad_carcinoma_6_clean_linfoides.csv,topology_ad_dysplasia_8_clean_linfoides.csv,topology_carcinoma_9_clean_linfoides.csv,topology_ad_carcinoma_5_clean_linfoides.csv,topology_dysplasia_15_clean_linfoides.csv,topology_ad_carcinoma_4_clean_linfoides.csv,topology_dysplasia_7_clean_linfoides.csv,topology_dysplasia_2_clean_linfoides.csv,topology_ad_carcinoma_1_clean_linfoides.csv,topology_carcinoma_11_clean_linfoides.csv,topology_ad_carcinoma_15_clean_linfoides.csv,topology_carcinoma_10_clean_linfoides.csv,topology_ad_carcinoma_7_clean_linfoides.csv,topology_carcinoma_17_clean_linfoides.csv,topology_ad_carcinoma_2_clean_linfoides.csv,topology_carcinoma_12_clean_linfoides.csv,topology_carcinoma_8_clean_linfoides.csv,topology_carcinoma_4_clean_linfoides.csv,topology_ad_dysplasia_5_clean_linfoides.csv,topology_ad_dysplasia_2_clean_linfoides.csv,topology_ad_carcinoma_10_clean_linfoides.csv,topology_ad_carcinoma_14_clean_linfoides.csv,topology_ad_carcinoma_12_clean_linfoides.csv,topology_dysplasia_3_clean_linfoides.csv,topology_dysplasia_4_clean_linfoides.csv,topology_ad_dysplasia_6_clean_linfoides.csv,topology_dysplasia_11_clean_linfoides.csv,topology_ad_dysplasia_4_clean_linfoides.csv,topology_dysplasia_16_clean_linfoides.csv,topology_carcinoma_19_clean_linfoides.csv,topology_carcinoma_7_clean_linfoides.csv,topology_dysplasia_19_clean_linfoides.csv,topology_dysplasia_12_clean_linfoides.csv,topology_dysplasia_13_clean_linfoides.csv,topology_ad_carcinoma_9_clean_linfoides.csv,topology_carcinoma_1_clean_linfoides.csv,topology_carcinoma_16_clean_linfoides.csv,topology_ad_dysplasia_10_clean_linfoides.csv,topology_carcinoma_15_clean_linfoides.csv
topology_ad_carcinoma_11_clean_linfoides.csv,1.651696271529465e-308,153.08788071006916,175.42363527247272,101.84595407165591,155.81146481433035,175.42363527247272,175.42363527247272,134.18212611518652,175.42363527247272,127.91153521716467,114.50453564835786,175.42363527247272,152.5032424480371,136.38200255759233,175.42363527247272,140.28339465460022,175.42363527247272,145.4301692763131,60.23801825003672,108.45307306559391,147.66848019960514,105.72512346055473,165.3984369212768,38.258757830413316,175.42363527247272,175.42363527247272,175.42363527247272,56.13656026080184,175.42363527247272,175.42363527247272,175.42363527247272,110.12317600978704,107.4981880453009,162.46120649190527,108.8196059863437,375.40301205738706,81.50426717633269,173.59867995069374,175.42363527247272,143.84031118044913,118.8618520160469,96.01684023783906,60.84868907870998,175.42363527247272,167.2104793020353,175.42363527247272,175.42363527247272,142.0682286690174,139.1219958299858,47.903578194370226,175.42363527247272,147.95370293725085,175.42363527247272,170.23749985907642,74.8279295777283,39.326707031532635,130.29105147538507,175.42363527247272,132.44013736230312,164.11023104728537,155.0216822210965,175.42363527247272,163.53113528838122,139.10852272815185
topology_dysplasia_6_clean_linfoides.csv,153.08788071006916,1.9681255802718916e-308,43.95638107270386,56.32499716540312,33.618077285615854,81.06172807619569,79.94716611191262,23.215515758777656,38.368192263436434,33.680693031330804,56.080796947875484,28.54496570945267,73.43068110165751,22.588121515228323,58.88606809833192,23.526239332561204,38.330273498128975,25.431591943716086,172.80203403072494,44.63480764447527,32.18803636686797,49.41866869641825,35.53233061280076,166.52638638732446,30.613442549035,94.7630205316685,94.7630205316685,96.95132044926734,84.45698261574947,40.98347128744234,66.96214494653799,55.13276528107249,45.58969266476828,40.750044906527194,60.2611698198682,375.40301205738706,71.5836135337365,40.06247443019625,52.54268015425679,22.65749905210346,34.22602869402229,68.53929248782441,92.2391916313592,94.7630205316685,32.30824788383592,54.334643762081726,98.87969491743814,37.791250309795245,24.306597010403095,142.01435458905496,49.06505395319195,17.798431782387276,57.44721299427951,50.388354624423314,84.16460670913656,143.58770235751814,25.702477693878706,34.40102512054773,20.64774334776604,30.49164232420577,38.859417145483064,34.814936779179725,22.24183421564186,32.05995067974479
topology_ad_dysplasia_7_clean_linfoides.csv,175.42363527247272,43.95638107270386,6.116274983303717e-309,100.28137823810698,45.252888191991616,41.59174127409054,51.821275274016585,65.19700687809933,23.53475827107621,75.1829484873753,96.55917356466514,36.17821309949292,62.12698817817653,49.75509607124837,25.49949442783827,40.93037689336501,23.871929805814602,54.36935162562952,185.2807119328006,84.26074591507752,46.75826136941049,77.54455953431429,38.96339480845754,182.14288811110038,32.816904935561084,59.00527891782356,65.0873253177599,127.8645499622152,40.500601543045605,20.211072595530254,23.005763873834127,83.25865611896853,87.7569897083853,18.75256505605992,98.53401890490619,375.40301205738706,108.58147301403795,19.838279441058802,12.560140002208923,51.116059758159736,64.50783057056043,106.00305112868142,120.36508246925524,55.320214998819694,25.129038774302074,20.853624498603974,75.23838714945427,53.1181328742978,58.865874218891115,162.04985982004325,25.69250947304929,50.8800266352936,25.810533184832877,32.15233474800719,128.12098778184043,170.67354609619724,50.92272007258012,28.672771181624427,56.07588207385959,29.003921938497967,65.05011324718222,35.938856309692696,40.88540181173185,58.800286118890284
topology_carcinoma_18_clean_linfoides.csv,101.84595407165591,56.32499716540312,100.28137823810698,7.6480942738434e-309,55.459209956284724,122.92551911437008,124.50065823664478,37.23379757697015,89.87499153228859,42.72079188985663,33.97074908479712,79.78689234786594,122.92551911437008,77.22655589025831,115.21106526373504,76.04667537955063,94.6552706635321,58.53957072784334,121.56010739231169,40.82556686138837,88.5130335322711,62.94103257285154,66.02689188341904,115.28445974891122,86.93843971443812,122.92551911437008,124.5006582366448,67.20678337123277,122.92551911437008,97.30846845284546,122.92551911437008,50.967729342453,26.140403910732488,92.27886633894158,30.69167886416966,375.40301205738706,40.73913297330142,85.5413921119841,108.86767731965992,55.0418843586272,52.715047712319006,40.47945897958144,40.99726499294593,124.5006582366448,88.63324504923904,109.74590916198818,124.50065823664478,82.91278200168338,50.194290587847405,108.30125229965338,105.39005111859507,49.40135160281338,113.77221015968263,76.64972983671561,43.57062788573785,92.34577571910489,66.92018969832142,90.72602228595085,51.73614319854762,71.27745629960901,58.061930138847885,89.6657781497629,78.56683138104498,55.81224268859927
topology_ad_dysplasia_3_clean_linfoides.csv,155.81146481433035,33.618077285615854,45.252888191991616,55.459209956284724,1.1581904415680565e-308,82.35823519548345,77.22358200765146,23.51960548749485,35.64460815917528,50.600614305801614,62.759289237595624,34.50930119112904,76.89178489696053,46.14415832100599,60.18257521761967,35.5455425455759,39.62678061741673,41.26770222211965,175.52561813498613,60.25847734719109,33.48454348615573,52.142252800679415,31.18133482271182,169.24997049158566,31.909949668322753,95.41127409131238,95.41127409131238,99.6749045535285,85.75348973503722,42.279978406730095,68.25865206582574,57.85634938533366,48.31327676902944,44.75634535431652,58.049646202487565,375.40301205738706,77.85994223124271,37.2959095058453,53.83918727354455,16.418613366875746,45.20007062273649,73.69466020321877,94.96277573562037,95.41127409131238,33.60475500312367,56.26483817455481,97.51790286530756,27.884291955568017,48.53612933933077,138.00805414126563,50.3615610724797,36.41678834956147,58.743720113567264,33.94778712353528,82.86809958984881,146.31128646177933,25.520413338945247,35.69753223983548,25.055782780586483,25.336274608811408,57.14336365892204,47.272328141680575,33.14944184100483,53.879144374147586
topology_ad_dysplasia_9_clean_linfoides.csv,175.42363527247272,81.06172807619569,41.59174127409054,122.92551911437008,82.35823519548345,1.497761738831566e-308,40.593740177313904,102.30235388159116,53.15273230587516,98.43012386591886,114.22372822679694,59.37018222047463,103.71872945226707,91.34683734533891,47.770946199920175,82.52211816745555,45.30958702969808,91.47469862912135,185.2807119328006,114.91520295285534,88.35000264350103,119.13630080840483,76.06874181194937,182.14288811110038,52.800451259884184,34.95635765405636,29.449760616691137,147.3553551420718,30.6276565081954,46.359201427684994,27.880466331904245,124.85039739305907,116.66332484950922,60.34430633015046,117.77779135464243,375.40301205738706,134.6715016843064,51.84533312961473,46.846822407566805,88.22140676165156,103.94366080600886,126.7886725842167,144.99929073311773,26.19861012166271,55.59503352002042,38.12169927848301,33.646645875363745,94.70987414838834,87.1924346537514,165.84167940851177,39.834521719010894,87.98537363878543,27.830706909623586,63.45815659409128,138.0096704836086,170.67354609619724,92.51446134667066,54.304241887286096,93.18122907735142,66.1092689419898,87.03326797354129,58.14119741527648,67.20441775962522,86.15068548873748
topology_ad_carcinoma_8_clean_linfoides.csv,175.42363527247272,79.94716611191262,51.821275274016585,124.50065823664478,77.22358200765146,40.593740177313904,8.507995319426433e-309,98.85292070679526,41.57897384847618,105.12351160481714,118.17136744829381,51.67748380845775,113.94826345219312,101.57637134526496,26.321780846178314,92.7516521673816,45.36709827758304,87.6048775456687,185.2807119328006,121.19709873967578,98.57953664342706,123.58902926564727,68.69733809613705,182.14288811110038,51.02433369241083,44.76342527180519,47.01161646754319,147.3553551420718,15.796139142323048,42.06395344011847,31.761327850495178,126.44607755797439,121.67454124982228,70.5738403300765,121.01383227930089,375.40301205738706,134.67150168430638,59.43636687128804,39.26113527180766,89.19473564153267,114.17319480593491,127.4152151535532,144.99929073311773,35.7701057989589,65.82456751994647,30.967650775412608,26.32582969369669,104.93940814831439,93.91305099199599,165.84167940851174,32.801021965465054,85.08134388473096,30.66596738335261,62.79754696290536,138.00967048360857,170.6735460961972,102.74399534659669,50.898523043073396,100.59490945967865,68.92481577469641,78.0133646008853,45.797756282130635,69.50391153360057,93.92652409382994
topology_carcinoma_14_clean_linfoides.csv,134.18212611518652,23.215515758777656,65.19700687809933,37.23379757697015,23.51960548749485,102.30235388159116,98.85292070679526,1.6991095199992245e-308,57.27394685831908,36.61248031008472,52.563099706487264,47.450720304335306,92.64759702126804,42.14218453025066,80.12669390372739,40.962304019542984,59.57089930352444,30.861840787127818,153.8962794358423,50.167038337006645,53.428662172263444,41.28536837585091,39.99596934732563,147.62063179244183,51.85406835443047,105.38333343436625,108.33257221487946,91.05304955379142,105.38333343436625,62.22409709283781,88.20277075193346,36.22701068618986,36.94892597638723,57.19449497893393,54.53794504672831,375.40301205738706,64.58539915586007,50.457020751976444,73.78330595965227,23.65538087605968,35.71858831409912,64.19686900810004,73.33343703647657,105.38333343436625,53.548873689231385,74.66153780198053,108.33257221487946,47.82841064167573,35.570206339971065,132.25809920861502,70.30567975858742,19.520042449311894,78.68783879967498,45.506731327009376,67.37114471852874,124.68194776263553,31.83581833831377,55.641650925943196,23.939175522712787,36.19308493960136,44.00779627759361,54.58140678975525,43.482460021037326,43.39608813379736
topology_dysplasia_10_clean_linfoides.csv,175.42363527247272,38.368192263436434,23.53475827107621,89.87499153228859,35.64460815917528,53.15273230587516,41.57897384847618,57.27394685831908,2.020941400091414e-308,63.54453775634096,76.95153732514777,14.902810911246121,72.36928960371694,59.99739749678878,31.304293268161285,51.17267831890541,17.10401056309027,46.02590369719252,185.2807119328006,83.00299990791171,57.00056279495089,87.78686095985469,28.557008102639145,182.14288811110038,27.83562379192427,72.2234653749619,63.08012817248722,135.31951271270378,50.90698824886399,24.04846064599657,38.03900217768911,93.50095754450894,83.95788492820472,28.994866481600322,82.63646698716191,375.40301205738706,109.95180579717294,30.764223279742865,19.910948018729783,47.61576179305649,72.59422095745873,95.43923273566656,130.60738389479565,68.77177421515894,28.272970832200627,31.151539249999402,65.97436548369825,63.360434299838204,52.334077143519806,165.84167940851174,33.11140591062055,43.502370036254774,40.00493134708911,43.88930399229339,117.71460107602203,170.67354609619724,61.165021498120524,13.636787872554507,59.01593561120248,27.34584192622023,52.54526350452052,24.936651020163143,27.924937685124405,52.347550245353766
topology_dysplasia_1_clean_linfoides.csv,127.91153521716467,33.680693031330804,75.1829484873753,42.72079188985663,50.600614305801614,98.43012386591886,105.12351160481714,36.61248031008472,63.54453775634096,1.26666172452571e-308,39.35340480652248,53.721311202357185,99.53546969738113,39.86033830661511,81.66378376495977,51.116894471198606,59.7564133272341,53.02224708235349,147.62568853782045,26.700159566827182,58.485994624501046,55.584018090730055,67.49322582909372,141.35004089441998,54.099177912406304,101.56512316944176,111.46786766389042,71.77497495636283,98.56296359732607,63.05955816469867,84.00524402116247,29.956419788167977,30.19640336013495,68.39993933532318,33.61118457165827,375.40301205738706,51.5056781269509,67.98530085447405,69.03189395558078,41.887484391516494,47.92727656980705,44.26029778256256,67.06284613845469,102.96319560417271,50.05390971307324,85.0590855491279,111.4678676638904,52.00484526152741,21.323158453856507,120.91382333358479,72.32248963935209,30.45212798257495,74.45754422146453,62.294864545521506,70.56040143359007,118.41135686461365,39.01205795280583,54.22498856174374,34.49183686217172,58.08229746284317,27.110147003931843,59.99128227208425,37.62871670328761,21.861108156052296
topology_carcinoma_3_clean_linfoides.csv,114.50453564835786,56.080796947875484,96.55917356466514,33.97074908479712,62.759289237595624,114.22372822679694,118.17136744829381,52.563099706487264,76.95153732514777,39.35340480652248,7.43877972414068e-309,67.128310771164,112.22540067935239,61.41199648346654,105.78368549654229,71.23548086878102,78.86970848675895,76.87573022517134,134.2186889690136,52.294029783849396,79.86221970179088,71.31977904775232,91.61312756067625,127.94304132561317,71.10940100972556,114.22372822679694,118.17136744829381,58.367975387556015,114.22372822679694,79.90488667769918,107.39315218082743,35.507563023175706,40.134826191599686,91.24142983709652,42.511269036568194,375.40301205738706,45.49085765059938,86.96594613490691,91.8149141093397,66.00738612309902,69.30350164709688,32.67120149026543,53.65584656964788,116.37019517297952,73.27360577476418,106.43531062641773,118.17136744829381,75.71676849900464,45.1645581362159,95.59661321887444,90.26819986479643,52.73135943289421,96.36862838453635,86.25289695986837,45.243191318879724,105.00435729580684,57.97558941406561,73.32244051080457,58.51045810410133,78.20088386042559,46.30269128903235,73.39828184089106,61.1632496058987,45.981009887634826
topology_carcinoma_13_clean_linfoides.csv,175.42363527247272,28.54496570945267,36.17821309949292,79.78689234786594,34.50930119112904,59.37018222047463,51.67748380845775,47.450720304335306,14.902810911246121,53.721311202357185,67.128310771164,9.348766562344643e-309,65.65701836625283,50.174170942805006,42.98009181290304,41.34945176492164,25.224469677488102,36.202677143208746,185.2807119328006,73.17977335392794,47.17733624096712,77.96363440587092,28.809533877036984,182.14288811110038,29.435416924277227,79.83562680146804,73.09416784529844,125.49628615872001,61.37126426668016,30.004001223540754,44.9760304172153,83.67773099052516,74.13465837422095,29.395203947440805,74.06158955340265,375.40301205738706,100.12857924318917,38.1079887480367,30.027158567698407,37.79253523907272,62.77099440347496,85.61600618168279,120.78415734081187,78.429094805977,30.607656466547745,46.054350161245516,74.81931227789764,53.53720774585443,42.510850589536034,162.46893469159988,36.61786466266044,33.679143482271,48.33305946164782,48.19633538786782,107.25032505820587,170.67354609619724,51.34179494413675,11.315306771478419,49.19270905721871,21.784108000323656,43.204314153736874,27.657912534684698,21.1713569691396,42.52432369137
topology_ad_carcinoma_13_clean_linfoides.csv,152.5032424480371,73.43068110165751,62.12698817817653,122.92551911437008,76.89178489696053,103.71872945226707,113.94826345219312,92.64759702126804,72.36928960371694,99.53546969738113,112.22540067935239,65.65701836625283,8.938245591458284e-309,74.64636894238521,87.6264826060148,66.39504211599055,68.58116517461008,83.51892926789375,138.80093669044447,111.71133605824625,55.77055580527127,97.96158739810977,66.41398495162625,157.13645715625188,65.36527779670763,92.74802326910152,115.8802435875784,131.5042603665931,100.70303614288629,71.88431001207465,82.18693560169794,91.81973409715157,115.20757985155402,44.88685365933553,117.43651286182043,375.40301205738706,125.33190563836533,54.51189658090507,74.68712818038546,83.48880141797676,91.95842071372913,122.55581214517969,123.38672646907759,111.78794745154867,57.20573985607484,82.9806126767805,115.88024358757839,59.53267968176456,86.7022130605415,162.02203483623413,81.14724148672806,78.33061677846231,83.28229606884051,65.3721329452207,136.84532388623677,144.63917754913058,71.9953583854134,63.04974040911972,86.1864673395134,64.85242945910176,92.26170436187772,68.81603411946023,74.17797096008198,88.27909138565019
topology_dysplasia_9_clean_linfoides.csv,136.38200255759233,22.588121515228323,49.75509607124837,77.22655589025831,46.14415832100599,91.34683734533891,101.57637134526496,42.14218453025066,59.99739749678878,39.86033830661511,61.41199648346654,50.174170942805006,74.64636894238521,1.0257288750036756e-308,75.25459049908663,21.081066346673275,56.20927306768191,31.314529277780846,151.1728287973726,61.205923567228865,35.612159482899955,51.06353789644368,33.939761444559956,145.64843197402195,50.552037652854125,83.05641719759095,109.69429753411431,99.7265132312091,88.33114403595813,59.51241790514649,69.81504349476977,33.50356004772016,64.70216736053663,35.140793260436894,68.10775185282179,375.40301205738706,82.03932893824884,47.7327346968888,62.31523607345729,39.17504147863549,41.45300822271176,76.48714195187755,78.14897059967333,99.41605534462052,41.341307001834316,70.60872056985235,109.69429753411431,42.7649349617682,27.032265302410906,155.41958733398647,68.7753493797999,31.14196038289103,70.91040396191235,54.08215004176111,105.06616543399176,121.95849712416583,41.14736198247208,50.677848302191556,33.02105972601092,33.16525873403542,28.52082203053416,56.44414201253207,35.32042040718516,27.187609287916757
topology_carcinoma_20_clean_linfoides.csv,175.42363527247272,58.88606809833192,25.49949442783827,115.21106526373504,60.18257521761967,47.770946199920175,26.321780846178314,80.12669390372739,31.304293268161285,81.66378376495977,105.78368549654229,42.98009181290304,87.6264826060148,75.25459049908663,1.620826514083798e-308,66.42987132120328,33.52482582306722,69.29903865125758,185.2807119328006,99.19043294070559,72.25775579724875,103.04405396215256,53.89308183408559,182.14288811110038,41.27744490153525,49.48152002054812,50.11182048881406,147.3553551420718,30.352508658879955,36.697215411227546,36.4063605099371,108.75815054680679,102.68667673401335,44.25205948389819,112.96116256834952,375.40301205738706,125.2089987994708,33.11458602510973,19.285418398484513,66.04574678378778,87.8514139597566,120.38505457492809,144.99929073311773,43.807414949367214,39.50278667376815,20.239525715085794,49.738892721616004,78.61762730213606,68.51877023614372,165.84167940851174,41.43409282427919,65.80971366092164,41.30932593434728,45.18664124453082,136.84532388623677,170.6735460961972,76.42221450041838,33.394472965640205,74.27312861350033,44.666937758411876,72.82635225910832,37.05645624313308,49.76747162654577,67.87917013917703
topology_dysplasia_5_clean_linfoides.csv,140.28339465460022,23.526239332561204,40.93037689336501,76.04667537955063,35.5455425455759,82.52211816745555,92.7516521673816,40.962304019542984,51.17267831890541,51.116894471198606,71.23548086878102,41.34945176492164,66.39504211599055,21.081066346673275,66.42987132120328,1.7409370852758835e-308,47.38455388979855,30.134648767073173,159.997547975256,60.02604305652119,29.191939402081857,46.27629439638471,25.115042266676596,153.72190033185552,41.72731847497076,80.88102671409695,105.28193794517264,109.08526188486883,79.50642485807478,50.687698727263125,60.99032431688641,42.328279225603524,63.52228684982896,30.546347512800708,76.38634710615275,375.40301205738706,82.61761148693748,45.59325150890092,53.49051689557393,26.88135689960339,40.27312771200408,92.06553182038562,80.90833360280166,90.59133616673716,32.25737166331349,61.784001391968985,105.28193794517263,31.667780519340496,32.36358262607499,157.9868855085952,59.95063020191654,26.645323776737257,62.085684784028984,46.36367526655518,103.88628492328408,130.7832163020492,32.10671550264399,41.8531291243082,36.28202557041709,26.746918690232377,41.44292093184893,47.6194228346487,25.675082898142797,35.305471508783455
topology_dysplasia_17_clean_linfoides.csv,175.42363527247272,38.330273498128975,23.871929805814602,94.6552706635321,39.62678061741673,45.30958702969808,45.36709827758304,59.57089930352444,17.10401056309027,59.7564133272341,78.86970848675895,25.224469677488102,68.58116517461008,56.20927306768191,33.52482582306722,47.38455388979855,8.29442769774597e-309,48.74324405105463,185.2807119328006,79.21487547880486,53.21243836584404,83.99873653074783,33.33728723388265,182.14288811110038,22.855312785990265,71.39986388995611,61.41915613833882,131.53138828359693,46.126709117620486,14.62134628669827,36.51668291067461,89.71283311540208,82.13088213381042,25.206742052493468,88.63949337605783,375.40301205738706,106.16368136806608,25.273926264784322,18.244752670843113,45.48995218358485,68.80609652835187,96.0633853826364,126.81925946568879,70.99230677006489,21.193803728599335,32.2436653073666,68.78421015302072,59.572309870731345,48.54595271441295,165.84167940851177,27.66755130664456,45.253919060718715,25.8619015449339,37.393007030090374,122.49488020726554,170.67354609619724,57.376897069013665,17.139266895215727,55.22781118209562,23.557717497113373,58.755573871054295,32.3580723161964,32.86996741113158,51.45665361637735
topology_ad_dysplasia_1_clean_linfoides.csv,145.4301692763131,25.431591943716086,54.36935162562952,58.53957072784334,41.26770222211965,91.47469862912135,87.6048775456687,30.861840787127818,46.02590369719252,53.02224708235349,76.87573022517134,36.202677143208746,83.51892926789375,31.314529277780846,69.29903865125758,30.134648767073173,48.74324405105463,1.3238039455678657e-308,165.1443225969689,52.250689938671485,42.60100691979363,48.7024693405415,37.80847919364504,158.86867495356842,41.02641310196066,99.96950580813134,100.87092758941202,112.06875104425646,94.86995316867512,51.396441840368,77.37511549946365,47.47505384731642,54.28277432520946,51.383489725249746,76.67561436309418,375.40301205738706,87.08843093678306,39.62936549950663,62.95565070718246,31.74397768338504,26.568317260266213,93.9708844315405,84.58148019760313,99.96950580813134,42.721218436761575,63.83388254951071,102.70855063431618,37.477070512365984,42.24864754739363,131.38090977033244,59.478024506117606,29.198468130654476,67.86018354720517,49.001807739865924,96.67533449760401,135.9299909237621,34.36380436123012,44.813995673473386,38.18737818157197,26.22001829711759,50.24087728611673,43.75375153728544,32.654804768567516,38.34254504922056
topology_carcinoma_5_clean_linfoides.csv,60.23801825003672,172.80203403072494,185.2807119328006,121.56010739231169,175.52561813498613,185.2807119328006,185.2807119328006,153.8962794358423,185.2807119328006,147.62568853782045,134.2186889690136,185.2807119328006,138.80093669044447,151.1728287973726,185.2807119328006,159.997547975256,185.2807119328006,165.1443225969689,8.82420430891191e-309,128.1672263862497,154.16966349921051,123.38336533430672,185.1125902419326,40.4154793796431,185.2807119328006,185.2807119328006,185.2807119328006,75.85071358145763,185.2807119328006,185.2807119328006,185.2807119328006,117.66926874965247,127.21234136595669,182.17535981256106,128.53375930699946,375.40301205738706,101.21842049698847,185.2807119328006,185.2807119328006,163.55446450110492,138.57600533670268,115.73099355849484,80.56284239936576,185.2807119328006,185.2807119328006,185.2807119328006,185.2807119328006,147.80979199432318,158.83614915064157,50.677470497813886,185.2807119328006,167.66785625790664,185.2807119328006,185.2807119328006,94.54208289838408,54.818985842466034,150.00520479604086,185.2807119328006,152.1542906829589,183.82438436794115,174.7358355417523,185.2807119328006,183.245288609037,158.82267604880764
topology_carcinoma_2_clean_linfoides.csv,108.45307306559391,44.63480764447527,84.26074591507752,40.82556686138837,60.25847734719109,114.91520295285534,121.19709873967578,50.167038337006645,83.00299990791171,26.700159566827182,52.294029783849396,73.17977335392794,111.71133605824625,61.205923567228865,99.19043294070559,60.02604305652119,79.21487547880486,52.250689938671485,128.1672263862497,7.11253990620504e-309,72.49240120924165,65.04939580715529,67.22956220158696,121.89157874284922,73.55764006397706,114.91520295285535,121.1970987396758,61.55271659438691,114.91520295285534,82.51802031626943,107.26650978891166,34.94709701942355,21.481215741577667,80.80457273319166,31.25456817443183,375.40301205738706,39.98244314086986,72.54945650181449,92.84704499663047,53.723363346172434,53.10797302233749,43.18429610397297,47.60438398688393,121.1970987396758,72.61261272620959,93.72527683895873,121.19709873967578,66.89214967865394,34.727701032311046,101.95982676239052,91.78095179092284,42.29450232898935,97.75157783665318,72.0396609581949,45.888746170036484,98.9528947130429,55.72092796765962,74.7053899629214,49.92168263901608,55.84663870805721,46.5686091555026,79.449744423655,62.54619905801553,39.791610365569824
topology_dysplasia_8_clean_linfoides.csv,147.66848019960514,32.18803636686797,46.75826136941049,88.5130335322711,33.48454348615573,88.35000264350103,98.57953664342706,53.428662172263444,57.00056279495089,58.485994624501046,79.86221970179088,47.17733624096712,55.77055580527127,35.612159482899955,72.25775579724875,29.191939402081857,53.21243836584404,42.60100691979363,154.16966349921051,72.49240120924165,6.95279279517298e-309,58.74265254910517,30.94292674272208,156.93490961603476,47.55520295101624,77.3792964603355,108.19588018319538,118.35216954909504,85.33430933412026,56.51558320330861,66.81820879293188,46.262537818967814,75.98864500254942,28.00569631335057,81.83706504203192,375.40301205738706,93.32580658026163,39.14316977213903,59.31840137161941,39.34771505232385,52.739485864724536,92.52900299216839,89.43544824168612,96.41922064278265,32.754969123480606,67.61188586801445,108.19588018319537,22.063194909759616,47.23486550624975,162.02203483623413,65.77851467796202,39.11168192945772,67.91356926007447,39.48624006056119,116.35264307600454,131.94035040179216,27.514830382015305,47.68101360035368,44.3075373680237,29.654720868730664,58.834963474871714,53.44730731069418,33.71254807886251,51.206795126536065
topology_dysplasia_18_clean_linfoides.csv,105.72512346055473,49.41866869641825,77.54455953431429,62.94103257285154,52.142252800679415,119.13630080840483,123.58902926564727,41.28536837585091,87.78686095985469,55.584018090730055,71.31977904775232,77.96363440587092,97.96158739810977,51.06353789644368,103.04405396215256,46.27629439638471,83.99873653074783,48.7024693405415,123.38336533430672,65.04939580715529,58.74265254910517,1.5111590352826867e-308,61.72922490762588,117.10771769090624,78.34150111592004,108.1655946252393,123.58902926564727,101.92017243421739,116.12060749902406,87.3018813682124,97.6045069578357,49.29495579844024,53.01295072685774,62.50848535577566,69.72771933188181,375.40301205738706,81.93352705121006,69.92946793704283,90.10469953652321,40.1710991667982,50.840971633600745,77.60419312684897,77.89030117035978,123.58902926564727,63.541267288384404,98.39818403291827,123.58902926564727,53.14240101851746,54.33920287514027,151.48090410106857,96.56481284286582,47.62202838350382,98.69986742497827,66.56828784542552,87.07376555293044,106.42463231017311,41.63126562967781,78.46731176525748,40.13820667205667,60.44101903363446,61.89834695495426,84.23360547559798,59.86192327473029,59.477348016307005
topology_ad_carcinoma_3_clean_linfoides.csv,165.3984369212768,35.53233061280076,38.96339480845754,66.02689188341904,31.18133482271182,76.06874181194937,68.69733809613705,39.99596934732563,28.557008102639145,67.49322582909372,91.61312756067625,28.809533877036984,66.41398495162625,33.939761444559956,53.89308183408559,25.115042266676596,33.33728723388265,37.80847919364504,185.1125902419326,67.22956220158696,30.94292674272208,61.72922490762588,2.1671513615918503e-308,178.83694259853212,27.10688696566919,92.26652739954535,91.18689993012143,122.21352094714132,79.46399635150314,35.990485023196015,61.969158682291656,67.44332149228012,64.08817251374984,30.96088290929214,87.43620419479069,375.40301205738706,101.15701073897276,26.331172896768464,47.549693890010474,37.77835134372805,46.536584905229915,101.4582055871162,104.54974784256683,92.26652739954534,27.31526161958959,48.42792573233873,92.26652739954535,37.30279824760939,54.34821230027768,157.9868855085952,44.07206768894562,42.245709206740884,52.454226730033184,39.89191581654522,107.36711406585437,155.8982585687258,35.17142731400992,29.408038856301403,45.67469933714767,19.141979384853045,58.48361039452196,30.232318885065578,35.59691369067971,45.63211767304142
topology_carcinoma_6_clean_linfoides.csv,38.258757830413316,166.52638638732446,182.14288811110038,115.28445974891122,169.24997049158566,182.14288811110038,182.14288811110038,147.62063179244183,182.14288811110038,141.35004089441998,127.94304132561317,182.14288811110038,157.13645715625188,145.64843197402195,182.14288811110038,153.72190033185552,182.14288811110038,158.86867495356842,40.4154793796431,121.89157874284922,156.93490961603476,117.10771769090624,178.83694259853212,9.70965398554085e-309,182.14288811110038,182.14288811110038,182.14288811110038,69.57506593805715,182.14288811110038,182.14288811110038,182.14288811110038,119.38960542621666,120.93669372255621,175.89971216916058,122.25811166359901,375.40301205738706,94.942772853588,182.14288811110038,182.14288811110038,157.27881685770444,132.3003576933022,109.45534591509437,74.28719475596529,182.14288811110038,180.64898497929062,182.14288811110038,182.14288811110038,151.33465808544702,152.5605015072411,63.31150668190193,182.14288811110038,161.39220861450616,182.14288811110038,182.14288811110038,88.2664352549836,34.671688634341905,143.72955715264038,182.14288811110038,145.87864303955843,177.54873672454067,168.46018789835182,182.14288811110038,176.96964096563653,152.54702840540716
topology_dysplasia_14_clean_linfoides.csv,175.42363527247272,30.613442549035,32.816904935561084,86.93843971443812,31.909949668322753,52.800451259884184,51.02433369241083,51.85406835443047,27.83562379192427,54.099177912406304,71.10940100972556,29.435416924277227,65.36527779670763,50.552037652854125,41.27744490153525,41.72731847497076,22.855312785990265,41.02641310196066,185.2807119328006,73.55764006397706,47.55520295101624,78.34150111592004,27.10688696566919,182.14288811110038,9.71181323049685e-309,75.59127879609801,73.12235254105528,125.87415286876913,53.84354006671447,17.72519449420429,47.86582531130206,84.05559770057428,74.51252508427007,24.874050365114186,80.87918589902444,375.40301205738706,100.50644595323828,36.623068665411765,31.775933107097686,38.17040194912184,63.14886111352408,88.303077905603,121.16202405086099,75.14529600504915,14.800233827535635,40.69494829743557,74.44144556784852,53.91507445590355,42.88871729958515,162.84680140164897,23.434511194735705,37.53708811162474,37.41395866285268,33.56510974699438,114.77804925817156,170.67354609619724,51.71966165418587,25.648396571847663,49.570575767267826,22.64987498916262,53.19155927669182,42.585006967780245,28.346075494083735,51.76481944269359
topology_ad_carcinoma_6_clean_linfoides.csv,175.42363527247272,94.7630205316685,59.00527891782356,122.92551911437008,95.41127409131238,34.95635765405636,44.76342527180519,105.38333343436625,72.2234653749619,101.56512316944176,114.22372822679694,79.83562680146804,92.74802326910152,83.05641719759095,49.48152002054812,80.88102671409695,71.39986388995611,99.96950580813134,185.2807119328006,114.91520295285535,77.3792964603355,108.1655946252393,92.26652739954535,182.14288811110038,75.59127879609801,2.1033161068234667e-308,34.466290226834914,147.3553551420718,35.07375318136884,71.09014547187985,47.25475193943102,113.87969120989352,116.66332484950924,64.648835754706,117.77779135464243,375.40301205738706,130.3305394625575,71.76351224515429,61.65410378211154,98.34285987439645,105.0387452805968,122.55581214517969,144.99929073311773,19.03992418244715,77.15463183842556,47.50638899509194,44.61735205852928,83.73916796522279,97.82837382044636,165.84167940851174,63.342645522683995,98.22484331296337,57.80936607818148,83.22303246209248,137.0068770611619,170.67354609619724,89.46542426520935,75.04172898974245,100.82277103224637,85.65024579403857,93.89455404494612,76.5925954446499,82.49732653243186,95.01939777007044
topology_ad_dysplasia_8_clean_linfoides.csv,175.42363527247272,94.7630205316685,65.0873253177599,124.5006582366448,95.41127409131238,29.449760616691137,47.01161646754319,108.33257221487946,63.08012817248722,111.46786766389042,118.17136744829381,73.09416784529844,115.8802435875784,109.69429753411431,50.11182048881406,105.28193794517264,61.41915613833882,100.87092758941202,185.2807119328006,121.1970987396758,108.19588018319538,123.58902926564727,91.18689993012143,182.14288811110038,73.12235254105528,34.466290226834914,1.07374618282264e-308,147.3553551420718,34.88088865133716,63.446463648250216,45.02737789423851,126.4460775579744,121.67454124982228,83.83989037381983,121.01383227930089,375.40301205738706,134.6715016843064,72.70241691503136,54.7423098341537,102.460785685276,115.9927092644493,127.41521515355322,144.99929073311773,21.611727338425375,79.09061756368979,44.23370081915594,35.35319917709401,111.37581593563903,105.86263735747983,165.84167940851177,58.39100810655209,98.34739392847428,44.90204053662619,76.06359700664868,138.0096704836086,170.67354609619724,110.27810953478019,65.28964783560534,109.20356659132116,82.19086581843973,93.89455404494612,71.69050130648009,82.7699615773439,105.86937390839682
topology_carcinoma_9_clean_linfoides.csv,56.13656026080184,96.95132044926734,127.8645499622152,67.20678337123277,99.6749045535285,147.3553551420718,147.3553551420718,91.05304955379142,135.31951271270378,71.77497495636283,58.367975387556015,125.49628615872001,131.5042603665931,99.7265132312091,147.3553551420718,109.08526188486883,131.53138828359693,112.06875104425646,75.85071358145763,61.55271659438691,118.35216954909504,101.92017243421739,122.21352094714132,69.57506593805715,125.87415286876913,147.3553551420718,147.3553551420718,1.3886547631705016e-308,147.3553551420718,134.8345331210615,145.1371587106848,72.08963173012722,67.80336939571302,127.8645499622152,52.68304572554186,375.40301205738706,27.82717198675512,117.56633952137199,137.6373512893723,96.6077795095641,107.79345149440104,39.88027997703722,39.7540635917788,147.3553551420718,111.0739190412335,145.93083578576733,147.3553551420718,111.8710201861214,82.98543556918398,61.03554893928214,144.09746459571488,91.81714267644901,146.23251917782733,122.1610394701155,24.309776565312774,52.061663220552475,96.46553926136977,125.99996351810657,89.1108514905664,116.60183021086434,98.88512196029467,131.76625722844705,107.39457502757938,82.97196246735001
topology_ad_carcinoma_5_clean_linfoides.csv,175.42363527247272,84.45698261574947,40.500601543045605,122.92551911437008,85.75348973503722,30.6276565081954,15.796139142323048,105.38333343436625,50.90698824886399,98.56296359732607,114.22372822679694,61.37126426668016,100.70303614288629,88.33114403595813,30.352508658879955,79.50642485807478,46.126709117620486,94.86995316867512,185.2807119328006,114.91520295285534,85.33430933412026,116.12060749902406,79.46399635150314,182.14288811110038,53.84354006671447,35.07375318136884,34.88088865133716,147.3553551420718,1.738621226114838e-308,44.852097728078974,18.516100541188365,121.8347040836783,116.66332484950924,57.328613020769694,117.77779135464243,375.40301205738706,134.6715016843064,55.24058766916849,31.914302461492667,91.61666130120534,105.00843211360603,123.77297927483593,144.99929073311773,26.316005648975192,53.19893106229904,31.036070619164406,36.66233918474451,91.69418083900757,90.58768919330518,165.84167940851174,36.79426134466249,91.38062817833921,27.009769621469953,64.39962684516564,138.0096704836086,170.67354609619724,89.49876803728989,50.519130268110075,96.5764836169052,69.50452348154357,88.51319474297347,53.23255400161716,62.94821498584437,87.09215573981186
topology_dysplasia_15_clean_linfoides.csv,175.42363527247272,40.98347128744234,20.211072595530254,97.30846845284546,42.279978406730095,46.359201427684994,42.06395344011847,62.22409709283781,24.04846064599657,63.05955816469867,79.90488667769918,30.004001223540754,71.88431001207465,59.51241790514649,36.697215411227546,50.687698727263125,14.62134628669827,51.396441840368,185.2807119328006,82.51802031626943,56.51558320330861,87.3018813682124,35.990485023196015,182.14288811110038,17.72519449420429,71.09014547187985,63.446463648250216,134.8345331210615,44.852097728078974,9.58108362558782e-309,35.233644531072784,93.01597795286665,84.78407992312378,28.50988688995804,87.32205044090537,375.40301205738706,109.46682620553065,23.990887885182488,21.648687611628283,48.143149972898215,72.10924136581644,96.56905451446471,130.12240430315336,66.59739159538009,23.760614079828002,30.087209657282855,65.48106531555615,62.87545470819592,51.84909755187752,165.84167940851177,18.078691028980145,47.90711685003208,26.941822021221512,29.944993417465476,125.1480779965789,170.67354609619724,60.68004190647824,22.274961345125817,58.53095601956019,26.860862334577945,60.42492201004791,42.24087540540768,34.77210926534265,56.56192754678567
topology_ad_carcinoma_4_clean_linfoides.csv,175.42363527247272,66.96214494653799,23.005763873834127,122.92551911437008,68.25865206582574,27.880466331904245,31.761327850495178,88.20277075193346,38.03900217768911,84.00524402116247,107.39315218082743,44.9760304172153,82.18693560169794,69.81504349476977,36.4063605099371,60.99032431688641,36.51668291067461,77.37511549946365,185.2807119328006,107.26650978891166,66.81820879293188,97.6045069578357,61.969158682291656,182.14288811110038,47.86582531130206,47.25475193943102,45.02737789423851,145.1371587106848,18.516100541188365,35.233644531072784,1.0433663710467276e-308,103.31860354248992,110.76275358221942,38.81251247958133,117.11029312400183,375.40301205738706,125.33190563836533,37.74574999995701,24.515638360584703,74.12182363199386,87.51359444439456,122.54772817356036,140.42502989277665,38.497004407037366,40.1896476369424,17.22887544040752,55.17843972593287,73.17808029781919,73.79017075642693,165.84167940851177,24.591686795123294,73.88579050912773,13.43868846509902,49.3884157463076,136.84532388623677,170.67354609619724,70.98266749610153,37.4705884993468,79.08164594769372,52.009685812332094,79.80065199996031,46.193505927150014,55.48491836098496,72.08094464095382
topology_dysplasia_7_clean_linfoides.csv,110.12317600978704,55.13276528107249,83.25865611896853,50.967729342453,57.85634938533366,124.85039739305907,126.44607755797439,36.22701068618986,93.50095754450894,29.956419788167977,35.507563023175706,83.67773099052516,91.81973409715157,33.50356004772016,108.75815054680679,42.328279225603524,89.71283311540208,47.47505384731642,117.66926874965247,34.94709701942355,46.262537818967814,49.29495579844024,67.44332149228012,119.38960542621666,84.05559770057428,113.87969120989352,126.4460775579744,72.08963173012722,121.8347040836783,93.01597795286665,103.31860354248992,9.153105441967276e-309,38.443340812731314,64.50609106290861,43.48728191938207,375.40301205738706,55.78050239044353,75.64356452169707,95.81879612117746,45.88519575145244,36.26384951930126,51.8825118967149,51.89014405186802,126.4460775579744,69.25536387303865,104.1122806175725,126.44607755797439,43.04221155523979,41.16688040098913,129.16076078618113,102.27890942752006,49.99858750825416,104.41396400963251,72.28238443007976,78.80733888618644,94.39504621197406,34.30348960421777,84.18140834991172,34.485021933306456,66.1551156182887,57.06656679209982,89.94770206025223,65.57601985938453,41.15340729915516
topology_dysplasia_2_clean_linfoides.csv,107.4981880453009,45.58969266476828,87.7569897083853,26.140403910732488,48.31327676902944,116.66332484950922,121.67454124982228,36.94892597638723,83.95788492820472,30.19640336013495,40.134826191599686,74.13465837422095,115.20757985155402,64.70216736053663,102.68667673401335,63.52228684982896,82.13088213381042,54.28277432520946,127.21234136595669,21.481215741577667,75.98864500254942,53.01295072685774,64.08817251374984,120.93669372255621,74.51252508427007,116.66332484950924,121.67454124982228,67.80336939571302,116.66332484950924,84.78407992312378,110.76275358221942,38.443340812731314,8.82633231046549e-309,79.7544778092199,32.15038684823017,375.40301205738706,45.31018646565008,73.77941626870674,96.34328878993824,43.27492012024169,48.458251309685124,39.68811010633104,46.649498966590926,121.67454124982228,76.10885651951736,97.2215206322665,121.67454124982228,70.3883934719617,37.66990205812573,113.90357161741696,92.86566258887339,40.455514891949946,101.24782162996095,67.31824091258594,44.44616535573303,97.99800969274989,54.395801168599746,78.20163375622917,40.939219521054895,59.342824705699144,47.523494175795605,80.40462944394801,66.0424428513233,43.28785415887759
topology_ad_carcinoma_1_clean_linfoides.csv,162.46120649190527,40.750044906527194,18.75256505605992,92.27886633894158,44.75634535431652,60.34430633015046,70.5738403300765,57.19449497893393,28.994866481600322,68.39993933532318,91.24142983709652,29.395203947440805,44.88685365933553,35.140793260436894,44.25205948389819,30.546347512800708,25.206742052493468,51.383489725249746,182.17535981256106,80.80457273319166,28.00569631335057,62.50848535577566,30.96088290929214,175.89971216916058,24.874050365114186,64.648835754706,83.83989037381983,127.8645499622152,57.328613020769694,28.50988688995804,38.81251247958133,64.50609106290861,79.7544778092199,2.180659869099171e-308,101.0112147263954,375.40301205738706,105.7384192289754,18.87751061667899,31.312705058268847,51.35336187533275,56.50531867139503,108.43510673297396,105.5332012230443,68.41352432943208,24.67773269422395,39.6061895546639,93.99095220551419,34.36556781823788,49.69466299987194,162.02203483623413,37.77281836461145,42.877514736128205,39.9078729467239,36.64430803100714,120.11847588267503,152.96102813935426,39.85991884276939,21.88976202957231,52.2097350123621,32.71698991645775,61.755810266142916,31.69234810144479,33.73478667838417,55.92922229722291
topology_carcinoma_11_clean_linfoides.csv,108.8196059863437,60.2611698198682,98.53401890490619,30.69167886416966,58.049646202487565,117.77779135464243,121.01383227930089,54.53794504672831,82.63646698716191,33.61118457165827,42.511269036568194,74.06158955340265,117.43651286182043,68.10775185282179,112.96116256834952,76.38634710615275,88.63949337605783,76.67561436309418,128.53375930699946,31.25456817443183,81.83706504203192,69.72771933188181,87.43620419479069,122.25811166359901,80.87918589902444,117.77779135464243,121.01383227930089,52.68304572554186,117.77779135464243,87.32205044090537,117.11029312400183,43.48728191938207,32.15038684823017,101.0112147263954,1.4953410276688117e-308,375.40301205738706,35.88124983106553,93.3658719929814,101.58469899863857,62.861375844516346,73.31461501554122,27.833726803824504,47.97091690763372,121.01383227930089,78.9752171066853,112.51970754663367,121.01383227930089,81.57510746091415,54.93434302551478,89.65569425842173,95.37988682432186,62.501144322193085,105.55376202305334,86.90469663686059,38.135065063188705,99.31942763379269,61.151295883626005,82.93652676569147,52.11366873622865,81.73566474358387,49.1228844385584,79.37032263030764,69.22593318313997,45.51678716914401
topology_ad_carcinoma_15_clean_linfoides.csv,375.40301205738706,375.40301205738706,375.40301205738706,375.40301205738706,375.40301205738706,375.40301205738706,375.40301205738706,375.40301205738706,375.40301205738706,375.40301205738706,375.40301205738706,375.40301205738706,375.40301205738706,375.40301205738706,375.40301205738706,375.40301205738706,375.40301205738706,375.40301205738706,375.40301205738706,375.40301205738706,375.40301205738706,375.40301205738706,375.40301205738706,375.40301205738706,375.40301205738706,375.40301205738706,375.40301205738706,375.40301205738706,375.40301205738706,375.40301205738706,375.40301205738706,375.40301205738706,375.40301205738706,375.40301205738706,375.40301205738706,1.89676852755731e-308,375.40301205738706,375.40301205738706,375.40301205738706,375.40301205738706,375.40301205738706,375.40301205738706,375.40301205738706,375.40301205738706,375.40301205738706,375.40301205738706,375.40301205738706,375.40301205738706,375.40301205738706,375.40301205738706,375.40301205738706,375.40301205738706,375.40301205738706,375.40301205738706,375.40301205738706,375.40301205738706,375.40301205738706,375.40301205738706,375.40301205738706,375.40301205738706,375.40301205738706,375.40301205738706,375.40301205738706,375.40301205738706
topology_carcinoma_10_clean_linfoides.csv,81.50426717633269,71.5836135337365,108.58147301403795,40.73913297330142,77.85994223124271,134.6715016843064,134.67150168430638,64.58539915586007,109.95180579717294,51.5056781269509,45.49085765059938,100.12857924318917,125.33190563836533,82.03932893824884,125.2089987994708,82.61761148693748,106.16368136806608,87.08843093678306,101.21842049698847,39.98244314086986,93.32580658026163,81.93352705121006,101.15701073897276,94.942772853588,100.50644595323828,130.3305394625575,134.6715016843064,27.82717198675512,134.6715016843064,109.46682620553065,125.33190563836533,55.78050239044353,45.31018646565008,105.7384192289754,35.88124983106553,375.40301205738706,1.0364139837461245e-308,107.38719749992606,113.68045036765045,76.88270135146101,81.32580109646969,36.37704557670672,31.65649089020382,134.6715016843064,93.44601809722957,120.5631288702365,134.67150168430638,87.72555504967391,59.661547528094786,77.02598026660678,118.72975768018406,67.2283488247731,120.86481226229651,100.92602214380526,23.026836495742913,72.00408882378167,71.73296274631196,100.63225660257572,82.5696835126534,90.20881308518815,73.51741504476382,106.39855031291623,83.37960442903551,60.6250157365898
topology_ad_carcinoma_7_clean_linfoides.csv,173.59867995069374,40.06247443019625,19.838279441058802,85.5413921119841,37.2959095058453,51.84533312961473,59.43636687128804,50.457020751976444,30.764223279742865,67.98530085447405,86.96594613490691,38.1079887480367,54.51189658090507,47.7327346968888,33.11458602510973,45.59325150890092,25.273926264784322,39.62936549950663,185.2807119328006,72.54945650181449,39.14316977213903,69.92946793704283,26.331172896768464,182.14288811110038,36.623068665411765,71.76351224515429,72.70241691503136,117.56633952137199,55.24058766916849,23.990887885182488,37.74574999995701,75.64356452169707,73.77941626870674,18.87751061667899,93.3658719929814,375.40301205738706,107.38719749992606,1.243708398107597e-308,23.32628520767582,36.37607363203685,54.73682793464687,107.84155159645528,112.74999087198378,70.06020112494258,24.004005280950324,30.386003436917278,82.85347874672573,45.50304127702634,62.54741411053664,162.02203483623413,26.63534490582299,47.584303997614214,28.770399487935435,29.561748803922505,113.38100165571754,164.09850159814272,43.30762847530866,32.012704394589065,42.09932970970795,18.846332818668543,72.02873706301705,42.12595841313508,46.87480810402437,66.94105529131537
topology_carcinoma_17_clean_linfoides.csv,175.42363527247272,52.54268015425679,12.560140002208923,108.86767731965992,53.83918727354455,46.846822407566805,39.26113527180766,73.78330595965227,19.910948018729783,69.03189395558078,91.8149141093397,30.027158567698407,74.68712818038546,62.31523607345729,19.285418398484513,53.49051689557393,18.244752670843113,62.95565070718246,185.2807119328006,92.84704499663047,59.31840137161941,90.10469953652321,47.549693890010474,182.14288811110038,31.775933107097686,61.65410378211154,54.7423098341537,137.6373512893723,31.914302461492667,21.648687611628283,24.515638360584703,95.81879612117746,96.34328878993824,31.312705058268847,101.58469899863857,375.40301205738706,113.68045036765045,23.32628520767582,8.590429084870745e-309,59.70235883971267,74.91205953412725,109.00859100521714,132.92522247146417,52.74755409922177,27.432927350109942,20.57513568079399,62.67824714724536,65.67827287650672,58.67338673181251,165.84167940851177,31.562042063119875,59.46632571684654,29.22832354150144,38.321233786279606,136.70728686339334,170.67354609619724,63.482860074789045,22.521716649829912,64.66218115541253,37.5902210200509,65.37843553902732,29.74373986322324,38.23113111245921,56.502706569466085
topology_ad_carcinoma_2_clean_linfoides.csv,143.84031118044913,22.65749905210346,51.116059758159736,55.0418843586272,16.418613366875746,88.22140676165156,89.19473564153267,23.65538087605968,47.61576179305649,41.887484391516494,66.00738612309902,37.79253523907272,83.48880141797676,39.17504147863549,66.04574678378778,26.88135689960339,45.48995218358485,31.74397768338504,163.55446450110492,53.723363346172434,39.34771505232385,40.1710991667982,37.77835134372805,157.27881685770444,38.17040194912184,98.34285987439645,102.460785685276,96.6077795095641,91.61666130120534,48.143149972898215,74.12182363199386,45.88519575145244,43.27492012024169,51.35336187533275,62.861375844516346,375.40301205738706,76.88270135146101,36.37607363203685,59.70235883971267,1.6851470473199477e-308,34.743206105170515,77.33705544799022,82.99162210173915,98.34285987439645,39.46792656929179,62.86185469557104,103.50347968224817,33.74746352173614,38.51417132707853,131.41103762024943,56.39371367606762,24.212094404486066,64.60689167973538,36.57790839202117,81.90326837359817,134.34013282789812,20.128887653570843,41.5607038060036,18.8399141240749,30.505699292104538,49.980645243928805,44.06250630879978,29.401512901097732,49.37225022934898
topology_carcinoma_12_clean_linfoides.csv,118.8618520160469,34.22602869402229,64.50783057056043,52.715047712319006,45.20007062273649,103.94366080600886,114.17319480593491,35.71858831409912,72.59422095745873,47.92727656980705,69.30350164709688,62.77099440347496,91.95842071372913,41.45300822271176,87.8514139597566,40.27312771200408,68.80609652835187,26.568317260266213,138.57600533670268,53.10797302233749,52.739485864724536,50.840971633600745,46.536584905229915,132.3003576933022,63.14886111352408,105.0387452805968,115.9927092644493,107.79345149440104,105.00843211360603,72.10924136581644,87.51359444439456,36.26384951930126,48.458251309685124,56.50531867139503,73.31461501554122,375.40301205738706,81.32580109646969,54.73682793464687,74.91205953412725,34.743206105170515,1.2845722058617273e-308,88.14636141601616,77.83660151219013,112.01287880529047,52.859697381692484,83.2055440305223,115.99270926444929,47.13923433413683,31.487557089539678,155.06779978472798,81.37217284046986,29.091850921203957,83.5072274225823,52.34953148888094,90.85081148207968,116.53819633930775,37.66382339517766,63.274671762861516,32.36285516604764,45.2483790312385,41.00133291057119,69.04096547320201,44.669283272334326,31.54461420132202
topology_carcinoma_8_clean_linfoides.csv,96.01684023783906,68.53929248782441,106.00305112868142,40.47945897958144,73.69466020321877,126.7886725842167,127.4152151535532,64.19686900810004,95.43923273566656,44.26029778256256,32.67120149026543,85.61600618168279,122.55581214517969,76.48714195187755,120.38505457492809,92.06553182038562,96.0633853826364,93.9708844315405,115.73099355849484,43.18429610397297,92.52900299216839,77.60419312684897,101.4582055871162,109.45534591509437,88.303077905603,122.55581214517969,127.41521515355322,39.88027997703722,123.77297927483593,96.56905451446471,122.54772817356036,51.8825118967149,39.68811010633104,108.43510673297396,27.833726803824504,375.40301205738706,36.37704557670672,107.84155159645528,109.00859100521714,77.33705544799022,88.14636141601616,1.4422891227376824e-308,36.43911122813981,127.41521515355322,87.89383111085829,119.94359955321224,127.4152151535532,92.15998698724437,62.35823503209335,78.93244538210891,111.09825081640102,71.40076533176196,113.16849177768935,101.38037624033447,28.579023482114195,86.51666188528804,73.02645986000363,90.36041877227004,65.74222188674733,99.03093481203018,59.00484198325745,91.88597725140986,78.57735405247462,56.76006031160216
topology_carcinoma_4_clean_linfoides.csv,60.84868907870998,92.2391916313592,120.36508246925524,40.99726499294593,94.96277573562037,144.99929073311773,144.99929073311773,73.33343703647657,130.60738389479565,67.06284613845469,53.65584656964788,120.78415734081187,123.38672646907759,78.14897059967333,144.99929073311773,80.90833360280166,126.81925946568879,84.58148019760313,80.56284239936576,47.60438398688393,89.43544824168612,77.89030117035978,104.54974784256683,74.28719475596529,121.16202405086099,144.99929073311773,144.99929073311773,39.7540635917788,144.99929073311773,130.12240430315336,140.42502989277665,51.89014405186802,46.649498966590926,105.5332012230443,47.97091690763372,375.40301205738706,31.65649089020382,112.74999087198378,132.92522247146417,82.99162210173915,77.83660151219013,36.43911122813981,1.9443372046790513e-308,144.99929073311773,106.36179022332536,141.2187069678592,144.99929073311773,86.09709395756306,78.27330675127584,77.27061673431314,139.38533577780674,87.10501385854087,141.5203903599192,109.38881078036647,34.13763897213033,51.34851072615896,69.44236239667512,121.28783470019843,80.87719747500668,103.26154196857541,94.17299314238653,127.05412841053894,102.68244620967124,78.25983364944187
topology_ad_dysplasia_5_clean_linfoides.csv,175.42363527247272,94.7630205316685,55.320214998819694,124.5006582366448,95.41127409131238,26.19861012166271,35.7701057989589,105.38333343436625,68.77177421515894,102.96319560417271,116.37019517297952,78.429094805977,111.78794745154867,99.41605534462052,43.807414949367214,90.59133616673716,70.99230677006489,99.96950580813134,185.2807119328006,121.1970987396758,96.41922064278265,123.58902926564727,92.26652739954534,182.14288811110038,75.14529600504915,19.03992418244715,21.611727338425375,147.3553551420718,26.316005648975192,66.59739159538009,38.497004407037366,126.4460775579744,121.67454124982228,68.41352432943208,121.01383227930089,375.40301205738706,134.6715016843064,70.06020112494258,52.74755409922177,98.34285987439645,112.01287880529047,127.41521515355322,144.99929073311773,7.533934867136705e-309,73.05310601057005,45.855684074938495,25.577427876082123,102.77909214766996,97.82837382044636,165.84167940851177,55.57800880875625,98.22484331296337,51.02719014722649,79.86177044056265,138.0096704836086,170.67354609619724,100.58367934595228,74.67637384704275,100.82277103224638,84.32413693731766,93.89455404494612,72.65565648523848,80.11570982235546,95.01939777007044
topology_ad_dysplasia_2_clean_linfoides.csv,167.2104793020353,32.30824788383592,25.129038774302074,88.63324504923904,33.60475500312367,55.59503352002042,65.82456751994647,53.548873689231385,28.272970832200627,50.05390971307324,73.27360577476418,30.607656466547745,57.20573985607484,41.341307001834316,39.50278667376815,32.25737166331349,21.193803728599335,42.721218436761575,185.2807119328006,72.61261272620959,32.754969123480606,63.541267288384404,27.31526161958959,180.64898497929062,14.800233827535635,77.15463183842556,79.09061756368979,111.0739190412335,53.19893106229904,23.760614079828002,40.1896476369424,69.25536387303865,76.10885651951736,24.67773269422395,78.9752171066853,375.40301205738706,93.44601809722957,24.004005280950324,27.432927350109942,39.46792656929179,52.859697381692484,87.89383111085829,106.36179022332536,73.05310601057005,7.845410123451443e-309,38.109702516499055,89.24167939538415,39.114840628367915,38.543408829586326,162.02203483623413,33.023545554481416,39.23189344642566,35.15860013659386,35.47719821862535,116.47285459297248,157.7103009494843,36.919427826650235,25.843370004541192,44.427748884991644,23.685704300779207,56.13206195853782,42.54666684235009,29.052973992946562,46.77292596933445
topology_ad_carcinoma_10_clean_linfoides.csv,175.42363527247272,54.334643762081726,20.853624498603974,109.74590916198818,56.26483817455481,38.12169927848301,30.967650775412608,74.66153780198053,31.151539249999402,85.0590855491279,106.43531062641773,46.054350161245516,82.9806126767805,70.60872056985235,20.239525715085794,61.784001391968985,32.2436653073666,63.83388254951071,185.2807119328006,93.72527683895873,67.61188586801445,98.39818403291827,48.42792573233873,182.14288811110038,40.69494829743557,47.50638899509194,44.23370081915594,145.93083578576733,31.036070619164406,30.087209657282855,17.22887544040752,104.1122806175725,97.2215206322665,39.6061895546639,112.51970754663367,375.40301205738706,120.5631288702365,30.386003436917278,20.57513568079399,62.86185469557104,83.2055440305223,119.94359955321224,141.2187069678592,45.855684074938495,38.109702516499055,2.131002049921666e-308,54.384762650850305,73.97175737290178,67.23760972044312,165.84167940851174,29.659727156608398,60.3445575591748,26.56599118156438,44.74518622281498,136.84532388623677,170.67354609619724,71.7763445711841,38.54890824337703,69.62725868426605,44.22548273669603,75.38140382081727,40.0145306030173,49.77371876565131,68.67642318064289
topology_ad_carcinoma_14_clean_linfoides.csv,175.42363527247272,98.87969491743814,75.23838714945427,124.50065823664478,97.51790286530756,33.646645875363745,26.32582969369669,108.33257221487946,65.97436548369825,111.4678676638904,118.17136744829381,74.81931227789764,115.88024358757839,109.69429753411431,49.738892721616004,105.28193794517263,68.78421015302072,102.70855063431618,185.2807119328006,121.19709873967578,108.19588018319537,123.58902926564727,92.26652739954535,182.14288811110038,74.44144556784852,44.61735205852928,35.35319917709401,147.3553551420718,36.66233918474451,65.48106531555615,55.17843972593287,126.44607755797439,121.67454124982228,93.99095220551419,121.01383227930089,375.40301205738706,134.67150168430638,82.85347874672573,62.67824714724536,103.50347968224817,115.99270926444929,127.4152151535532,144.99929073311773,25.577427876082123,89.24167939538415,54.384762650850305,6.343773308248555e-309,111.37581593563903,105.86263735747983,165.84167940851174,56.21813384090275,101.44678380384731,54.0830792587903,86.21465883834306,138.00967048360857,170.6735460961972,110.27810953478019,74.31563491851108,109.20356659132116,92.3419276501341,97.91279416192448,68.70652229623985,92.92102340903827,105.86937390839681
topology_ad_carcinoma_12_clean_linfoides.csv,142.0682286690174,37.791250309795245,53.1181328742978,82.91278200168338,27.884291955568017,94.70987414838834,104.93940814831439,47.82841064167573,63.360434299838204,52.00484526152741,75.71676849900464,53.53720774585443,59.53267968176456,42.7649349617682,78.61762730213606,31.667780519340496,59.572309870731345,37.477070512365984,147.80979199432318,66.89214967865394,22.063194909759616,53.14240101851746,37.30279824760939,151.33465808544702,53.91507445590355,83.73916796522279,111.37581593563903,111.8710201861214,91.69418083900757,62.87545470819592,73.17808029781919,43.04221155523979,70.3883934719617,34.36556781823788,81.57510746091415,375.40301205738706,87.72555504967391,45.50304127702634,65.67827287650672,33.74746352173614,47.13923433413683,92.15998698724437,86.09709395756306,102.77909214766996,39.114840628367915,73.97175737290178,111.37581593563903,1.1089992279470365e-308,47.823783580547286,161.1058134454115,72.13838618284933,34.90490187574714,74.27344076496178,42.14186118540903,110.75239154541683,126.34009887120445,27.113854440997216,54.04088510524099,38.70728583743599,36.01459237361797,61.807791265667774,59.807178815581494,35.4354966147138,57.990070842086155
topology_dysplasia_3_clean_linfoides.csv,139.1219958299858,24.306597010403095,58.865874218891115,50.194290587847405,48.53612933933077,87.1924346537514,93.91305099199599,35.570206339971065,52.334077143519806,21.323158453856507,45.1645581362159,42.510850589536034,86.7022130605415,27.032265302410906,68.51877023614372,32.36358262607499,48.54595271441295,42.24864754739363,158.83614915064157,34.727701032311046,47.23486550624975,54.33920287514027,54.34821230027768,152.5605015072411,42.88871729958515,97.82837382044636,105.86263735747983,82.98543556918398,90.58768919330518,51.84909755187752,73.79017075642693,41.16688040098913,37.66990205812573,49.69466299987194,54.93434302551478,375.40301205738706,59.661547528094786,62.54741411053664,58.67338673181251,38.51417132707853,31.487557089539678,62.35823503209335,78.27330675127584,97.82837382044636,38.543408829586326,67.23760972044312,105.86263735747983,47.823783580547286,8.160260002142157e-309,136.68752779470157,61.112029026530934,26.0166190358605,68.95278889089028,60.68095819634591,78.03390013158085,129.62181747743477,37.22354315671602,43.01452794892259,34.958024401304655,45.36902969579873,20.472000852032266,48.7808216592631,29.804635299917663,13.468631671070327
topology_dysplasia_4_clean_linfoides.csv,47.903578194370226,142.01435458905496,162.04985982004325,108.30125229965338,138.00805414126563,165.84167940851177,165.84167940851174,132.25809920861502,165.84167940851174,120.91382333358479,95.59661321887444,162.46893469159988,162.02203483623413,155.41958733398647,165.84167940851174,157.9868855085952,165.84167940851177,131.38090977033244,50.677470497813886,101.95982676239052,162.02203483623413,151.48090410106857,157.9868855085952,63.31150668190193,162.84680140164897,165.84167940851174,165.84167940851177,61.03554893928214,165.84167940851174,165.84167940851177,165.84167940851177,129.16076078618113,113.90357161741696,162.02203483623413,89.65569425842173,375.40301205738706,77.02598026660678,162.02203483623413,165.84167940851177,131.41103762024943,155.06779978472798,78.93244538210891,77.27061673431314,165.84167940851177,162.02203483623413,165.84167940851174,165.84167940851174,161.1058134454115,136.68752779470157,1.5269368571531824e-308,165.84167940851177,144.25432909137987,165.84167940851177,154.84276128044377,72.20530906990587,67.1185435083517,145.11322114204955,162.9726120509864,130.55466448322005,150.0474095791244,136.25496158257602,165.84167940851174,156.7598628247731,134.00527413232743
topology_ad_dysplasia_6_clean_linfoides.csv,175.42363527247272,49.06505395319195,25.69250947304929,105.39005111859507,50.3615610724797,39.834521719010894,32.801021965465054,70.30567975858742,33.11140591062055,72.32248963935209,90.26819986479643,36.61786466266044,81.14724148672806,68.7753493797999,41.43409282427919,59.95063020191654,27.66755130664456,59.478024506117606,185.2807119328006,91.78095179092284,65.77851467796202,96.56481284286582,44.07206768894562,182.14288811110038,23.434511194735705,63.342645522683995,58.39100810655209,144.09746459571488,36.79426134466249,18.078691028980145,24.591686795123294,102.27890942752006,92.86566258887339,37.77281836461145,95.37988682432186,375.40301205738706,118.72975768018406,26.63534490582299,31.562042063119875,56.39371367606762,81.37217284046986,111.09825081640102,139.38533577780674,55.57800880875625,33.023545554481416,29.659727156608398,56.21813384090275,72.13838618284933,61.112029026530934,165.84167940851177,1.17743433269216e-308,55.98869951578169,26.087686637505314,32.54273119103421,133.2296606623285,170.67354609619724,69.94297338113165,33.89277272429929,67.7938874942136,36.12379380923136,59.61253568441391,46.25465815253837,36.791606256270086,61.1255021283649
topology_dysplasia_11_clean_linfoides.csv,147.95370293725085,17.798431782387276,50.8800266352936,49.40135160281338,36.41678834956147,87.98537363878543,85.08134388473096,19.520042449311894,43.502370036254774,30.45212798257495,52.73135943289421,33.679143482271,78.33061677846231,31.14196038289103,65.80971366092164,26.645323776737257,45.253919060718715,29.198468130654476,167.66785625790664,42.29450232898935,39.11168192945772,47.62202838350382,42.245709206740884,161.39220861450616,37.53708811162474,98.22484331296337,98.34739392847428,91.81714267644901,91.38062817833921,47.90711685003208,73.88579050912773,49.99858750825416,40.455514891949946,42.877514736128205,62.501144322193085,375.40301205738706,67.2283488247731,47.584303997614214,59.46632571684654,24.212094404486066,29.091850921203957,71.40076533176196,87.10501385854087,98.22484331296337,39.23189344642566,60.3445575591748,101.44678380384731,34.90490187574714,26.0166190358605,144.25432909137987,55.98869951578169,7.302167480518784e-309,64.37085855686925,49.086123118832035,77.24096114654682,138.45352458469984,24.69018167977142,41.32467068313747,28.742333543486993,31.783491755526896,29.085781459092715,40.26442654694952,29.1654797782316,28.871116597587744
topology_ad_dysplasia_4_clean_linfoides.csv,175.42363527247272,57.44721299427951,25.810533184832877,113.77221015968263,58.743720113567264,27.830706909623586,30.66596738335261,78.68783879967498,40.00493134708911,74.45754422146453,96.36862838453635,48.33305946164782,83.28229606884051,70.91040396191235,41.30932593434728,62.085684784028984,25.8619015449339,67.86018354720517,185.2807119328006,97.75157783665318,67.91356926007447,98.69986742497827,52.454226730033184,182.14288811110038,37.41395866285268,57.80936607818148,44.90204053662619,146.23251917782733,27.009769621469953,26.941822021221512,13.43868846509902,104.41396400963251,101.24782162996095,39.9078729467239,105.55376202305334,375.40301205738706,120.86481226229651,28.770399487935435,29.22832354150144,64.60689167973538,83.5072274225823,113.16849177768935,141.5203903599192,51.02719014722649,35.15860013659386,26.56599118156438,54.0830792587903,74.27344076496178,68.95278889089028,165.84167940851177,26.087686637505314,64.37085855686925,9.24087127864035e-309,37.779240699234634,136.84532388623677,170.67354609619724,72.0780279632441,41.87522604609194,69.92894207632605,42.494753860073615,74.68656772953514,50.26712339974384,52.58128932110222,74.06859238509006
topology_dysplasia_16_clean_linfoides.csv,170.23749985907642,50.388354624423314,32.15233474800719,76.64972983671561,33.94778712353528,63.45815659409128,62.79754696290536,45.506731327009376,43.88930399229339,62.294864545521506,86.25289695986837,48.19633538786782,65.3721329452207,54.08215004176111,45.18664124453082,46.36367526655518,37.393007030090374,49.001807739865924,185.2807119328006,72.0396609581949,39.48624006056119,66.56828784542552,39.89191581654522,182.14288811110038,33.56510974699438,83.22303246209248,76.06359700664868,122.1610394701155,64.39962684516564,29.944993417465476,49.3884157463076,72.28238443007976,67.31824091258594,36.64430803100714,86.90469663686059,375.40301205738706,100.92602214380526,29.561748803922505,38.321233786279606,36.57790839202117,52.34953148888094,101.38037624033447,109.38881078036647,79.86177044056265,35.47719821862535,44.74518622281498,86.21465883834306,42.14186118540903,60.68095819634591,154.84276128044377,32.54273119103421,49.086123118832035,37.779240699234634,1.7182655074151376e-308,104.48933938044905,160.7373215065254,43.09995578425098,44.097763048541665,39.354131204837955,35.8019133290979,73.7705783355957,52.9046814021587,49.302336450826715,69.24627198810262
topology_carcinoma_19_clean_linfoides.csv,74.8279295777283,84.16460670913656,128.12098778184043,43.57062788573785,82.86809958984881,138.0096704836086,138.00967048360857,67.37114471852874,117.71460107602203,70.56040143359007,45.243191318879724,107.25032505820587,136.84532388623677,105.06616543399176,136.84532388623677,103.88628492328408,122.49488020726554,96.67533449760401,94.54208289838408,45.888746170036484,116.35264307600454,87.07376555293044,107.36711406585437,88.2664352549836,114.77804925817156,137.0068770611619,138.0096704836086,24.309776565312774,138.0096704836086,125.1480779965789,136.84532388623677,78.80733888618644,44.44616535573303,120.11847588267503,38.135065063188705,375.40301205738706,23.026836495742913,113.38100165571754,136.70728686339334,81.90326837359817,90.85081148207968,28.579023482114195,34.13763897213033,138.0096704836086,116.47285459297248,136.84532388623677,138.00967048360857,110.75239154541683,78.03390013158085,72.20530906990587,133.2296606623285,77.24096114654682,136.84532388623677,104.48933938044905,1.037153452719643e-308,65.32775122517728,94.75979924205487,118.56563182968429,75.81924052852457,101.7353848780937,85.90153968258133,117.50538769349635,106.40644092477842,83.65185223233271
topology_carcinoma_7_clean_linfoides.csv,39.326707031532635,143.58770235751814,170.67354609619724,92.34577571910489,146.31128646177933,170.67354609619724,170.6735460961972,124.68194776263553,170.67354609619724,118.41135686461365,105.00435729580684,170.67354609619724,144.63917754913058,121.95849712416583,170.6735460961972,130.7832163020492,170.67354609619724,135.9299909237621,54.818985842466034,98.9528947130429,131.94035040179216,106.42463231017311,155.8982585687258,34.671688634341905,170.67354609619724,170.67354609619724,170.67354609619724,52.061663220552475,170.67354609619724,170.67354609619724,170.67354609619724,94.39504621197406,97.99800969274989,152.96102813935426,99.31942763379269,375.40301205738706,72.00408882378167,164.09850159814272,170.67354609619724,134.34013282789812,116.53819633930775,86.51666188528804,51.34851072615896,170.67354609619724,157.7103009494843,170.67354609619724,170.6735460961972,126.34009887120445,129.62181747743477,67.1185435083517,170.67354609619724,138.45352458469984,170.67354609619724,160.7373215065254,65.32775122517728,7.218857264987127e-309,120.79087312283409,170.67354609619724,122.93995900975213,154.61005269473435,145.5215038685455,170.67354609619724,154.0309569358302,129.60834437560084
topology_dysplasia_19_clean_linfoides.csv,130.29105147538507,25.702477693878706,50.92272007258012,66.92018969832142,25.520413338945247,92.51446134667066,102.74399534659669,31.83581833831377,61.165021498120524,39.01205795280583,57.97558941406561,51.34179494413675,71.9953583854134,41.14736198247208,76.42221450041838,32.10671550264399,57.376897069013665,34.36380436123012,150.00520479604086,55.72092796765962,27.514830382015305,41.63126562967781,35.17142731400992,143.72955715264038,51.71966165418587,89.46542426520935,110.27810953478019,96.46553926136977,89.49876803728989,60.68004190647824,70.98266749610153,34.30348960421777,54.395801168599746,39.85991884276939,61.151295883626005,375.40301205738706,71.73296274631196,43.30762847530866,63.482860074789045,20.128887653570843,37.66382339517766,73.02645986000363,69.44236239667512,100.58367934595228,36.919427826650235,71.7763445711841,110.27810953478019,27.113854440997216,37.22354315671602,145.11322114204955,69.94297338113165,24.69018167977142,72.0780279632441,43.09995578425098,94.75979924205487,120.79087312283409,1.7296237126761957e-308,51.84547230352331,22.71469353407403,33.81917957190029,48.527469210602106,57.611766013863814,33.24008381299612,47.00827467573819
topology_dysplasia_12_clean_linfoides.csv,175.42363527247272,34.40102512054773,28.672771181624427,90.72602228595085,35.69753223983548,54.304241887286096,50.898523043073396,55.641650925943196,13.636787872554507,54.22498856174374,73.32244051080457,11.315306771478419,63.04974040911972,50.677848302191556,33.394472965640205,41.8531291243082,17.139266895215727,44.813995673473386,185.2807119328006,74.7053899629214,47.68101360035368,78.46731176525748,29.408038856301403,182.14288811110038,25.648396571847663,75.04172898974245,65.28964783560534,125.99996351810657,50.519130268110075,22.274961345125817,37.4705884993468,84.18140834991172,78.20163375622917,21.88976202957231,82.93652676569147,375.40301205738706,100.63225660257572,32.012704394589065,22.521716649829912,41.5607038060036,63.274671762861516,90.36041877227004,121.28783470019843,74.67637384704275,25.843370004541192,38.54890824337703,74.31563491851108,54.04088510524099,43.01452794892259,162.9726120509864,33.89277272429929,41.32467068313747,41.87522604609194,44.097763048541665,118.56563182968429,170.67354609619724,51.84547230352331,1.481363190942487e-308,49.696386416605264,19.448565986341833,47.69077725908832,28.1138253300959,23.39430530284679,43.02800105075656
topology_dysplasia_13_clean_linfoides.csv,132.44013736230312,20.64774334776604,56.07588207385959,51.73614319854762,25.055782780586483,93.18122907735142,100.59490945967865,23.939175522712787,59.01593561120248,34.49183686217172,58.51045810410133,49.19270905721871,86.1864673395134,33.02105972601092,74.27312861350033,36.28202557041709,55.22781118209562,38.18737818157197,152.1542906829589,49.92168263901608,44.3075373680237,40.13820667205667,45.67469933714767,145.87864303955843,49.570575767267826,100.82277103224637,109.20356659132116,89.1108514905664,96.5764836169052,58.53095601956019,79.08164594769372,34.485021933306456,40.939219521054895,52.2097350123621,52.11366873622865,375.40301205738706,82.5696835126534,42.09932970970795,64.66218115541253,18.8399141240749,32.36285516604764,65.74222188674733,80.87719747500668,100.82277103224638,44.427748884991644,69.62725868426605,109.20356659132116,38.70728583743599,34.958024401304655,130.55466448322005,67.7938874942136,28.742333543486993,69.92894207632605,39.354131204837955,75.81924052852457,122.93995900975213,22.71469353407403,49.696386416605264,1.6000525275539767e-308,43.24742856206166,53.71084650097335,55.46268012694577,34.361335216797585,43.28428760414742
topology_ad_carcinoma_9_clean_linfoides.csv,164.11023104728537,30.49164232420577,29.003921938497967,71.27745629960901,25.336274608811408,66.1092689419898,68.92481577469641,36.19308493960136,27.34584192622023,58.08229746284317,78.20088386042559,21.784108000323656,64.85242945910176,33.16525873403542,44.666937758411876,26.746918690232377,23.557717497113373,26.22001829711759,183.82438436794115,55.84663870805721,29.654720868730664,60.44101903363446,19.141979384853045,177.54873672454067,22.64987498916262,85.65024579403857,82.19086581843973,116.60183021086434,69.50452348154357,26.860862334577945,52.009685812332094,66.1551156182887,59.342824705699144,32.71698991645775,81.73566474358387,375.40301205738706,90.20881308518815,18.846332818668543,37.5902210200509,30.505699292104538,45.2483790312385,99.03093481203018,103.26154196857541,84.32413693731766,23.685704300779207,44.22548273669603,92.3419276501341,36.01459237361797,45.36902969579873,150.0474095791244,36.12379380923136,31.783491755526896,42.494753860073615,35.8019133290979,101.7353848780937,154.61005269473435,33.81917957190029,19.448565986341833,43.24742856206166,1.402637454335924e-308,55.50221701177831,34.200948570349425,32.30733214117099,49.358370092037916
topology_carcinoma_1_clean_linfoides.csv,155.0216822210965,38.859417145483064,65.05011324718222,58.061930138847885,57.14336365892204,87.03326797354129,78.0133646008853,44.00779627759361,52.54526350452052,27.110147003931843,46.30269128903235,43.204314153736874,92.26170436187772,28.52082203053416,72.82635225910832,41.44292093184893,58.755573871054295,50.24087728611673,174.7358355417523,46.5686091555026,58.834963474871714,61.89834695495426,58.48361039452196,168.46018789835182,53.19155927669182,93.89455404494612,93.89455404494612,98.88512196029467,88.51319474297347,60.42492201004791,79.80065199996031,57.06656679209982,47.523494175795605,61.755810266142916,49.1228844385584,375.40301205738706,73.51741504476382,72.02873706301705,65.37843553902732,49.980645243928805,41.00133291057119,59.00484198325745,94.17299314238653,93.89455404494612,56.13206195853782,75.38140382081727,97.91279416192448,61.807791265667774,20.472000852032266,136.25496158257602,59.61253568441391,29.085781459092715,74.68656772953514,73.7705783355957,85.90153968258133,145.5215038685455,48.527469210602106,47.69077725908832,53.71084650097335,55.50221701177831,9.187894790010645e-309,40.75263157835487,34.51396308642836,15.913159492944658
topology_carcinoma_16_clean_linfoides.csv,175.42363527247272,34.814936779179725,35.938856309692696,89.6657781497629,47.272328141680575,58.14119741527648,45.797756282130635,54.58140678975525,24.936651020163143,59.99128227208425,73.39828184089106,27.657912534684698,68.81603411946023,56.44414201253207,37.05645624313308,47.6194228346487,32.3580723161964,43.75375153728544,185.2807119328006,79.449744423655,53.44730731069418,84.23360547559798,30.232318885065578,182.14288811110038,42.585006967780245,76.5925954446499,71.69050130648009,131.76625722844705,53.23255400161716,42.24087540540768,46.193505927150014,89.94770206025223,80.40462944394801,31.69234810144479,79.37032263030764,375.40301205738706,106.39855031291623,42.12595841313508,29.74373986322324,44.06250630879978,69.04096547320201,91.88597725140986,127.05412841053894,72.65565648523848,42.54666684235009,40.0145306030173,68.70652229623985,59.807178815581494,48.7808216592631,165.84167940851174,46.25465815253837,40.26442654694952,50.26712339974384,52.9046814021587,117.50538769349635,170.67354609619724,57.611766013863814,28.1138253300959,55.46268012694577,34.200948570349425,40.75263157835487,1.848690495147947e-308,34.54766550013484,48.794294761097056
topology_ad_dysplasia_10_clean_linfoides.csv,163.53113528838122,22.24183421564186,40.88540181173185,78.56683138104498,33.14944184100483,67.20441775962522,69.50391153360057,43.482460021037326,27.924937685124405,37.62871670328761,61.1632496058987,21.1713569691396,74.17797096008198,35.32042040718516,49.76747162654577,25.675082898142797,32.86996741113158,32.654804768567516,183.245288609037,62.54619905801553,33.71254807886251,59.86192327473029,35.59691369067971,176.96964096563653,28.346075494083735,82.49732653243186,82.7699615773439,107.39457502757938,62.94821498584437,34.77210926534265,55.48491836098496,65.57601985938453,66.0424428513233,33.73478667838417,69.22593318313997,375.40301205738706,83.37960442903551,46.87480810402437,38.23113111245921,29.401512901097732,44.669283272334326,78.57735405247462,102.68244620967124,80.11570982235546,29.052973992946562,49.77371876565131,92.92102340903827,35.4354966147138,29.804635299917663,156.7598628247731,36.791606256270086,29.1654797782316,52.58128932110222,49.302336450826715,106.40644092477842,154.0309569358302,33.24008381299612,23.39430530284679,34.361335216797585,32.30733214117099,34.51396308642836,34.54766550013484,1.373247640156528e-308,35.42571375631741
topology_carcinoma_15_clean_linfoides.csv,139.10852272815185,32.05995067974479,58.800286118890284,55.81224268859927,53.879144374147586,86.15068548873748,93.92652409382994,43.39608813379736,52.347550245353766,21.861108156052296,45.981009887634826,42.52432369137,88.27909138565019,27.187609287916757,67.87917013917703,35.305471508783455,51.45665361637735,38.34254504922056,158.82267604880764,39.791610365569824,51.206795126536065,59.477348016307005,45.63211767304142,152.54702840540716,51.76481944269359,95.01939777007044,105.86937390839682,82.97196246735001,87.09215573981186,56.56192754678567,72.08094464095382,41.15340729915516,43.28785415887759,55.92922229722291,45.51678716914401,375.40301205738706,60.6250157365898,66.94105529131537,56.502706569466085,49.37225022934898,31.54461420132202,56.76006031160216,78.25983364944187,95.01939777007044,46.77292596933445,68.67642318064289,105.86937390839681,57.990070842086155,13.468631671070327,134.00527413232743,61.1255021283649,28.871116597587744,74.06859238509006,69.24627198810262,83.65185223233271,129.60834437560084,47.00827467573819,43.02800105075656,43.28428760414742,49.358370092037916,15.913159492944658,48.794294761097056,35.42571375631741,1.6610406708551795e-308
