,topology_dysplasia_11_clean_otras.csv,topology_carcinoma_14_clean_otras.csv,topology_ad_dysplasia_1_clean_otras.csv,topology_carcinoma_18_clean_otras.csv,topology_dysplasia_5_clean_otras.csv,topology_ad_dysplasia_6_clean_otras.csv,topology_dysplasia_6_clean_otras.csv,topology_carcinoma_17_clean_otras.csv,topology_dysplasia_10_clean_otras.csv,topology_ad_dysplasia_3_clean_otras.csv,topology_ad_carcinoma_9_clean_otras.csv,topology_carcinoma_11_clean_otras.csv,topology_ad_carcinoma_1_clean_otras.csv,topology_dysplasia_3_clean_otras.csv,topology_dysplasia_7_clean_otras.csv,topology_carcinoma_6_clean_otras.csv,topology_carcinoma_10_clean_otras.csv,topology_ad_carcinoma_15_clean_otras.csv,topology_dysplasia_2_clean_otras.csv,topology_dysplasia_17_clean_otras.csv,topology_dysplasia_1_clean_otras.csv,topology_carcinoma_9_clean_otras.csv,topology_ad_carcinoma_4_clean_otras.csv,topology_carcinoma_7_clean_otras.csv,topology_carcinoma_8_clean_otras.csv,topology_ad_dysplasia_8_clean_otras.csv,topology_carcinoma_13_clean_otras.csv,topology_ad_carcinoma_3_clean_otras.csv,topology_ad_dysplasia_4_clean_otras.csv,topology_ad_carcinoma_8_clean_otras.csv,topology_dysplasia_12_clean_otras.csv,topology_carcinoma_12_clean_otras.csv,topology_ad_dysplasia_5_clean_otras.csv,topology_ad_carcinoma_2_clean_otras.csv,topology_carcinoma_16_clean_otras.csv,topology_ad_dysplasia_9_clean_otras.csv,topology_dysplasia_9_clean_otras.csv,topology_ad_carcinoma_5_clean_otras.csv,topology_carcinoma_1_clean_otras.csv,topology_dysplasia_8_clean_otras.csv,topology_ad_dysplasia_2_clean_otras.csv,topology_ad_carcinoma_12_clean_otras.csv,topology_carcinoma_3_clean_otras.csv,topology_ad_carcinoma_11_clean_otras.csv,topology_carcinoma_20_clean_otras.csv,topology_dysplasia_16_clean_otras.csv,topology_dysplasia_13_clean_otras.csv,topology_ad_carcinoma_13_clean_otras.csv,topology_ad_carcinoma_7_clean_otras.csv,topology_dysplasia_15_clean_otras.csv,topology_carcinoma_19_clean_otras.csv,topology_dysplasia_19_clean_otras.csv,topology_dysplasia_18_clean_otras.csv,topology_carcinoma_15_clean_otras.csv,topology_carcinoma_5_clean_otras.csv,topology_ad_carcinoma_6_clean_otras.csv,topology_ad_dysplasia_7_clean_otras.csv,topology_ad_carcinoma_14_clean_otras.csv,topology_dysplasia_4_clean_otras.csv,topology_ad_dysplasia_10_clean_otras.csv,topology_dysplasia_14_clean_otras.csv,topology_carcinoma_2_clean_otras.csv,topology_carcinoma_4_clean_otras.csv,topology_ad_carcinoma_10_clean_otras.csv
topology_dysplasia_11_clean_otras.csv,0.0,5183.312772693996,3269.6999532692817,10344.22840012343,13385.735331717813,5265.654204860702,2093.0158036998437,8590.89948841153,6307.367665153148,4362.944750649037,3243.6931066810102,6359.651512754239,3331.010497113827,9472.114392551879,3550.326214373808,9542.90727911544,9214.078820678675,5833.460954391078,5404.186341885983,2766.7096170938416,7623.8391504275205,7464.406948900739,6108.1760592323635,6896.405576856276,7356.391885144367,6861.341256176645,6422.296752757602,2413.2797114818545,5894.481073687122,4055.678707130742,6423.565653460778,9264.121350980731,9634.820157600647,3746.7229737821185,inf,6960.481152605287,13015.672174823794,11693.187728545277,7002.601752670791,12460.013481588594,4729.389890605279,3545.5706246368895,7140.913123326785,4448.000397717916,inf,5269.059039241783,8062.304318212888,4735.5204173267,3074.1145097952203,8124.345557086228,8981.887293225274,5951.32167700745,7394.979657425576,7174.579587009913,9597.942726141151,5216.391346148277,9499.70287744951,6781.3199827000835,inf,3791.621638986531,7844.127419830377,8334.022862944214,9458.73412472199,6947.9842165359405
topology_carcinoma_14_clean_otras.csv,5183.312772693996,0.0,2538.1631945578415,5231.013255265607,16402.98943974053,1940.7623344518831,5429.034717715835,4189.708140089846,9182.710913382693,2759.1320782933235,3570.782739123072,1907.0201438701972,2591.1516014584986,4486.970090254376,4181.926954438493,4422.7754051032225,4237.343917480433,1582.0491267375496,6023.7408507343625,3340.1798558757687,2929.4953135374108,2678.078922718223,5144.075743199296,1975.5199344560688,2476.2614586570007,3488.0499685181976,1684.8564505307781,6260.594528092214,4371.478455196693,7695.833893749338,8593.640357343333,4165.002178401717,9225.86808617409,2596.9811414870874,inf,4631.090831695042,16820.35675602108,11634.564803779238,3465.1638233410004,14468.640396068306,1637.2323145527657,4069.871992210349,2138.8066123766175,1778.6205605766945,inf,3582.5760688410446,9662.389798371989,4257.744614428495,5126.810403869547,8912.04347412175,4033.76439490929,1379.1810865947891,2678.6212913038153,3179.817053596683,4506.819220359837,3656.0792261427255,10858.261420584617,4821.766590050793,inf,1700.1923171524686,8995.428778359797,3880.194844664874,4518.641687061987,9810.774525417948
topology_ad_dysplasia_1_clean_otras.csv,3269.6999532692817,2538.1631945578415,0.0,7382.461842165856,15940.61805406368,3691.7143523185728,4147.912580022532,6436.5866928285795,8554.906090093014,3702.5545541630368,3547.431976472932,3277.781274022823,2243.829662825904,6632.947602469996,3677.3838204472536,6576.774602585646,6031.223300854611,3238.2016365153554,4771.151808884651,2930.8610719938238,4466.280713669063,4432.688577573914,6111.232901031146,3754.198775132797,4154.425300159306,5308.560875365083,3618.394638031326,5126.0616693316915,5441.475907433298,6586.601343146322,8219.305015484022,6140.466430952532,10288.48232454572,2916.5082835253734,inf,6259.202745633158,14688.517578490522,12420.0919032086,3906.1139437304987,14475.207183261786,3018.069114163179,4072.4564603501444,4064.1963323710797,2362.8453192765446,inf,4844.927259074233,9733.818524445654,4949.020479301949,4668.530010304845,9440.133368591436,5846.717583168954,3666.8243072146956,4833.8470113362155,4045.579190271198,6557.537880640265,4717.339614253673,10836.561899288889,5892.165958870887,inf,1193.2592079911267,9427.706749028459,5215.768698786015,6297.262998248532,9194.391978922093
topology_carcinoma_18_clean_otras.csv,10344.22840012343,5231.013255265607,7382.461842165856,0.0,20125.621524156017,5406.620470132267,10567.385092083467,3450.24080363548,13630.962412590654,6508.568818942389,8352.728374963452,4647.8328175807055,7408.280066726563,1907.7675544560561,8805.424360165714,1512.3677217299828,2903.219246045591,4560.971057632156,9815.116074635931,8029.530715094854,4292.201027033116,3440.9623570600425,8142.740401128805,4122.646679183607,4049.1226518911694,4940.502722615192,4001.62256547661,11136.620200716985,6437.835334668154,12659.167673653323,12900.623201447632,1899.3967719059165,10826.528153900264,7032.947860359598,inf,5941.562348630476,21353.40782065376,13769.925740696819,5592.796495303897,17558.229316724017,5840.867921639404,8304.123408339907,3766.874308571303,6348.870054510332,inf,6137.966159981632,13430.30485453099,7152.967805633546,9431.478014370437,11389.245204577688,3049.588634689295,4438.949625911057,3064.9242063555885,4859.485241243567,2625.4133525473035,6511.1576533169855,14837.68086376789,5597.194323989426,inf,6626.763876536473,11601.354500120471,4620.401785771584,3092.23128121839,13975.72417873178
topology_dysplasia_5_clean_otras.csv,13385.735331717813,16402.98943974053,15940.61805406368,20125.621524156017,0.0,15137.153152437826,12175.1831853325,17659.79464471685,7566.823701999537,14030.292685270177,13006.741145204214,17808.650209303036,14215.481144654965,19191.03095838732,12882.661077403805,19743.481141609944,20154.494718616177,16045.025545705072,13233.28117199727,13262.001136810291,19149.126946093027,18433.177673192295,12478.46773369076,18073.643308561328,18630.31189926331,15602.614061054768,16982.453434537238,11075.856757224463,13735.992952140681,9783.638795684625,8599.70655707852,19820.581165377484,11350.475056750853,13973.447991905587,inf,14614.448535447666,4514.322060812337,9453.163690743375,19108.221483118756,3219.5993317231023,14923.969595837465,12372.646360929728,18058.424944721202,15311.108036176953,inf,14018.142630355242,7169.980930374811,13100.434313224103,11455.572886249327,8818.448164459796,19847.862637809045,16261.31143011818,17214.55957315502,18599.265302158903,20150.985317696002,13634.275410559621,9979.189564299919,14679.773308127109,inf,15747.874559289685,8862.378372086681,20226.80767286545,20283.549262329594,7525.48730967252
topology_ad_dysplasia_6_clean_otras.csv,5265.654204860702,1940.7623344518831,3691.7143523185728,5406.620470132267,15137.153152437826,0.0,6142.5773656574165,3458.8977899816878,8582.924393248359,1752.9695520480693,3624.257162386473,3285.316494289366,3134.8854362173815,4481.028515534564,5070.835383667797,4748.037332618539,5050.474722074206,1650.8214186461169,7024.122078479193,2869.1292218264757,4302.297014835344,3510.588985234837,3748.038971383989,3076.024668368231,3707.174653119438,1818.8537047227885,2186.629729932848,5821.789972967913,3085.7509244168714,7586.785895048835,7588.674609012159,4749.3345373597995,7354.373996488872,2494.4066469508825,inf,2809.441925265577,17784.883481868063,10227.449604362138,5015.101730690692,12904.05601898248,1138.9739442678701,3253.570942665586,3014.286384320838,2759.251109537302,inf,1745.4575678788397,8383.041445551919,2560.208221807547,4399.197165263888,7218.922454375276,4745.338883089374,1325.0516333533728,2401.4028712506497,3919.4484082748236,5041.071354883105,1958.0389710413804,9693.107708084235,3683.0160685904702,inf,2880.778499943468,7254.329607263114,5464.257242022933,5226.060437007383,9019.52513219486
topology_dysplasia_6_clean_otras.csv,2093.0158036998437,5429.034717715835,4147.912580022532,10567.385092083467,12175.1831853325,6142.5773656574165,0.0,9415.2763846929,4869.080016949368,4778.97806522163,3053.5534173426595,6693.8114794647,3585.25160419735,9782.876099221712,2328.7842379488598,9763.189414318247,9497.192471216122,6155.0587729924955,4287.726944433285,3470.2621405952514,8058.725481545555,7703.588467031497,5405.401269381085,7200.298907645933,7682.106823213053,7724.2738550156855,6650.559617552951,1588.628072609079,5526.619093548934,2780.140984229962,5056.41024860076,9484.97899491057,8615.927358108078,4165.142484054214,inf,7146.629051003796,11941.343642299158,10275.390992244944,7664.311374405243,11107.04133932134,5573.050494051972,3498.325056717231,7392.86000196687,4484.179120849702,inf,5870.088091134804,6642.927072222751,5302.366054952551,2583.731119125575,6801.999882504034,9260.96919753021,6390.53150802081,7879.425505725679,7575.203391056103,9819.921591907772,5685.855642000277,8314.894578800306,6478.784714921265,inf,4131.212270417126,6465.542007913044,8944.913152843528,9731.621197581195,5553.6949376224175
topology_carcinoma_17_clean_otras.csv,8590.89948841153,4189.708140089846,6436.5866928285795,3450.24080363548,17659.79464471685,3458.8977899816878,9415.2763846929,0.0,11786.849956759337,4834.810501303383,6893.709852637801,5402.638622019619,6156.148511926019,3555.292324134816,8137.125725879592,3879.983664670117,5216.243389710787,3924.222808922457,9727.826890233462,6131.413539276751,5469.6998197445755,4901.32884903658,6266.419776491709,4771.072833045175,5007.172204389114,2214.8128728085326,4056.0462425508067,9025.486084310798,4643.318573716104,10939.116173065408,10811.941743730265,4527.1759584738265,7903.213582590284,5537.421470590252,inf,3174.900871525145,20507.110657845944,11612.71826272442,7131.573586784689,15117.774921868366,3925.780950078079,6306.494452524209,3808.298795671781,5518.028198592727,inf,3784.2931409112725,11266.127150452907,4669.243994836534,7443.580852937866,8983.55434663928,5526.84259087293,3178.0150662607653,2070.60976286416,6356.17681514313,5690.38803567816,4112.318773552614,12605.21843731458,4570.820236466402,inf,5719.963969476136,8950.266146155465,6390.882957450059,6355.803241642296,11918.26031235259
topology_dysplasia_10_clean_otras.csv,6307.367665153148,9182.710913382693,8554.906090093014,13630.962412590654,7566.823701999537,8582.924393248359,4869.080016949368,11786.849956759337,0.0,7259.8460162477995,5741.081370369604,10527.986610557706,6803.476540849776,12688.211521135832,5607.13587064737,12953.591113167631,13090.048256610578,9162.764601645915,5808.792228745161,6137.895359156907,11922.4641490388,11312.53496947018,5967.637332648164,10899.218026887598,11435.747067598566,10144.282159549173,9926.806227509313,4324.27700353907,7557.126440200885,2596.5324884256142,2048.1078034980865,12902.789428083566,6250.847678271149,6786.8977618928,inf,9136.996981800483,9377.556598849476,6054.204559059242,11757.05247920498,6377.983105654003,8062.911195430401,5640.551814803926,10948.057961281083,8038.456150310649,inf,8291.011876403902,1939.5547278237352,7587.98089775049,4610.100554306298,3426.37278431379,12799.220103635822,9266.015368579474,10618.179181838255,11392.93386616193,13185.3435287404,7904.928598031421,5166.951020370705,8449.360510504346,inf,8331.623247105255,4117.936475514618,12952.674980355428,13255.25964033472,1492.4021760117284
topology_ad_dysplasia_3_clean_otras.csv,4362.944750649037,2759.1320782933235,3702.5545541630368,6508.568818942389,14030.292685270177,1752.9695520480693,4778.97806522163,4834.810501303383,7259.8460162477995,0.0,2220.9933864778945,4113.735304032553,1932.2484265011649,5555.983679540123,3595.6812061234805,5821.614109612521,6162.064816617774,2117.5122752416673,5606.041918897209,1880.155869089341,5287.216433564686,4505.131885481366,2704.264950006094,4130.957532306911,4738.952753610587,3175.0626658366054,3035.147632613576,4670.91545564631,2096.7324406282296,6328.812334105455,6448.918672663617,5822.307000983066,6712.244934495224,1202.673560786141,inf,2957.5316617209787,16299.263646813946,9164.481855276208,5705.436087394448,11847.14530221444,1773.3280209927473,2015.2102320904448,4097.6884209749805,2012.4570969716428,inf,1549.1729228873796,7146.628116615594,1614.860543171493,3092.714741224731,6241.777096061335,5845.846889350109,2314.1243030158885,3510.5976295521195,4710.221578910423,6138.746977103111,1250.320853007328,8550.646236985942,2914.3570174830515,inf,2874.1350589571216,6301.895872259418,6433.584148167526,6283.64424165409,7709.558867646661
topology_ad_carcinoma_9_clean_otras.csv,3243.6931066810102,3570.782739123072,3547.431976472932,8352.728374963452,13006.741145204214,3624.257162386473,3053.5534173426595,6893.709852637801,5741.081370369604,2220.9933864778945,0.0,4891.432650818886,1602.6056781102889,7503.874578937846,1741.566567505085,7570.879464089586,7542.966968052893,3885.1517029330994,3659.768969174478,1406.0095346560872,6307.3799930244195,5748.654247870718,3161.7545657430564,5307.720141904713,5836.12382340904,5241.408516048695,4467.018432356069,2964.4207524013627,2880.8839190863123,4408.039586053558,5136.5522418218015,7420.758846099219,7074.417167374965,1604.8841376097992,inf,4383.108347750718,14359.415138030701,9155.253711336869,6166.819301276752,11245.245611571594,3125.637917292209,1105.0867077273167,5406.192778937137,2427.055201145564,inf,3442.959716597707,6454.977278035506,2719.9287431131193,1654.3406432921884,6117.57791300008,7240.33242922429,4017.2279780600293,5447.26574873226,5792.557532988093,7747.25373880732,3071.6584536770797,7508.526817598549,3755.2439309706083,inf,2944.7489615505588,6142.114787751272,7313.821511041885,7744.080966288617,6370.794431136176
topology_carcinoma_11_clean_otras.csv,6359.651512754239,1907.0201438701972,3277.781274022823,4647.8328175807055,17808.650209303036,3285.316494289366,6693.8114794647,5402.638622019619,10527.986610557706,4113.735304032553,4891.432650818886,0.0,3933.859895888397,4189.480019463173,5012.408870571646,3861.5887129652983,3073.666381614874,2596.8070674972573,5577.722215980897,4763.996243026656,1986.7211751584343,1683.87364799946,6449.187652396808,1556.0861973396438,1611.0853221682037,4868.745500176905,1916.0203825707868,7629.26986019344,5563.141345446299,9046.233817584343,9984.727371595014,3179.5890374779137,10554.951389617621,3889.94544684504,inf,5960.846108903745,17230.213611603423,12936.180990535799,2559.3377537233396,15856.311052913024,3297.269885573663,5476.468840330495,2237.4003886769738,2551.4678984683173,inf,4962.8532784332765,11027.36039260746,5622.899730921798,6486.684639925204,10290.307614311565,2868.4263838619636,2910.070501197509,3884.069977532991,1845.3702584655944,3765.7119384655844,5006.687746930694,12260.85836974055,5005.078114480286,inf,2764.9213675633378,10367.263438956621,2627.5665011486226,3355.257942825504,11181.026722447237
topology_ad_carcinoma_1_clean_otras.csv,3331.010497113827,2591.1516014584986,2243.829662825904,7408.280066726563,14215.481144654965,3134.8854362173815,3585.25160419735,6156.148511926019,6803.476540849776,1932.2484265011649,1602.6056781102889,3933.859895888397,0.0,6523.230670081893,2547.1791201520564,6640.685238980306,6617.342249984071,2913.0693770731827,4605.362702846971,1334.583437870148,5355.426859828247,4834.15281524082,4144.264323258126,4375.544604519193,4888.411825494433,4678.036556692103,3556.718589151984,3871.6952060712415,3607.3095804383975,5367.987687062362,6391.966837935573,6502.363713538505,8305.052505203445,1068.040105346312,inf,4698.176121032193,14989.864617329704,10332.060410789238,5111.694013722614,12600.90936506644,2560.3407936542635,2194.7488827088237,4477.837264738618,1633.7466589843677,inf,3357.9385164749556,7789.984948196091,2989.3999165409195,2850.389106000386,7407.373904683175,6317.459037139795,3139.0451547608504,4599.2247186940185,4867.209483111919,6816.692009080778,2977.453073592633,8865.533199208263,4428.705825753338,inf,1629.900083043549,7431.868711024169,6330.841325789971,6822.1689836141,7425.381904592856
topology_dysplasia_3_clean_otras.csv,9472.114392551879,4486.970090254376,6632.947602469996,1907.7675544560561,19191.03095838732,4481.028515534564,9782.876099221712,3555.292324134816,12688.211521135832,5555.983679540123,7503.874578937846,4189.480019463173,6523.230670081893,0.0,8090.2468929624765,1254.2495926717002,3144.8534606081953,3689.7892051056956,9098.766104932918,7096.420667265594,4216.9655637925525,2853.931606136668,7191.461131980979,3824.482692866281,3777.840117399883,4390.159936122518,3272.558103016419,10173.290567017633,5789.6533780791615,11793.173761361451,11924.29187166971,2174.25928687373,10362.302033653774,6091.961190344144,inf,5461.877807051239,20645.426430857715,13107.881783848066,5801.397149137338,16713.95740969583,4899.005805585841,7343.896950049639,3258.2676020242975,5569.462572700616,inf,5251.066807877938,12454.46999177455,6281.758820571591,8463.357823607736,10636.561946481277,3435.1195674072515,3567.066330987564,2413.846028683332,4845.476963816575,2653.6023640672283,5602.59012946166,13862.131731757521,4929.357836992634,inf,5894.815714621826,10862.53510020962,4719.198933060132,3765.437475663847,13001.515275100484
topology_dysplasia_7_clean_otras.csv,3550.326214373808,4181.926954438493,3677.3838204472536,8805.424360165714,12882.661077403805,5070.835383667797,2328.7842379488598,8137.125725879592,5607.13587064737,3595.6812061234805,1741.566567505085,5012.408870571646,2547.1791201520564,8090.2468929624765,0.0,8008.503519194632,7731.904242258016,4530.921143260644,2809.693811151913,2798.2920252561753,6390.54971272154,6000.2917209789575,3849.689414584072,5428.885123154947,5931.007359009518,6658.805225852784,4927.2145279794695,2973.2980696502764,3747.1282562429956,4233.567313452983,5164.184653473353,7703.060515546613,7504.0863810471365,2858.491136854371,inf,5786.457410129497,13188.559646737724,9277.348085426447,6329.69889173753,11312.772555044176,4603.225649520595,2163.887090426844,5713.548618476013,2889.2278149203444,inf,4828.427229753855,6516.493491679518,4127.927406702491,1920.200283716528,6270.97925540264,7461.141968422018,5107.841124980847,6327.259328974791,5881.5933021107185,8051.59239432662,4432.654139857594,7657.316228467894,4560.16210834063,inf,3235.9730826223786,6266.596123547061,7434.386507307511,7973.330096639116,6233.062689041755
topology_carcinoma_6_clean_otras.csv,9542.90727911544,4422.7754051032225,6576.774602585646,1512.3677217299828,19743.481141609944,4748.037332618539,9763.189414318247,3879.983664670117,12953.591113167631,5821.614109612521,7570.879464089586,3861.5887129652983,6640.685238980306,1254.2495926717002,8008.503519194632,0.0,2566.6296348244696,3888.369291672693,9013.770716708188,7330.57016412741,3608.493158706977,2488.3530376856575,7695.017722611342,3365.3558854979665,3313.152520110624,5047.114273397481,3267.423630989971,10433.351655514547,6477.344320884941,11922.821978483411,12242.557246173019,1357.8143617751612,11015.48941821298,6310.814613511075,inf,6113.358230082802,20544.80921231557,13797.231476330016,5117.857565495451,17350.571322605992,5198.159163328157,7617.334969109774,2977.971162806237,5539.51926266682,inf,5882.490428299944,12871.546672272245,6928.130664629798,8800.94488350922,11305.932709578312,2830.359614223379,3708.2146454065014,2905.3853169467684,4212.693063060046,2095.329485931635,6211.4143289327285,14293.904130960516,5592.913399657555,inf,5847.262304306461,11532.179442239216,4070.12232916998,2987.4227639096134,13402.392454213132
topology_carcinoma_10_clean_otras.csv,9214.078820678675,4237.343917480433,6031.223300854611,2903.219246045591,20154.494718616177,5050.474722074206,9497.192471216122,5216.243389710787,13090.048256610578,6162.064816617774,7542.966968052893,3073.666381614874,6617.342249984071,3144.8534606081953,7731.904242258016,2566.6296348244696,0.0,4176.57167844783,8581.881194722297,7429.289938960562,1984.9013307704345,2422.7615769956174,8181.356423813849,2406.947202496219,1994.304636671548,5913.641796836077,3419.1090492595736,10413.022217625983,7201.514701635707,11886.922411419668,12470.953779385076,1548.249561066557,11886.516169148921,6368.7912549935145,inf,6992.6152401269255,20239.189116416142,14533.782244709691,3355.1579495675214,17925.71301348471,5373.439024686266,7838.332256883408,2488.390471208548,5315.874786098535,inf,6575.020617999818,13228.641422828752,7553.573240572329,9036.781545217083,12063.580259762919,1145.215660883151,3952.1346984178263,3801.9724871718026,2360.3165256300526,2224.2221210840844,6840.940620434548,14632.488733640575,6427.675620992767,inf,5499.685925961228,12209.887980439242,2205.059735224029,1835.277436570124,13650.833798848824
topology_ad_carcinoma_15_clean_otras.csv,5833.460954391078,1582.0491267375496,3238.2016365153554,4560.971057632156,16045.025545705072,1650.8214186461169,6155.0587729924955,3924.222808922457,9162.764601645915,2117.5122752416673,3885.1517029330994,2596.8070674972573,2913.0693770731827,3689.7892051056956,4530.921143260644,3888.369291672693,4176.57167844783,0.0,6318.012868862224,3562.810950984984,3384.653566080463,2903.6145600053305,4264.815076600913,2260.785001603453,2918.4495972620657,2914.6732042054546,1330.6415141532955,6647.965322846777,3344.267563834725,8190.965046825686,8462.66662548893,3829.3406058209202,8346.085536917151,2542.3886098970465,inf,3864.541298857938,17453.47713363479,10719.057446421071,4018.3781534087484,13783.091104467927,1677.7549005614414,3856.206117821093,2336.6279230889036,2154.010030850363,inf,2671.123916409683,9142.888111042063,3459.1888670472526,5039.4595544510485,8085.080959902418,4024.617304212027,1235.8195263490338,2107.2047256103688,3021.3332325728225,4229.384014493658,2794.650693277021,10577.203442476857,3524.8277280191255,inf,2361.2032559125464,8163.51930726147,4588.388548919262,4372.3638862894295,9638.236172663845
topology_dysplasia_2_clean_otras.csv,5404.186341885983,6023.7408507343625,4771.151808884651,9815.116074635931,13233.28117199727,7024.122078479193,4287.726944433285,9727.826890233462,5808.792228745161,5606.041918897209,3659.768969174478,5577.722215980897,4605.362702846971,9098.766104932918,2809.693811151913,9013.770716708188,8581.881194722297,6318.012868862224,0.0,4704.336797151669,7170.705317560127,6821.056979258723,4053.2646288084306,6588.014789241228,6889.179142506568,8654.12426836493,6125.997920268997,4954.241591231121,5706.776626047306,4263.356807991204,4880.7871273653545,8580.452688300997,6926.2139004841165,4887.863639933936,inf,7650.783886100778,12081.295476635505,8896.439432426017,6797.582881778037,11342.834974177395,6553.2278156779585,4262.019606023851,6648.966640599988,4496.790100683723,inf,6797.7422263743465,6520.3437232784145,6153.436185231939,4222.55766001371,6671.985423836936,8206.780329121417,7063.314685917522,8159.53084355212,6553.561133897851,8970.725352274394,6418.544333425509,7304.627912582937,5576.751863373493,inf,4861.641132419143,7179.287818244906,7821.372716321391,8715.776056121356,6074.284988813182
topology_dysplasia_17_clean_otras.csv,2766.7096170938416,3340.1798558757687,2930.8610719938238,8029.530715094854,13262.001136810291,2869.1292218264757,3470.2621405952514,6131.413539276751,6137.895359156907,1880.155869089341,1406.0095346560872,4763.996243026656,1334.583437870148,7096.420667265594,2798.2920252561753,7330.57016412741,7429.289938960562,3562.810950984984,4704.336797151669,0.0,6139.956618814448,5627.69504900962,3825.1139330613705,5169.465940018289,5684.212992004474,4396.3043510779735,4303.360067735497,3185.2704391095454,3460.1224969643918,4989.252675456758,5458.0654611868495,7271.03234160364,7555.251114928185,1380.606849359126,inf,4351.506289226207,15107.349678376648,9861.3538189698,5905.666412391028,11667.535926216624,2292.543587589716,1400.8277802690232,5287.973869916,2497.148640523999,inf,2726.560328739988,6950.781721592713,2292.7262287782764,2047.9115834299223,6549.425091424955,7149.485861898669,3655.978817694654,5034.990575851302,5643.1576026607245,7558.716049015129,2639.822267509666,7951.604189826297,4344.2300518163065,inf,2519.895089378934,6519.342392059351,7115.253070591217,7617.875230986621,6735.57688048754
topology_dysplasia_1_clean_otras.csv,7623.8391504275205,2929.4953135374108,4466.280713669063,4292.201027033116,19149.126946093027,4302.297014835344,8058.725481545555,5469.6998197445755,11922.4641490388,5287.216433564686,6307.3799930244195,1986.7211751584343,5355.426859828247,4216.9655637925525,6390.54971272154,3608.493158706977,1984.9013307704345,3384.653566080463,7170.705317560127,6139.956618814448,0.0,2622.812717044729,7499.2718182888475,1494.4527880100131,1182.442908681171,5585.569597650783,2911.808792973277,9092.168419144373,6599.189338834108,10512.545860243265,11359.685904150036,2792.794393975447,11533.797216797722,5200.728500375706,inf,6774.797685793494,18685.92123123235,14001.037563495544,2001.6580604646754,17104.817047209806,4255.136512881478,6803.161404744096,2403.4474666090246,3995.9595157662043,inf,5937.095092456233,12303.541701966858,6796.800985673872,7880.432109779201,11419.270263317363,2118.199269646797,3146.022863608219,3864.9686823070797,1418.2888657502713,3329.5550063035103,6119.38787494722,13609.883811305308,6478.023994493218,inf,4065.697861479841,11511.00565160683,1591.2254453712967,2653.8690445915668,12551.865787088032
topology_carcinoma_9_clean_otras.csv,7464.406948900739,2678.078922718223,4432.688577573914,3440.9623570600425,18433.177673192295,3510.588985234837,7703.588467031497,4901.32884903658,11312.53496947018,4505.131885481366,5748.654247870718,1683.87364799946,4834.15281524082,2853.931606136668,6000.2917209789575,2488.3530376856575,2422.7615769956174,2903.6145600053305,6821.056979258723,5627.69504900962,2622.812717044729,0.0,6661.187898437611,1745.4091630182597,1875.208914406652,4660.698025063135,1844.6953637040547,8607.379770012529,5815.230485935033,10071.993226301956,10705.182548748697,1972.6062357755286,10606.253783403381,4623.805564104965,inf,5774.8194018705035,18376.14332895425,13159.245607506675,3837.937004876143,16313.139420304957,3894.7407818587276,6094.524110139695,1729.7345437875686,3527.2922638106065,inf,5100.359960630942,11543.53731561429,5992.331456699554,7273.1941416050595,10593.165780288165,2108.8002711236063,2809.069725372249,3520.727920419031,2566.1118695974787,2505.4660867685047,5304.594770017167,12889.940636150524,5111.112908395934,inf,3798.30129075353,10687.18167725919,2967.2629811132097,2404.601407544025,11907.553698143396
topology_ad_carcinoma_4_clean_otras.csv,6108.1760592323635,5144.075743199296,6111.232901031146,8142.740401128805,12478.46773369076,3748.038971383989,5405.401269381085,6266.419776491709,5967.637332648164,2704.264950006094,3161.7545657430564,6449.187652396808,4144.264323258126,7191.461131980979,3849.689414584072,7695.017722611342,8181.356423813849,4264.815076600913,4053.2646288084306,3825.1139330613705,7499.2718182888475,6661.187898437611,0.0,6266.039056244452,6906.115746439548,4760.487626541063,5278.237848198679,4869.056158631329,2168.2828913448343,4927.412662126651,4832.109587044022,7734.209676299818,4258.050548192977,3452.5121869412387,inf,3754.8688510291413,14992.006259464013,6569.800661076285,8113.583231249561,10025.085832565259,4158.577703496249,2753.8999402276727,6219.992944860843,4428.779740091699,inf,2991.0084067270927,5550.277358390671,2832.5934865821464,3315.7968358848316,4520.374689813939,7832.602937046681,4454.83514901171,5190.603940525856,6943.830543516749,8117.594822256586,2736.44612177848,6740.858099839179,2854.174800118576,inf,5353.887530683639,4914.170952137539,8685.886496910849,8307.475047144091,5898.127502333201
topology_carcinoma_7_clean_otras.csv,6896.405576856276,1975.5199344560688,3754.198775132797,4122.646679183607,18073.643308561328,3076.024668368231,7200.298907645933,4771.072833045175,10899.218026887598,4130.957532306911,5307.720141904713,1556.0861973396438,4375.544604519193,3824.482692866281,5428.885123154947,3365.3558854979665,2406.947202496219,2260.785001603453,6588.014789241228,5169.465940018289,1494.4527880100131,1745.4091630182597,6266.039056244452,0.0,876.9638586279433,4314.514343128663,1888.8501517978225,8148.471326537785,5360.774543325837,9586.889387163537,10321.074572977583,2609.4624298179824,10251.248837274388,4164.732597033311,inf,5465.2984626784055,18038.35335523102,12738.539347839438,2719.8019921396003,15923.55710401079,3254.2706788826868,5732.6057110941565,1620.4011151778843,3108.2434390677995,inf,4702.701686764955,11166.101446957195,5584.319994405472,6862.070088772096,10170.098372439512,2311.2862285288884,2076.2549009987824,2893.052941151451,1956.3394815444408,3224.9241528139473,4885.818112676394,12531.294900106774,5320.373690897405,inf,3201.4358365129756,10274.828290686512,2554.182851397592,2769.963083874458,11507.250819871737
topology_carcinoma_8_clean_otras.csv,7356.391885144367,2476.2614586570007,4154.425300159306,4049.1226518911694,18630.31189926331,3707.174653119438,7682.106823213053,5007.172204389114,11435.747067598566,4738.952753610587,5836.12382340904,1611.0853221682037,4888.411825494433,3777.840117399883,5931.007359009518,3313.152520110624,1994.304636671548,2918.4495972620657,6889.179142506568,5684.212992004474,1182.442908681171,1875.208914406652,6906.115746439548,876.9638586279433,0.0,4887.532662996845,2456.110652236712,8654.859403268978,6018.686717418598,10080.59622928419,10864.791526448422,2528.936250629087,10859.380378770873,4720.496443658684,inf,6041.95117682563,18479.02075806618,13390.915671464341,2676.518255534673,16552.542808765116,3813.1084647982584,6283.240408038427,1710.0356159996804,3603.0673604573094,inf,5363.831637340748,11756.88546181839,6230.854896483618,7402.786757486633,10832.06575904726,1989.548016689193,2648.20288983164,3165.8277631756596,1777.5519560546315,3126.6083958965296,5543.891004503527,13090.866226686687,5762.692727533529,inf,3675.1708666364907,10932.160168773024,2108.507802836015,2643.983688097976,12057.683947425377
topology_ad_dysplasia_8_clean_otras.csv,6861.341256176645,3488.0499685181976,5308.560875365083,4940.502722615192,15602.614061054768,1818.8537047227885,7724.2738550156855,2214.8128728085326,10144.282159549173,3175.0626658366054,5241.408516048695,4868.745500176905,4678.036556692103,4390.159936122518,6658.805225852784,5047.114273397481,5913.641796836077,2914.6732042054546,8654.12426836493,4396.3043510779735,5585.569597650783,4660.698025063135,4760.487626541063,4314.514343128663,4887.532662996845,0.0,3483.946225421049,7260.037280637126,3131.318131325408,9205.080739265328,9007.490531860245,5253.689285913291,5999.3946349617,4017.774739391992,inf,1263.0175036435928,19382.209309327845,10152.991243169732,6616.984080742908,13227.232340499848,2699.925818673157,4720.1997413781555,4092.3393340010866,4345.918865497031,inf,1902.779748905005,9559.408848775318,2620.6562102566054,5768.478819272064,7178.18551936569,5646.291986562717,2543.553665936136,2254.3212120725066,5429.0954219809855,5833.027542520986,2309.981877227344,10811.542401604294,3593.660074840892,inf,4477.603870906534,6808.3268386145555,6674.598500772274,6192.398421745989,10288.731071593076
topology_carcinoma_13_clean_otras.csv,6422.296752757602,1684.8564505307781,3618.394638031326,4001.62256547661,16982.453434537238,2186.629729932848,6650.559617552951,4056.0462425508067,9926.806227509313,3035.147632613576,4467.018432356069,1916.0203825707868,3556.718589151984,3272.558103016419,4927.2145279794695,3267.423630989971,3419.1090492595736,1330.6415141532955,6125.997920268997,4303.360067735497,2911.808792973277,1844.6953637040547,5278.237848198679,1888.8501517978225,2456.110652236712,3483.946225421049,0.0,7333.782392275222,4402.06891950048,8830.163135648836,9293.321742706821,3064.2654070445105,9308.213927751538,3252.9252532622645,inf,4628.636166308873,17534.63462553577,11773.491342857566,3908.1098600591877,14826.024496790327,2362.580344076297,4671.339613090967,1638.6132488330695,2533.5897377300353,inf,3697.3437273754193,10055.166340584356,4521.073733533169,5865.303283653605,9146.850455471093,3289.212025337318,1608.0277576227018,2651.97713575833,2821.729594281217,3503.263457413571,3856.5402196828045,11460.102188844825,3839.840480008855,inf,2792.884329007729,9231.46661408126,3680.294075691206,3573.340837052902,10470.037936819233
topology_ad_carcinoma_3_clean_otras.csv,2413.2797114818545,6260.594528092214,5126.0616693316915,11136.620200716985,11075.856757224463,5821.789972967913,1588.628072609079,9025.486084310798,4324.27700353907,4670.91545564631,2964.4207524013627,7629.26986019344,3871.6952060712415,10173.290567017633,2973.2980696502764,10433.351655514547,10413.022217625983,6647.965322846777,4954.241591231121,3185.2704391095454,9092.168419144373,8607.379770012529,4869.056158631329,8148.471326537785,8654.859403268978,7260.037280637126,7333.782392275222,0.0,5113.555515774324,2378.412316492291,4315.40788631671,10295.814196095022,7876.039763826851,4156.080896247588,inf,6413.113398448008,12304.09559968718,9757.193937282862,8736.031300815273,10188.198192269476,5336.5719609317075,2921.8326953289506,8273.616589420963,5181.032125031947,inf,5454.147936314092,5876.549634111026,4706.158499186701,1860.1819126177531,6183.306739630976,10105.57966753917,6754.269668866819,8125.0613142590655,8595.855174382086,10619.347410294064,5093.713117314208,7574.581777238978,5907.152362689432,inf,5128.851223152065,5785.935526989972,10002.350986974126,10612.882833663656,4678.141369101136
topology_ad_dysplasia_4_clean_otras.csv,5894.481073687122,4371.478455196693,5441.475907433298,6437.835334668154,13735.992952140681,3085.7509244168714,5526.619093548934,4643.318573716104,7557.126440200885,2096.7324406282296,2880.8839190863123,5563.141345446299,3607.3095804383975,5789.6533780791615,3747.1282562429956,6477.344320884941,7201.514701635707,3344.267563834725,5706.776626047306,3460.1224969643918,6599.189338834108,5815.230485935033,2168.2828913448343,5360.774543325837,6018.686717418598,3131.318131325408,4402.06891950048,5113.555515774324,0.0,6732.507557063465,6675.664427761103,6553.890977821223,5111.019598999448,2743.357815103602,inf,2158.7296354239056,16601.407510131354,7552.367307282462,7211.347506624749,11170.880226774627,3529.0719597954608,2560.125918865535,5390.043347081616,3584.0952365762696,inf,1735.4818460851436,7133.079693072909,1845.400800499076,3378.32920868473,5102.60776707777,6852.803314984928,3653.0624972234414,3674.667210105167,6034.114212264089,7081.908952125451,1578.9912864848673,8515.77426107047,1360.9029014251878,inf,4574.32728857386,5309.942590702861,7783.665790074544,7368.234380497029,7706.133798141186
topology_ad_carcinoma_8_clean_otras.csv,4055.678707130742,7695.833893749338,6586.601343146322,12659.167673653323,9783.638795684625,7586.785895048835,2780.140984229962,10939.116173065408,2596.5324884256142,6328.812334105455,4408.039586053558,9046.233817584343,5367.987687062362,11793.173761361451,4233.567313452983,11922.821978483411,11886.922411419668,8190.965046825686,4263.356807991204,4989.252675456758,10512.545860243265,10071.993226301956,4927.412662126651,9586.889387163537,10080.59622928419,9205.080739265328,8830.163135648836,2378.412316492291,6732.507557063465,0.0,2816.5912638946807,11792.702499004603,6900.364309478024,5795.5447020084275,inf,8215.160078456507,10509.439875930135,8233.453041438685,10195.984059330283,8668.705789296357,7086.075001536534,4739.012076294274,9755.464888740886,6615.222541565747,inf,7354.185894439771,4321.529058058198,6649.719383278529,3693.660539765434,5039.63305742027,11585.085142930142,8277.040880217368,9713.2583421398,10013.598351812987,12113.876400599136,7008.244886991087,6428.666262772295,7578.0305873583975,inf,6574.537584620501,4861.557882373932,11448.510505642733,12108.055739262025,2965.5258482279514
topology_dysplasia_12_clean_otras.csv,6423.565653460778,8593.640357343333,8219.305015484022,12900.623201447632,8599.70655707852,7588.674609012159,5056.41024860076,10811.941743730265,2048.1078034980865,6448.918672663617,5136.5522418218015,9984.727371595014,6391.966837935573,11924.29187166971,5164.184653473353,12242.557246173019,12470.953779385076,8462.66662548893,4880.7871273653545,5458.0654611868495,11359.685904150036,10705.182548748697,4832.109587044022,10321.074572977583,10864.791526448422,9007.490531860245,9293.321742706821,4315.40788631671,6675.664427761103,2816.5912638946807,0.0,12233.280679537922,4554.1449502249,6195.92559684735,inf,8008.7676223659555,10858.133790700205,5626.738837897642,11247.09419126302,6807.339014357117,7175.225660669174,4723.763364125426,10346.988055637074,7479.376231867249,inf,7166.174887435497,2289.3761731199747,6456.565377339031,3844.275538671182,3254.275635920723,12180.906124665968,8592.665346344258,9885.974418335727,10826.41129850252,12526.731372608036,6876.767038674543,3821.3651200725526,7554.739482705653,inf,7924.662053504766,3730.970006512401,12418.050158273249,12619.016950576062,1761.0357247257948
topology_carcinoma_12_clean_otras.csv,9264.121350980731,4165.002178401717,6140.466430952532,1899.3967719059165,19820.581165377484,4749.3345373597995,9484.97899491057,4527.1759584738265,12902.789428083566,5822.307000983066,7420.758846099219,3179.5890374779137,6502.363713538505,2174.25928687373,7703.060515546613,1357.8143617751612,1548.249561066557,3829.3406058209202,8580.452688300997,7271.03234160364,2792.794393975447,1972.6062357755286,7734.209676299818,2609.4624298179824,2528.936250629087,5253.689285913291,3064.2654070445105,10295.814196095022,6553.890977821223,11792.702499004603,12233.280679537922,0.0,11222.933029248716,6210.202177456348,inf,6328.835731938587,20187.244034636755,13895.120193432222,3965.5073491921744,17453.909818073695,5177.22482087057,7591.364610368734,2270.297086512886,5250.591717018766,inf,5997.353093650027,12908.99253736675,7035.290030634017,8812.748773805137,11431.789018506242,1654.7264471154917,3696.6299610286605,3156.1812893096467,3204.3047807882617,1817.5577356349536,6310.632438423409,14344.896786604446,5757.407161582854,inf,5537.825698592633,11642.757920541098,3016.6861578821026,2099.353057638597,13418.543816705613
topology_ad_dysplasia_5_clean_otras.csv,9634.820157600647,9225.86808617409,10288.48232454572,10826.528153900264,11350.475056750853,7354.373996488872,8615.927358108078,7903.213582590284,6250.847678271149,6712.244934495224,7074.417167374965,10554.951389617621,8305.052505203445,10362.302033653774,7504.0863810471365,11015.48941821298,11886.516169148921,8346.085536917151,6926.2139004841165,7555.251114928185,11533.797216797722,10606.253783403381,4258.050548192977,10251.248837274388,10859.380378770873,5999.3946349617,9308.213927751538,7876.039763826851,5111.019598999448,6900.364309478024,4554.1449502249,11222.933029248716,0.0,7577.6375255267085,inf,4910.47199199281,14677.311623113439,4569.457097910548,12297.358607474593,8617.731144299989,8040.524669291726,6445.449056678705,10072.438814453433,8572.594455899916,inf,5717.776586552613,5340.056621227124,5374.849646367335,6799.971743179102,3826.6212493946805,11573.348751766925,8452.815682037035,8217.370046201415,11016.726827248924,11810.728186888326,5707.992025006202,5379.130609245161,5746.001215841175,inf,9546.544484278756,4462.733085048921,12657.94591323632,12168.071226756554,5909.815621988533
topology_ad_carcinoma_2_clean_otras.csv,3746.7229737821185,2596.9811414870874,2916.5082835253734,7032.947860359598,13973.447991905587,2494.4066469508825,4165.142484054214,5537.421470590252,6786.8977618928,1202.673560786141,1604.8841376097992,3889.94544684504,1068.040105346312,6091.961190344144,2858.491136854371,6310.814613511075,6368.7912549935145,2542.3886098970465,4887.863639933936,1380.606849359126,5200.728500375706,4623.805564104965,3452.5121869412387,4164.732597033311,4720.496443658684,4017.774739391992,3252.9252532622645,4156.080896247588,2743.357815103602,5795.5447020084275,6195.92559684735,6210.202177456348,7577.6375255267085,0.0,inf,3940.5510171668,15700.109929604392,9705.309785530242,5196.616784160014,12109.0726244903,1948.7147797391724,1780.795552381308,4253.187004306069,1530.5829961312666,inf,2510.372060333535,7288.525161174616,2281.5038730223105,2752.0691674207233,6814.358629616562,6073.95263091366,2714.7757924058906,4029.577689238,4679.407490550546,6513.821500097042,2165.856917082673,8448.038439834403,3573.3999248846408,inf,2126.438550111731,6842.844228257861,6270.947444405875,6546.922115557131,7380.525573253971
topology_carcinoma_16_clean_otras.csv,inf,inf,inf,inf,inf,inf,inf,inf,inf,inf,inf,inf,inf,inf,inf,inf,inf,inf,inf,inf,inf,inf,inf,inf,inf,inf,inf,inf,inf,inf,inf,inf,inf,inf,0.0,inf,inf,inf,inf,inf,inf,inf,inf,inf,inf,inf,inf,inf,inf,inf,inf,inf,inf,inf,inf,inf,inf,inf,5527.846187053847,inf,inf,inf,inf,inf
topology_ad_dysplasia_9_clean_otras.csv,6960.481152605287,4631.090831695042,6259.202745633158,5941.562348630476,14614.448535447666,2809.441925265577,7146.629051003796,3174.900871525145,9136.996981800483,2957.5316617209787,4383.108347750718,5960.846108903745,4698.176121032193,5461.877807051239,5786.457410129497,6113.358230082802,6992.6152401269255,3864.541298857938,7650.783886100778,4351.506289226207,6774.797685793494,5774.8194018705035,3754.8688510291413,5465.2984626784055,6041.95117682563,1263.0175036435928,4628.636166308873,6413.113398448008,2158.7296354239056,8215.160078456507,8008.7676223659555,6328.835731938587,4910.47199199281,3940.5510171668,inf,0.0,18379.89969678173,9135.162392171891,7768.220081860709,12232.36244012254,3741.542498722835,3889.376803881345,5201.277714318379,4369.257120601216,inf,1726.3484873998957,8555.67018899415,2272.7057896123297,4884.680988842349,6187.625336132684,6701.0459030457105,3731.9015432376796,3318.7986601207745,6442.584233829988,6997.704901142356,1873.8254164630378,9810.403213986534,2682.660349519395,inf,5437.196592050635,5843.558309737812,7852.245023691297,7350.729775983173,9289.282510796615
topology_dysplasia_9_clean_otras.csv,13015.672174823794,16820.35675602108,14688.517578490522,21353.40782065376,4514.322060812337,17784.883481868063,11941.343642299158,20507.110657845944,9377.556598849476,16299.263646813946,14359.415138030701,17230.213611603423,14989.864617329704,20645.426430857715,13188.559646737724,20544.80921231557,20239.189116416142,17453.47713363479,12081.295476635505,15107.349678376648,18685.92123123235,18376.14332895425,14992.006259464013,18038.35335523102,18479.02075806618,19382.209309327845,17534.63462553577,12304.09559968718,16601.407510131354,10509.439875930135,10858.133790700205,20187.244034636755,14677.311623113439,15700.109929604392,inf,18379.89969678173,0.0,11695.183536473889,18177.394732492176,6323.110032411638,17273.432406482953,14761.124664311003,18065.95546099234,15450.022893417385,inf,17531.54806524313,9952.65933582944,16828.31029691282,13778.763431304113,12290.591857818737,19863.6106450027,18025.19839363115,19272.677951134498,18158.58936914445,20536.184726651343,17127.281646603322,12333.903423326465,16914.051032599644,inf,15471.725153157542,12631.155135849382,19348.999897524336,20372.425550776163,9680.628499283832
topology_ad_carcinoma_5_clean_otras.csv,11693.187728545277,11634.564803779238,12420.0919032086,13769.925740696819,9453.163690743375,10227.449604362138,10275.390992244944,11612.71826272442,6054.204559059242,9164.481855276208,9155.253711336869,12936.180990535799,10332.060410789238,13107.881783848066,9277.348085426447,13797.231476330016,14533.782244709691,10719.057446421071,8896.439432426017,9861.3538189698,14001.037563495544,13159.245607506675,6569.800661076285,12738.539347839438,13390.915671464341,10152.991243169732,11773.491342857566,9757.193937282862,7552.367307282462,8233.453041438685,5626.738837897642,13895.120193432222,4569.457097910548,9705.309785530242,inf,9135.162392171891,11695.183536473889,0.0,14597.949639150855,6321.387366709089,10637.434431965135,8681.881840424101,12695.449505844554,10910.9136443417,inf,8798.679257399233,4523.70063938703,8475.932700271824,8641.248384093276,3985.6454673271587,14203.999553662487,10964.529891727005,11024.015718593782,13436.315466576836,14414.606447215487,8680.241071662495,3751.045183835121,8403.567974903654,inf,11724.830704706961,5430.999921615,15182.478317434641,14744.074349393188,6032.551307052034
topology_carcinoma_1_clean_otras.csv,7002.601752670791,3465.1638233410004,3906.1139437304987,5592.796495303897,19108.221483118756,5015.101730690692,7664.311374405243,7131.573586784689,11757.05247920498,5705.436087394448,6166.819301276752,2559.3377537233396,5111.694013722614,5801.397149137338,6329.69889173753,5117.857565495451,3355.1579495675214,4018.3781534087484,6797.582881778037,5905.666412391028,2001.6580604646754,3837.937004876143,8113.583231249561,2719.8019921396003,2676.518255534673,6616.984080742908,3908.1098600591877,8736.031300815273,7211.347506624749,10195.984059330283,11247.09419126302,3965.5073491921744,12297.358607474593,5196.616784160014,inf,7768.220081860709,18177.394732492176,14597.949639150855,0.0,17268.8172913654,4353.207953313513,6791.144875554145,3931.751032399473,3942.432369275703,inf,6589.851508258534,12441.89033633574,7185.592866900078,7720.118860984477,11830.910708886327,3235.429353897991,4334.311744260989,5316.828665524634,1917.9270203933227,4374.54553535119,6633.347382918967,13588.044601602522,7239.31217404876,inf,3667.3649478194875,11888.16312720561,2009.5772726067485,3577.6797088695193,12427.402290137603
topology_dysplasia_8_clean_otras.csv,12460.013481588594,14468.640396068306,14475.207183261786,17558.229316724017,3219.5993317231023,12904.05601898248,11107.04133932134,15117.774921868366,6377.983105654003,11847.14530221444,11245.245611571594,15856.311052913024,12600.90936506644,16713.95740969583,11312.772555044176,17350.571322605992,17925.71301348471,13783.091104467927,11342.834974177395,11667.535926216624,17104.817047209806,16313.139420304957,10025.085832565259,15923.55710401079,16552.542808765116,13227.232340499848,14826.024496790327,10188.198192269476,11170.880226774627,8668.705789296357,6807.339014357117,17453.909818073695,8617.731144299989,12109.0726244903,inf,12232.36244012254,6323.110032411638,6321.387366709089,17268.8172913654,0.0,12965.008146314289,10571.679083592391,15882.83089102642,13457.308488267943,inf,11586.127467026145,4901.16704264237,10752.429017177868,9970.886161968194,6246.247943251781,17585.717515648863,14083.406096144938,14703.049890119668,16521.712989441316,17867.1576896534,11221.017167747668,7631.633129826956,12107.374090871293,inf,14105.287191096511,6505.812831432939,18234.22852484745,18031.446821850546,6219.789791951607
topology_ad_dysplasia_2_clean_otras.csv,4729.389890605279,1637.2323145527657,3018.069114163179,5840.867921639404,14923.969595837465,1138.9739442678701,5573.050494051972,3925.780950078079,8062.911195430401,1773.3280209927473,3125.637917292209,3297.269885573663,2560.3407936542635,4899.005805585841,4603.225649520595,5198.159163328157,5373.439024686266,1677.7549005614414,6553.2278156779585,2292.543587589716,4255.136512881478,3894.7407818587276,4158.577703496249,3254.2706788826868,3813.1084647982584,2699.925818673157,2362.580344076297,5336.5719609317075,3529.0719597954608,7086.075001536534,7175.225660669174,5177.22482087057,8040.524669291726,1948.7147797391724,inf,3741.542498722835,17273.432406482953,10637.434431965135,4353.207953313513,12965.008146314289,0.0,2848.4927211854256,3237.8893647314703,2319.9306005619596,inf,2432.955026423676,8217.747780026557,2876.5933153246524,3861.802524599232,7534.88970147524,5284.945399810491,1546.61557180367,2860.8425834736645,4060.9139723909498,5504.054360651934,2416.837182672014,9385.271691507764,4312.427889369877,inf,2241.3639319075314,7582.8364118596755,5359.454962287049,5629.049169425809,8509.065522508581
topology_ad_carcinoma_12_clean_otras.csv,3545.5706246368895,4069.871992210349,4072.4564603501444,8304.123408339907,12372.646360929728,3253.570942665586,3498.325056717231,6306.494452524209,5640.551814803926,2015.2102320904448,1105.0867077273167,5476.468840330495,2194.7488827088237,7343.896950049639,2163.887090426844,7617.334969109774,7838.332256883408,3856.206117821093,4262.019606023851,1400.8277802690232,6803.161404744096,6094.524110139695,2753.8999402276727,5732.6057110941565,6283.240408038427,4720.1997413781555,4671.339613090967,2921.8326953289506,2560.125918865535,4739.012076294274,4723.763364125426,7591.364610368734,6445.449056678705,1780.795552381308,inf,3889.376803881345,14761.124664311003,8681.881840424101,6791.144875554145,10571.679083592391,2848.4927211854256,0.0,5746.2022030782055,3022.332639626474,inf,2898.8118815436774,5797.906093035777,2244.6358152113808,1550.7183457700119,5464.33663959133,7557.848613544673,4018.468550088291,5291.222050412637,6258.245050459922,7882.50081570461,2527.2768978984896,6900.382251713849,3447.9012988567206,inf,3582.1437043428828,5408.7483752660755,7880.302400523278,7989.162168424245,6009.860116743103
topology_carcinoma_3_clean_otras.csv,7140.913123326785,2138.8066123766175,4064.1963323710797,3766.874308571303,18058.424944721202,3014.286384320838,7392.86000196687,3808.298795671781,10948.057961281083,4097.6884209749805,5406.192778937137,2237.4003886769738,4477.837264738618,3258.2676020242975,5713.548618476013,2977.971162806237,2488.390471208548,2336.6279230889036,6648.966640599988,5287.973869916,2403.4474666090246,1729.7345437875686,6219.992944860843,1620.4011151778843,1710.0356159996804,4092.3393340010866,1638.6132488330695,8273.616589420963,5390.043347081616,9755.464888740886,10346.988055637074,2270.297086512886,10072.438814453433,4253.187004306069,inf,5201.277714318379,18065.95546099234,12695.449505844554,3931.751032399473,15882.83089102642,3237.8893647314703,5746.2022030782055,0.0,3234.5854828042484,inf,4629.62186020658,11136.924146661235,5547.198882911508,6904.398460329725,10132.598608540955,2529.791877095067,1878.4228919836362,2354.9699715483807,2956.8333249330376,3219.4546411456627,4855.340856209227,12524.22002563039,4936.261824001561,inf,3440.327529842201,10240.255627712464,3078.5443896522015,3312.1690970911463,11538.420489605152
topology_ad_carcinoma_11_clean_otras.csv,4448.000397717916,1778.6205605766945,2362.8453192765446,6348.870054510332,15311.108036176953,2759.251109537302,4484.179120849702,5518.028198592727,8038.456150310649,2012.4570969716428,2427.055201145564,2551.4678984683173,1633.7466589843677,5569.462572700616,2889.2278149203444,5539.51926266682,5315.874786098535,2154.010030850363,4496.790100683723,2497.148640523999,3995.9595157662043,3527.2922638106065,4428.779740091699,3108.2434390677995,3603.0673604573094,4345.918865497031,2533.5897377300353,5181.032125031947,3584.0952365762696,6615.222541565747,7479.376231867249,5250.591717018766,8572.594455899916,1530.5829961312666,inf,4369.257120601216,15450.022893417385,10910.9136443417,3942.432369275703,13457.308488267943,2319.9306005619596,3022.332639626474,3234.5854828042484,0.0,inf,3167.911789302315,8624.13261803126,3441.7066266561856,4012.334639599388,8075.07665655575,5014.027315860218,2786.288604603256,3950.7932610867906,3500.0395529542884,5592.02684743918,2924.6009364394317,9782.421598907367,3880.782486297009,inf,1573.6274579254286,8121.1677359948035,5009.062422907314,5531.132462097394,8679.320693436113
topology_carcinoma_20_clean_otras.csv,inf,inf,inf,inf,inf,inf,inf,inf,inf,inf,inf,inf,inf,inf,inf,inf,inf,inf,inf,inf,inf,inf,inf,inf,inf,inf,inf,inf,inf,inf,inf,inf,inf,inf,inf,inf,inf,inf,inf,inf,inf,inf,inf,inf,0.0,inf,inf,inf,inf,inf,inf,inf,inf,inf,inf,inf,inf,inf,inf,inf,inf,inf,inf,inf
topology_dysplasia_16_clean_otras.csv,5269.059039241783,3582.5760688410446,4844.927259074233,6137.966159981632,14018.142630355242,1745.4575678788397,5870.088091134804,3784.2931409112725,8291.011876403902,1549.1729228873796,3442.959716597707,4962.8532784332765,3357.9385164749556,5251.066807877938,4828.427229753855,5882.490428299944,6575.020617999818,2671.123916409683,6797.7422263743465,2726.560328739988,5937.095092456233,5100.359960630942,2991.0084067270927,4702.701686764955,5363.831637340748,1902.779748905005,3697.3437273754193,5454.147936314092,1735.4818460851436,7354.185894439771,7166.174887435497,5997.353093650027,5717.776586552613,2510.372060333535,inf,1726.3484873998957,17531.54806524313,8798.679257399233,6589.851508258534,11586.127467026145,2432.955026423676,2898.8118815436774,4629.62186020658,3167.911789302315,inf,0.0,7732.993882234598,1198.3262500310243,3968.5733561358143,5691.6719746542985,6278.932846132512,2872.121609616993,3244.4064864702354,5382.943577535734,6470.700113936459,756.3738598227266,9001.699771341093,2366.5976379666477,inf,4042.5220752908253,5668.64548116355,7123.621736143212,6716.800270742979,8469.241887932214
topology_dysplasia_13_clean_otras.csv,8062.304318212888,9662.389798371989,9733.818524445654,13430.30485453099,7169.980930374811,8383.041445551919,6642.927072222751,11266.127150452907,1939.5547278237352,7146.628116615594,6454.977278035506,11027.36039260746,7789.984948196091,12454.46999177455,6516.493491679518,12871.546672272245,13228.641422828752,9142.888111042063,6520.3437232784145,6950.781721592713,12303.541701966858,11543.53731561429,5550.277358390671,11166.101446957195,11756.88546181839,9559.408848775318,10055.166340584356,5876.549634111026,7133.079693072909,4321.529058058198,2289.3761731199747,12908.99253736675,5340.056621227124,7288.525161174616,inf,8555.67018899415,9952.65933582944,4523.70063938703,12441.89033633574,4901.16704264237,8217.747780026557,5797.906093035777,11136.924146661235,8624.13261803126,inf,7732.993882234598,0.0,7023.579572174812,5286.443340877203,2592.978135571157,12915.687093013708,9327.803715333643,10454.020195986915,11720.049988317858,13234.340820132953,7355.223159841073,4309.48458789364,8034.651598518131,inf,9301.135583283642,2972.5242436911294,13413.988946614201,13354.78646754549,2222.0452812799017
topology_ad_carcinoma_13_clean_otras.csv,4735.5204173267,4257.744614428495,4949.020479301949,7152.967805633546,13100.434313224103,2560.208221807547,5302.366054952551,4669.243994836534,7587.98089775049,1614.860543171493,2719.9287431131193,5622.899730921798,2989.3999165409195,6281.758820571591,4127.927406702491,6928.130664629798,7553.573240572329,3459.1888670472526,6153.436185231939,2292.7262287782764,6796.800985673872,5992.331456699554,2832.5934865821464,5584.319994405472,6230.854896483618,2620.6562102566054,4521.073733533169,4706.158499186701,1845.400800499076,6649.719383278529,6456.565377339031,7035.290030634017,5374.849646367335,2281.5038730223105,inf,2272.7057896123297,16828.31029691282,8475.932700271824,7185.592866900078,10752.429017177868,2876.5933153246524,2244.6358152113808,5547.198882911508,3441.7066266561856,inf,1198.3262500310243,7023.579572174812,0.0,3234.188831629952,5121.695170944825,7212.302886377351,3759.8039431494917,4281.976605141802,6217.802878565498,7465.778493003268,945.2591806328071,8275.359524555288,2763.9523095657623,inf,4245.310065215219,4783.443793148012,7965.147122156961,7675.41057452299,7733.592716231857
topology_ad_carcinoma_7_clean_otras.csv,3074.1145097952203,5126.810403869547,4668.530010304845,9431.478014370437,11455.572886249327,4399.197165263888,2583.731119125575,7443.580852937866,4610.100554306298,3092.714741224731,1654.3406432921884,6486.684639925204,2850.389106000386,8463.357823607736,1920.200283716528,8800.94488350922,9036.781545217083,5039.4595544510485,4222.55766001371,2047.9115834299223,7880.432109779201,7273.1941416050595,3315.7968358848316,6862.070088772096,7402.786757486633,5768.478819272064,5865.303283653605,1860.1819126177531,3378.32920868473,3693.660539765434,3844.275538671182,8812.748773805137,6799.971743179102,2752.0691674207233,inf,4884.680988842349,13778.763431304113,8641.248384093276,7720.118860984477,9970.886161968194,3861.802524599232,1550.7183457700119,6904.398460329725,4012.334639599388,inf,3968.5733561358143,5286.443340877203,3234.188831629952,0.0,5314.652117126108,8751.14326529258,5158.392633761592,6421.317881494422,7363.433843513331,9104.52393939271,3603.835341627296,6621.527808726005,4252.461349031073,inf,4389.576219448541,5166.202755985866,8908.532502607875,9193.831428610594,4836.86869204293
topology_dysplasia_15_clean_otras.csv,8124.345557086228,8912.04347412175,9440.133368591436,11389.245204577688,8818.448164459796,7218.922454375276,6801.999882504034,8983.55434663928,3426.37278431379,6241.777096061335,6117.57791300008,10290.307614311565,7407.373904683175,10636.561946481277,6270.97925540264,11305.932709578312,12063.580259762919,8085.080959902418,6671.985423836936,6549.425091424955,11419.270263317363,10593.165780288165,4520.374689813939,10170.098372439512,10832.06575904726,7178.18551936569,9146.850455471093,6183.306739630976,5102.60776707777,5039.63305742027,3254.275635920723,11431.789018506242,3826.6212493946805,6814.358629616562,inf,6187.625336132684,12290.591857818737,3985.6454673271587,11830.910708886327,6246.247943251781,7534.88970147524,5464.33663959133,10132.598608540955,8075.07665655575,inf,5691.6719746542985,2592.978135571157,5121.695170944825,5314.652117126108,0.0,11719.24441154998,8355.353110690763,8557.839731707909,10840.65506994838,11933.902930208462,5467.44246641893,5161.824537849901,6046.681661847364,inf,8824.386111119069,1642.5584572933205,12596.508124432263,12220.703706123279,3922.9664776090194
topology_carcinoma_19_clean_otras.csv,8981.887293225274,4033.76439490929,5846.717583168954,3049.588634689295,19847.862637809045,4745.338883089374,9260.96919753021,5526.84259087293,12799.220103635822,5845.846889350109,7240.33242922429,2868.4263838619636,6317.459037139795,3435.1195674072515,7461.141968422018,2830.359614223379,1145.215660883151,4024.617304212027,8206.780329121417,7149.485861898669,2118.199269646797,2108.8002711236063,7832.602937046681,2311.2862285288884,1989.548016689193,5646.291986562717,3289.212025337318,10105.57966753917,6852.803314984928,11585.085142930142,12180.906124665968,1654.7264471154917,11573.348751766925,6073.95263091366,inf,6701.0459030457105,19863.6106450027,14203.999553662487,3235.429353897991,17585.717515648863,5284.945399810491,7557.848613544673,2529.791877095067,5014.027315860218,inf,6278.932846132512,12915.687093013708,7212.302886377351,8751.14326529258,11719.24441154998,0.0,3902.654224509456,3949.004069015912,2252.2346477460624,1923.1309992109339,6491.417463579983,14342.139933405768,6185.388445804558,inf,5279.7571892768265,11861.44604085648,2090.439913194333,1423.0413754376737,13361.759685599047
topology_dysplasia_19_clean_otras.csv,5951.32167700745,1379.1810865947891,3666.8243072146956,4438.949625911057,16261.31143011818,1325.0516333533728,6390.53150802081,3178.0150662607653,9266.015368579474,2314.1243030158885,4017.2279780600293,2910.070501197509,3139.0451547608504,3567.066330987564,5107.841124980847,3708.2146454065014,3952.1346984178263,1235.8195263490338,7063.314685917522,3655.978817694654,3146.022863608219,2809.069725372249,4454.83514901171,2076.2549009987824,2648.20288983164,2543.553665936136,1608.0277576227018,6754.269668866819,3653.0624972234414,8277.040880217368,8592.665346344258,3696.6299610286605,8452.815682037035,2714.7757924058906,inf,3731.9015432376796,18025.19839363115,10964.529891727005,4334.311744260989,14083.406096144938,1546.61557180367,4018.468550088291,1878.4228919836362,2786.288604603256,inf,2872.121609616993,9327.803715333643,3759.8039431494917,5158.392633761592,8355.353110690763,3902.654224509456,0.0,1626.0557141814095,3742.6242018150656,4091.643808323104,3076.0983264983606,10748.41186498689,4178.636160205022,inf,2751.9897521853627,8455.896516763381,4361.8377627394075,4260.700711008812,9770.304064110995
topology_dysplasia_18_clean_otras.csv,7394.979657425576,2678.6212913038153,4833.8470113362155,3064.9242063555885,17214.55957315502,2401.4028712506497,7879.425505725679,2070.60976286416,10618.179181838255,3510.5976295521195,5447.26574873226,3884.069977532991,4599.2247186940185,2413.846028683332,6327.259328974791,2905.3853169467684,3801.9724871718026,2107.2047256103688,8159.53084355212,5034.990575851302,3864.9686823070797,3520.727920419031,5190.603940525856,2893.052941151451,3165.8277631756596,2254.3212120725066,2651.97713575833,8125.0613142590655,3674.667210105167,9713.2583421398,9885.974418335727,3156.1812893096467,8217.370046201415,4029.577689238,inf,3318.7986601207745,19272.677951134498,11024.015718593782,5316.828665524634,14703.049890119668,2860.8425834736645,5291.222050412637,2354.9699715483807,3950.7932610867906,inf,3244.4064864702354,10454.020195986915,4281.976605141802,6421.317881494422,8557.839731707909,3949.004069015912,1626.0557141814095,0.0,4597.436368283992,4217.979937456314,3601.1849163567435,11861.778405971752,3636.8417055617547,inf,4069.287712673082,8815.39628794795,4818.176037631397,4735.190441072885,10986.081320261012
topology_carcinoma_15_clean_otras.csv,7174.579587009913,3179.817053596683,4045.579190271198,4859.485241243567,18599.265302158903,3919.4484082748236,7575.203391056103,6356.17681514313,11392.93386616193,4710.221578910423,5792.557532988093,1845.3702584655944,4867.209483111919,4845.476963816575,5881.5933021107185,4212.693063060046,2360.3165256300526,3021.3332325728225,6553.561133897851,5643.1576026607245,1418.2888657502713,2566.1118695974787,6943.830543516749,1956.3394815444408,1777.5519560546315,5429.0954219809855,2821.729594281217,8595.855174382086,6034.114212264089,10013.598351812987,10826.41129850252,3204.3047807882617,11016.726827248924,4679.407490550546,inf,6442.584233829988,18158.58936914445,13436.315466576836,1917.9270203933227,16521.712989441316,4060.9139723909498,6258.245050459922,2956.8333249330376,3500.0395529542884,inf,5382.943577535734,11720.049988317858,6217.802878565498,7363.433843513331,10840.65506994838,2252.2346477460624,3742.6242018150656,4597.436368283992,0.0,3673.071452534072,5543.443476547056,13064.93753989627,5702.1878431544965,inf,3626.003106740192,10923.164346575479,2030.5051665349079,2718.3407808475313,12015.858065716337
topology_carcinoma_5_clean_otras.csv,9597.942726141151,4506.819220359837,6557.537880640265,2625.4133525473035,20150.985317696002,5041.071354883105,9819.921591907772,5690.38803567816,13185.3435287404,6138.746977103111,7747.25373880732,3765.7119384655844,6816.692009080778,2653.6023640672283,8051.59239432662,2095.329485931635,2224.2221210840844,4229.384014493658,8970.725352274394,7558.716049015129,3329.5550063035103,2505.4660867685047,8117.594822256586,3224.9241528139473,3126.6083958965296,5833.027542520986,3503.263457413571,10619.347410294064,7081.908952125451,12113.876400599136,12526.731372608036,1817.5577356349536,11810.728186888326,6513.821500097042,inf,6997.704901142356,20536.184726651343,14414.606447215487,4374.54553535119,17867.1576896534,5504.054360651934,7882.50081570461,3219.4546411456627,5592.02684743918,inf,6470.700113936459,13234.340820132953,7465.778493003268,9104.52393939271,11933.902930208462,1923.1309992109339,4091.643808323104,4217.979937456314,3673.071452534072,0.0,6746.205540799082,14662.104512559687,6309.567697106753,inf,5866.373418384367,12098.776058746706,3455.976396981518,1603.866581034518,13712.629779613431
topology_ad_carcinoma_6_clean_otras.csv,5216.391346148277,3656.0792261427255,4717.339614253673,6511.1576533169855,13634.275410559621,1958.0389710413804,5685.855642000277,4112.318773552614,7904.928598031421,1250.320853007328,3071.6584536770797,5006.687746930694,2977.453073592633,5602.59012946166,4432.654139857594,6211.4143289327285,6840.940620434548,2794.650693277021,6418.544333425509,2639.822267509666,6119.38787494722,5304.594770017167,2736.44612177848,4885.818112676394,5543.891004503527,2309.981877227344,3856.5402196828045,5093.713117314208,1578.9912864848673,7008.244886991087,6876.767038674543,6310.632438423409,5707.992025006202,2165.856917082673,inf,1873.8254164630378,17127.281646603322,8680.241071662495,6633.347382918967,11221.017167747668,2416.837182672014,2527.2768978984896,4855.340856209227,2924.6009364394317,inf,756.3738598227266,7355.223159841073,945.2591806328071,3603.835341627296,5467.44246641893,6491.417463579983,3076.0983264983606,3601.1849163567435,5543.443476547056,6746.205540799082,0.0,8656.273120668166,2397.4952794972273,inf,3884.993293335804,5417.4633337925325,7292.796440254616,6963.163138593949,8040.51970998762
topology_ad_dysplasia_7_clean_otras.csv,9499.70287744951,10858.261420584617,10836.561899288889,14837.68086376789,9979.189564299919,9693.107708084235,8314.894578800306,12605.21843731458,5166.951020370705,8550.646236985942,7508.526817598549,12260.85836974055,8865.533199208263,13862.131731757521,7657.316228467894,14293.904130960516,14632.488733640575,10577.203442476857,7304.627912582937,7951.604189826297,13609.883811305308,12889.940636150524,6740.858099839179,12531.294900106774,13090.866226686687,10811.542401604294,11460.102188844825,7574.581777238978,8515.77426107047,6428.666262772295,3821.3651200725526,14344.896786604446,5379.130609245161,8448.038439834403,inf,9810.403213986534,12333.903423326465,3751.045183835121,13588.044601602522,7631.633129826956,9385.271691507764,6900.382251713849,12524.22002563039,9782.421598907367,inf,9001.699771341093,4309.48458789364,8275.359524555288,6621.527808726005,5161.824537849901,14342.139933405768,10748.41186498689,11861.778405971752,13064.93753989627,14662.104512559687,8656.273120668166,0.0,9426.143232000748,inf,10372.365777131012,6256.198059752802,14685.879830020287,14782.599975818697,4996.671131686976
topology_ad_carcinoma_14_clean_otras.csv,6781.3199827000835,4821.766590050793,5892.165958870887,5597.194323989426,14679.773308127109,3683.0160685904702,6478.784714921265,4570.820236466402,8449.360510504346,2914.3570174830515,3755.2439309706083,5005.078114480286,4428.705825753338,4929.357836992634,4560.16210834063,5592.913399657555,6427.675620992767,3524.8277280191255,5576.751863373493,4344.2300518163065,6478.023994493218,5111.112908395934,2854.174800118576,5320.373690897405,5762.692727533529,3593.660074840892,3839.840480008855,5907.152362689432,1360.9029014251878,7578.0305873583975,7554.739482705653,5757.407161582854,5746.001215841175,3573.3999248846408,inf,2682.660349519395,16914.051032599644,8403.567974903654,7239.31217404876,12107.374090871293,4312.427889369877,3447.9012988567206,4936.261824001561,3880.782486297009,inf,2366.5976379666477,8034.651598518131,2763.9523095657623,4252.461349031073,6046.681661847364,6185.388445804558,4178.636160205022,3636.8417055617547,5702.1878431544965,6309.567697106753,2397.4952794972273,9426.143232000748,0.0,inf,5264.421435117418,6273.122354140374,7209.346005593606,6700.127184100579,8588.486577526639
topology_dysplasia_4_clean_otras.csv,inf,inf,inf,inf,inf,inf,inf,inf,inf,inf,inf,inf,inf,inf,inf,inf,inf,inf,inf,inf,inf,inf,inf,inf,inf,inf,inf,inf,inf,inf,inf,inf,inf,inf,5527.846187053847,inf,inf,inf,inf,inf,inf,inf,inf,inf,inf,inf,inf,inf,inf,inf,inf,inf,inf,inf,inf,inf,inf,inf,0.0,inf,inf,inf,inf,inf
topology_ad_dysplasia_10_clean_otras.csv,3791.621638986531,1700.1923171524686,1193.2592079911267,6626.763876536473,15747.874559289685,2880.778499943468,4131.212270417126,5719.963969476136,8331.623247105255,2874.1350589571216,2944.7489615505588,2764.9213675633378,1629.900083043549,5894.815714621826,3235.9730826223786,5847.262304306461,5499.685925961228,2361.2032559125464,4861.641132419143,2519.895089378934,4065.697861479841,3798.30129075353,5353.887530683639,3201.4358365129756,3675.1708666364907,4477.603870906534,2792.884329007729,5128.851223152065,4574.32728857386,6574.537584620501,7924.662053504766,5537.825698592633,9546.544484278756,2126.438550111731,inf,5437.196592050635,15471.725153157542,11724.830704706961,3667.3649478194875,14105.287191096511,2241.3639319075314,3582.1437043428828,3440.327529842201,1573.6274579254286,inf,4042.5220752908253,9301.135583283642,4245.310065215219,4389.576219448541,8824.386111119069,5279.7571892768265,2751.9897521853627,4069.287712673082,3626.003106740192,5866.373418384367,3884.993293335804,10372.365777131012,5264.421435117418,inf,0.0,8850.681477842261,4945.818623649961,5754.274968697671,8965.721184618953
topology_dysplasia_14_clean_otras.csv,7844.127419830377,8995.428778359797,9427.706749028459,11601.354500120471,8862.378372086681,7254.329607263114,6465.542007913044,8950.266146155465,4117.936475514618,6301.895872259418,6142.114787751272,10367.263438956621,7431.868711024169,10862.53510020962,6266.596123547061,11532.179442239216,12209.887980439242,8163.51930726147,7179.287818244906,6519.342392059351,11511.00565160683,10687.18167725919,4914.170952137539,10274.828290686512,10932.160168773024,6808.3268386145555,9231.46661408126,5785.935526989972,5309.942590702861,4861.557882373932,3730.970006512401,11642.757920541098,4462.733085048921,6842.844228257861,inf,5843.558309737812,12631.155135849382,5430.999921615,11888.16312720561,6505.812831432939,7582.8364118596755,5408.7483752660755,10240.255627712464,8121.1677359948035,inf,5668.64548116355,2972.5242436911294,4783.443793148012,5166.202755985866,1642.5584572933205,11861.44604085648,8455.896516763381,8815.39628794795,10923.164346575479,12098.776058746706,5417.4633337925325,6256.198059752802,6273.122354140374,inf,8850.681477842261,0.0,12681.103004471126,12344.251706330962,3975.417083056939
topology_carcinoma_2_clean_otras.csv,8334.022862944214,3880.194844664874,5215.768698786015,4620.401785771584,20226.80767286545,5464.257242022933,8944.913152843528,6390.882957450059,12952.674980355428,6433.584148167526,7313.821511041885,2627.5665011486226,6330.841325789971,4719.198933060132,7434.386507307511,4070.12232916998,2205.059735224029,4588.388548919262,7821.372716321391,7115.253070591217,1591.2254453712967,2967.2629811132097,8685.886496910849,2554.182851397592,2108.507802836015,6674.598500772274,3680.294075691206,10002.350986974126,7783.665790074544,11448.510505642733,12418.050158273249,3016.6861578821026,12657.94591323632,6270.947444405875,inf,7852.245023691297,19348.999897524336,15182.478317434641,2009.5772726067485,18234.22852484745,5359.454962287049,7880.302400523278,3078.5443896522015,5009.062422907314,inf,7123.621736143212,13413.988946614201,7965.147122156961,8908.532502607875,12596.508124432263,2090.439913194333,4361.8377627394075,4818.176037631397,2030.5051665349079,3455.976396981518,7292.796440254616,14685.879830020287,7209.346005593606,inf,4945.818623649961,12681.103004471126,0.0,2627.2679487637984,13604.772183052735
topology_carcinoma_4_clean_otras.csv,9458.73412472199,4518.641687061987,6297.262998248532,3092.23128121839,20283.549262329594,5226.060437007383,9731.621197581195,6355.803241642296,13255.25964033472,6283.64424165409,7744.080966288617,3355.257942825504,6822.1689836141,3765.437475663847,7973.330096639116,2987.4227639096134,1835.277436570124,4372.3638862894295,8715.776056121356,7617.875230986621,2653.8690445915668,2404.601407544025,8307.475047144091,2769.963083874458,2643.983688097976,6192.398421745989,3573.340837052902,10612.882833663656,7368.234380497029,12108.055739262025,12619.016950576062,2099.353057638597,12168.071226756554,6546.922115557131,inf,7350.729775983173,20372.425550776163,14744.074349393188,3577.6797088695193,18031.446821850546,5629.049169425809,7989.162168424245,3312.1690970911463,5531.132462097394,inf,6716.800270742979,13354.78646754549,7675.41057452299,9193.831428610594,12220.703706123279,1423.0413754376737,4260.700711008812,4735.190441072885,2718.3407808475313,1603.866581034518,6963.163138593949,14782.599975818697,6700.127184100579,inf,5754.274968697671,12344.251706330962,2627.2679487637984,0.0,13804.732786864552
topology_ad_carcinoma_10_clean_otras.csv,6947.9842165359405,9810.774525417948,9194.391978922093,13975.72417873178,7525.48730967252,9019.52513219486,5553.6949376224175,11918.26031235259,1492.4021760117284,7709.558867646661,6370.794431136176,11181.026722447237,7425.381904592856,13001.515275100484,6233.062689041755,13402.392454213132,13650.833798848824,9638.236172663845,6074.284988813182,6735.57688048754,12551.865787088032,11907.553698143396,5898.127502333201,11507.250819871737,12057.683947425377,10288.731071593076,10470.037936819233,4678.141369101136,7706.133798141186,2965.5258482279514,1761.0357247257948,13418.543816705613,5909.815621988533,7380.525573253971,inf,9289.282510796615,9680.628499283832,6032.551307052034,12427.402290137603,6219.789791951607,8509.065522508581,6009.860116743103,11538.420489605152,8679.320693436113,inf,8469.241887932214,2222.0452812799017,7733.592716231857,4836.86869204293,3922.9664776090194,13361.759685599047,9770.304064110995,10986.081320261012,12015.858065716337,13712.629779613431,8040.51970998762,4996.671131686976,8588.486577526639,inf,8965.721184618953,3975.417083056939,13604.772183052735,13804.732786864552,0.0
