CellID,X_centroid,Y_centroid,phenotype
3033,47745.36349079263,40570.75340272218,Ki67+ tumor cells 
3082,48324.09218106996,40638.2024691358,Ki67+ tumor cells 
4542,47525.00490998363,40763.80196399345,M1/M0 macrophages
5243,48700.09544468547,40602.34707158352,effector CD8+ T cells
6286,47995.93090909091,40555.65090909091,Ki67+ tumor cells 
9857,48633.30012771392,40488.37803320562,Ki67+ tumor cells 
12164,47940.445378151264,41066.69117647059,Ki67+ tumor cells 
13928,47973.52788104089,41133.371747211895,tumor cells
14947,47877.62090483619,40405.72386895476,Ki67+ tumor cells 
15786,47807.09461663948,41233.67536704731,Ki67+ tumor cells 
19279,47592.0,40852.108527131786,M2 macrophages
19353,47770.419607843134,40712.94411764706,memory CD8+ T cells
20248,47897.992647058825,41136.90073529412,Ki67+ tumor cells 
21406,47752.13169164882,40312.67665952891,Ki67+ tumor cells 
23084,48166.72881355932,40862.83527542373,Ki67+ tumor cells 
24143,48733.69246031746,40609.30357142857,Ki67+ tumor cells 
25257,47860.61694915254,40445.98983050847,Ki67+ tumor cells 
25354,47978.48928571429,41000.21785714286,stromal cells
26258,48209.83358098068,40866.44725111441,Ki67+ tumor cells 
27343,47960.90683229814,41309.407867494825,Ki67+ tumor cells 
28887,48261.43949044586,40961.18152866242,Ki67+ tumor cells 
29392,47811.320493066254,40905.19722650232,Ki67+ tumor cells 
30287,48394.72062663185,40689.77806788512,Ki67+ tumor cells 
30292,48364.823684210525,40598.46842105263,Ki67+ tumor cells 
31712,48765.42472582253,40620.703888335,effector CD8+ T cells
32181,48935.43894899536,40963.09273570325,Ki67+ tumor cells 
32271,47713.308139534885,40428.707848837206,Ki67+ tumor cells 
32759,47619.02476780186,41098.89318885449,Ki67+ tumor cells 
32808,48773.63185840708,40526.71504424779,effector CD8+ T cells
33530,48382.00294117647,41288.65294117647,memory CD8+ T cells
33838,47758.96656050955,41008.53662420382,Ki67+ tumor cells 
34122,48407.414826498425,40663.02208201893,Ki67+ tumor cells 
35795,48528.33109619687,41134.29530201342,stromal cells
36913,48236.88,40608.556,Ki67+ tumor cells 
37082,47916.45176470588,41160.21176470589,Ki67+ tumor cells 
37101,48066.24188481675,40614.44502617801,Ki67+ tumor cells 
39112,47707.70823798627,41589.34553775744,Ki67+ tumor cells 
39763,47709.407725321886,40459.12339055794,Ki67+ tumor cells 
39938,47728.25776965265,41028.30164533821,Ki67+ tumor cells 
40534,47535.61424731183,41067.98521505376,Ki67+ tumor cells 
41268,48016.4703087886,41530.589073634204,effector CD8+ T cells
41656,48408.889121338914,40995.55648535565,effector CD8+ T cells
41757,48194.34990619137,41167.53470919325,Ki67+ tumor cells 
41803,47814.49621785174,40481.36006051437,effector CD8+ T cells
42821,47758.53863134658,40361.834437086094,memory CD8+ T cells
43096,48212.19941348974,41363.59042033236,effector CD8+ T cells
43373,47733.563855421686,40613.326506024096,Ki67+ tumor cells 
43579,47597.35501653804,40905.07607497244,Ki67+ tumor cells 
43659,48324.427680798006,40600.90149625935,Ki67+ tumor cells 
43695,47852.5006060606,40967.25090909091,Ki67+ tumor cells 
45595,47490.25369978858,40633.81395348837,Ki67+ tumor cells 
45971,47998.39697950378,41098.55555555556,effector CD8+ T cells
46119,47796.3086548488,40577.81126173097,Ki67+ tumor cells 
46194,48699.73860182371,40625.7537993921,effector CD8+ T cells
47088,47682.528205128205,40238.31538461539,effector CD8+ T cells
47934,47489.43309352518,40708.47913669065,Ki67+ tumor cells 
48225,48116.67167919799,41507.26900584796,effector CD8+ T cells
52824,48691.73103448276,40580.558620689655,memory CD8+ T cells
53738,47769.87775891341,41045.33446519524,Ki67+ tumor cells 
54362,47818.831210191085,40823.05891719745,Ki67+ tumor cells 
57658,48479.20622568094,40518.48443579767,effector CD8+ T cells
58471,47821.951948051945,40692.187012987015,Ki67+ tumor cells 
58615,48042.90882917467,40697.919385796544,effector CD8+ T cells
61171,48125.53505933117,41147.33117583603,effector CD8+ T cells
61628,47915.47727272727,40279.194805194806,tumor cells
63952,47709.86475942783,41415.200260078025,Ki67+ tumor cells 
64381,47465.705128205125,40765.415384615386,Ki67+ tumor cells 
64717,48065.15949632739,41181.45750262329,Ki67+ tumor cells 
64856,47713.17592592593,41165.31111111112,Ki67+ tumor cells 
68096,48273.950617283954,41303.94135802469,Ki67+ tumor cells 
68669,47871.90261627907,40475.8023255814,Ki67+ tumor cells 
69166,47666.57370517928,40456.46454183267,Ki67+ tumor cells 
69803,47524.34065934066,40898.82197802198,Ki67+ tumor cells 
71236,47592.24144144144,41020.75855855856,M2 macrophages
71237,47519.40151515151,41050.143939393936,stromal cells
72217,48512.840579710144,40459.5,M1/M0 macrophages
72657,48513.71099744245,41014.11508951407,M1/M0 macrophages
72872,48705.81690140845,41025.17605633803,memory CD8+ T cells
74142,47936.73661670236,40709.72376873661,effector CD8+ T cells
75658,48970.59432799013,40922.07398273736,Ki67+ tumor cells 
75898,47772.15987460815,40738.47648902822,Ki67+ tumor cells 
75912,48919.5421511628,40841.1875,Ki67+ tumor cells 
75979,47795.84086799277,41140.72151898734,Ki67+ tumor cells 
76742,48019.085959885386,41036.96848137536,stromal cells
76956,47841.41297935103,41093.78908554572,Ki67+ tumor cells 
79635,47507.46009389671,41125.72300469484,effector CD8+ T cells
81176,47795.5104477612,41689.51194029851,stromal cells
81182,47777.63609898108,40456.75109170306,Ki67+ tumor cells 
82780,48033.38356164384,40594.71232876712,Ki67+ tumor cells 
83749,48817.67674858223,41013.66540642722,tumor cells
84251,48725.77555816686,41169.77203290247,Ki67+ tumor cells 
84278,48819.13636363636,40955.48701298701,effector CD8+ T cells
84643,47706.74120317821,41287.43700340522,Ki67+ tumor cells 
85120,48382.37539936102,40664.47124600639,effector CD8+ T cells
86787,48525.53882352941,40533.35058823529,effector CD8+ T cells
88487,48134.898305084746,40898.17796610169,Ki67+ tumor cells 
88563,48699.56106408706,40483.83071342201,effector CD8+ T cells
88722,47672.14589235128,40975.03541076488,effector CD8+ T cells
89285,48470.12765957447,41051.519756838905,Ki67+ tumor cells 
89382,48136.23684210526,40863.90789473684,Ki67+ tumor cells 
89995,48725.42469879518,40574.57831325301,effector CD8+ T cells
90516,48323.37603305785,41078.52892561984,tumor cells
90935,48672.39217252396,41056.25798722045,Ki67+ tumor cells 
92235,47731.61715481171,41509.93723849372,Ki67+ tumor cells 
92662,47454.91263940521,40800.07620817844,Ki67+ tumor cells 
93729,47726.25133689839,41377.131550802136,Ki67+ tumor cells 
94992,47984.12676056338,41050.72183098592,Ki67+ tumor cells 
96598,48172.38707613564,40726.18490083174,Ki67+ tumor cells 
97425,48016.78800856531,41189.4625267666,Ki67+ tumor cells 
98341,47652.53289473684,41124.47149122807,Ki67+ tumor cells 
98634,47845.232360097325,40920.72749391728,Ki67+ tumor cells 
98708,48210.930693069306,41064.19471947195,effector CD8+ T cells
98812,47576.02555168409,40532.2462253194,Ki67+ tumor cells 
99085,48002.645590682194,40986.96339434276,M2 macrophages
99991,48743.90909090909,40506.97727272727,effector CD8+ T cells
100524,47676.008968609865,41384.11210762332,Ki67+ tumor cells 
102490,48141.95737704918,40937.3262295082,Ki67+ tumor cells 
103419,48919.33273381295,40552.21762589928,effector CD8+ T cells
104643,47745.785365853655,41053.44227642277,Ki67+ tumor cells 
106081,47703.39234449761,40513.92631578948,Ki67+ tumor cells 
106814,48479.37009345795,40777.75514018691,effector CD8+ T cells
106910,47720.87142857143,40663.35238095238,Ki67+ tumor cells 
107032,48302.46260869565,41058.42782608696,effector CD8+ T cells
107177,47653.316379310345,40856.231896551726,Ki67+ tumor cells 
107430,48403.5221238938,40854.34955752213,M2 macrophages
107715,47532.38812785388,41105.83561643836,effector CD8+ T cells
108354,47553.64836795252,40943.775964391694,Ki67+ tumor cells 
108491,47675.90677025527,40768.82685904551,Ki67+ tumor cells 
110658,47514.30154639176,41192.98453608248,tumor cells
111013,47783.576576576575,40895.96936936937,Ki67+ tumor cells 
112317,47455.10535714286,40981.56428571429,effector CD8+ T cells
113118,47824.50364963504,41660.277372262775,stromal cells
113626,47821.65736434109,40978.213953488375,effector CD8+ T cells
113707,48667.64995523724,41010.00089525515,Ki67+ tumor cells 
115129,48101.77220077221,41168.98584298584,Ki67+ tumor cells 
115545,48178.96878980892,41354.83566878981,effector CD8+ T cells
116479,48915.093253968254,40807.80158730159,Ki67+ tumor cells 
116824,48016.875789473685,40390.00421052631,memory CD8+ T cells
118595,47471.87537537538,40875.36936936937,Ki67+ tumor cells 
119461,47876.19173553719,40998.95702479339,Ki67+ tumor cells 
120473,48887.2107674685,40857.1030927835,Ki67+ tumor cells 
122646,47729.97311827957,40974.56451612903,effector CD8+ T cells
122688,47939.57194244604,40427.196043165466,Ki67+ tumor cells 
123397,47822.2119205298,41608.15894039735,Ki67+ tumor cells 
124616,48478.25304878049,40893.65396341463,Ki67+ tumor cells 
125498,47611.77849117175,40981.43820224719,Ki67+ tumor cells 
125855,47682.76447876448,40371.642857142855,Ki67+ tumor cells 
127329,48043.64351005485,40650.345521023766,Ki67+ tumor cells 
129593,48420.90204081633,40687.87346938776,Ki67+ tumor cells 
129644,47792.30350877193,40758.238596491225,Ki67+ tumor cells 
130497,48550.76645435245,40479.53078556263,Ki67+ tumor cells 
131873,47670.82398452611,40693.04835589942,effector CD8+ T cells
132019,47559.12849162011,41082.95251396648,tumor cells
132164,48236.87840290381,41463.67422867514,Ki67+ tumor cells 
133381,47742.83910034602,40157.26643598616,Ki67+ tumor cells 
137094,48040.00581395349,41081.976744186046,Ki67+ tumor cells 
137266,49064.26605504588,40731.72660550458,stromal cells
137873,48535.84705882353,40802.65882352941,M1/M0 macrophages
137886,48775.85659898477,41125.98984771573,Ki67+ tumor cells 
139412,47458.3911205074,40679.05285412262,stromal cells
139472,47620.98831775701,41146.22897196261,tumor cells
139650,48717.88732394367,40532.251956181535,effector CD8+ T cells
140470,48576.33368532207,40982.77613516367,Ki67+ tumor cells 
141141,48053.77064220184,41431.66743119266,M1/M0 macrophages
142370,48913.986531986535,40626.71717171717,Ki67+ tumor cells 
142684,48496.632206759445,40583.55069582505,Ki67+ tumor cells 
144366,47778.773109243695,41074.903361344535,Ki67+ tumor cells 
144890,47512.48311688312,40866.38441558441,stromal cells
145096,48102.19298245614,40726.0701754386,M1/M0 macrophages
145367,48787.42924528302,40639.45518867925,stromal cells
145392,48423.0775462963,41254.67361111111,Ki67+ tumor cells 
146326,47987.25090252708,41476.24187725632,M1/M0 macrophages
147093,48318.700787401576,40813.79527559055,memory CD8+ T cells
147663,47920.82903225807,41032.70322580645,Ki67+ tumor cells 
148143,48416.8908045977,40736.60632183908,effector CD8+ T cells
148894,47806.86,40961.113333333335,effector CD8+ T cells
149085,47964.33946360153,41247.6030651341,Ki67+ tumor cells 
149539,47538.01801801802,41035.4,tumor cells
153486,47891.43380855397,40946.60590631365,Ki67+ tumor cells 
154272,47925.04732510288,40819.51851851852,Ki67+ tumor cells 
155084,47597.18965517241,40437.56034482759,stromal cells
155467,47647.14479638009,41025.86877828054,M1/M0 macrophages
155740,47833.520689655175,40499.20172413793,Ki67+ tumor cells 
156852,48384.457399103136,41228.47384155456,M1/M0 macrophages
157067,47770.507953340406,40540.16648992577,Ki67+ tumor cells 
157768,47863.865196078434,40183.10049019608,memory CD8+ T cells
157771,47558.99312714777,40300.02920962199,Ki67+ tumor cells 
158458,47883.88145896656,40594.8556231003,effector CD8+ T cells
159082,48745.65700483092,40813.56038647343,memory CD8+ T cells
159150,48500.83414634146,41234.45609756098,Ki67+ tumor cells 
161081,47512.18569463549,40939.63273727648,Ki67+ tumor cells 
161098,47767.44417177914,40942.27484662577,Ki67+ tumor cells 
161535,48101.19372693727,41397.61439114392,Ki67+ tumor cells 
162216,48109.90207156309,40665.41242937853,Ki67+ tumor cells 
162586,47883.19934640523,40342.83823529412,Ki67+ tumor cells 
162695,47689.69565217391,41151.67652173913,Ki67+ tumor cells 
163241,48160.12710566616,41304.60336906585,Ki67+ tumor cells 
163518,47587.1996996997,41286.0990990991,tumor cells
164677,47762.08356164384,40635.42602739726,Ki67+ tumor cells 
166703,48465.75975715525,41322.65915004336,Ki67+ tumor cells 
167216,48365.89481825213,40629.170146945085,Ki67+ tumor cells 
168888,48640.7275,41143.32625,Ki67+ tumor cells 
170083,47473.09609120521,40938.40228013029,Ki67+ tumor cells 
171271,47708.33487511564,41323.84921369103,Ki67+ tumor cells 
171618,48212.70501474926,40508.79056047198,effector CD8+ T cells
172159,48411.825,40717.50833333333,M1/M0 macrophages
172554,49063.380208333336,40834.61979166666,Ki67+ tumor cells 
172784,48306.39464882943,41001.08528428094,Ki67+ tumor cells 
173967,47835.91507633588,41406.94370229008,Ki67+ tumor cells 
174077,48650.15568862276,40867.3502994012,memory CD8+ T cells
175014,47747.81359649123,41109.70614035088,tumor cells
175047,47676.45949367089,40626.79493670886,Ki67+ tumor cells 
175419,48170.264204545456,41058.55113636364,memory CD8+ T cells
175454,48220.40655737705,40722.16393442623,stromal cells
176623,48703.26420890937,41065.9846390169,Ki67+ tumor cells 
176991,47633.322522522525,41172.4,tumor cells
177719,48140.92028985507,40800.25072463768,Ki67+ tumor cells 
178939,48361.90909090909,40660.04242424243,tumor cells
179205,47659.9419525066,41164.79419525066,Ki67+ tumor cells 
181400,49004.10676156584,40741.60972716489,Ki67+ tumor cells 
181735,48011.07673267327,41297.41584158416,memory CD8+ T cells
182260,48348.16182572614,41174.00414937759,M1/M0 macrophages
183979,48795.48698315467,41106.32771822358,memory CD8+ T cells
184402,47501.35877862595,40841.41348600509,effector CD8+ T cells
187084,48516.37662337662,40517.31168831169,M1/M0 macrophages
187380,48261.96842105263,41280.073684210525,effector CD8+ T cells
188008,48356.77121771218,40730.14760147601,Ki67+ tumor cells 
188349,48746.20212765958,40789.56028368794,effector CD8+ T cells
189800,47821.380281690144,40444.56941649899,Ki67+ tumor cells 
191244,48068.07862068965,40972.85103448276,Ki67+ tumor cells 
191638,47896.595185995626,40434.48905908097,Ki67+ tumor cells 
191798,47549.45888594165,41368.76127320955,Ki67+ tumor cells 
191812,48239.66821345708,40897.41299303944,Ki67+ tumor cells 
192639,47787.67272727273,40663.781818181815,tumor cells
193545,48975.19871794872,40623.52777777778,Ki67+ tumor cells 
195317,47581.879914984056,41373.82784272051,Ki67+ tumor cells 
196470,47771.82089552239,41279.33475479744,Ki67+ tumor cells 
197906,47799.08492569002,40417.019108280256,M2 macrophages
198394,48629.66218034993,40984.36608344549,Ki67+ tumor cells 
198512,48374.46451612903,40941.87741935484,stromal cells
199637,47991.93710691824,41392.58490566038,tumor cells
199673,47871.00743494424,40243.90334572491,Ki67+ tumor cells 
200901,47525.67213114754,40346.62295081967,M2 macrophages
203403,48262.385802469136,41359.0462962963,effector CD8+ T cells
204196,48485.10404624278,40494.10260115607,effector CD8+ T cells
205240,47828.95169082125,41683.19806763285,stromal cells
206179,48507.44967320262,41290.9660130719,Ki67+ tumor cells 
206198,48108.74238875878,41352.66744730679,M1/M0 macrophages
207271,48089.425,40512.705,memory CD8+ T cells
210007,48800.47111913357,40720.96750902527,effector CD8+ T cells
210903,48668.40589198036,41160.28805237316,Ki67+ tumor cells 
211593,47973.79385964912,40582.19298245614,Ki67+ tumor cells 
211596,48986.73264781491,40600.96915167095,Ki67+ tumor cells 
211620,47479.50427350427,41088.13675213675,Ki67+ tumor cells 
212335,47746.66917293233,40444.67454350161,Ki67+ tumor cells 
212336,48308.14798206278,41249.84304932736,stromal cells
212442,47758.58007117438,40828.434163701066,Ki67+ tumor cells 
212912,48672.54310344828,40852.56465517241,M2 macrophages
213337,47842.29652996845,40228.77287066246,Ki67+ tumor cells 
214417,48457.35728542914,40642.22155688623,Ki67+ tumor cells 
215193,47996.98434004474,40463.41610738255,effector CD8+ T cells
215613,48515.46588693957,40491.66276803119,effector CD8+ T cells
215768,48260.0327198364,41016.00408997955,Ki67+ tumor cells 
218804,47573.30434782609,41189.49689440994,stromal cells
219172,48407.75512405609,41082.218985976266,Ki67+ tumor cells 
220836,47815.48466257669,40220.592024539874,memory CD8+ T cells
221964,49010.2968580715,40879.177681473455,Ki67+ tumor cells 
222128,48711.51371115174,40686.53016453382,Ki67+ tumor cells 
223371,48846.60335195531,40597.23324022346,Ki67+ tumor cells 
224362,47774.92744479495,41119.361198738174,Ki67+ tumor cells 
224664,48498.8679245283,41064.83813306852,effector CD8+ T cells
224925,47580.93700787402,40654.996062992126,Ki67+ tumor cells 
225032,47835.15946348733,40328.62444113264,Ki67+ tumor cells 
225791,47588.993756503645,40341.69719042664,Ki67+ tumor cells 
225822,47871.95761494253,41361.808908045976,Ki67+ tumor cells 
226579,48753.17396745933,40551.31289111389,Ki67+ tumor cells 
226714,48804.57446808511,40772.43971631206,stromal cells
227166,47629.57840616967,40634.43958868895,memory CD8+ T cells
228339,47757.49261083744,40496.94581280789,M1/M0 macrophages
228369,48104.64643237487,40959.33865814697,Ki67+ tumor cells 
229204,47985.83093053736,40377.76802096986,effector CD8+ T cells
229450,48782.13978494624,40673.655913978495,memory CD8+ T cells
231059,47731.68389662028,40402.93836978131,M1/M0 macrophages
231391,47938.75165562914,41119.579470198674,Ki67+ tumor cells 
231927,48786.07037037037,40878.73703703703,M1/M0 macrophages
232966,48032.76076555024,40830.31259968102,Ki67+ tumor cells 
233458,47822.86299212599,40355.38110236221,Ki67+ tumor cells 
233482,47492.03836930456,40901.652278177455,Ki67+ tumor cells 
234776,48287.90058479532,41109.56023391813,effector CD8+ T cells
235001,47757.73734177216,41142.79746835443,tumor cells
235969,48041.48363636364,41018.93818181818,stromal cells
236396,47659.71062271062,41072.230769230766,tumor cells
237089,48693.921875,40554.328125,effector CD8+ T cells
237145,48957.350122850126,40715.325552825554,Ki67+ tumor cells 
237224,47667.19452590421,40338.88367546432,Ki67+ tumor cells 
237290,48294.24827586207,40772.60229885057,Ki67+ tumor cells 
237704,47956.432692307695,40804.56730769231,M1/M0 macrophages
239412,47595.632124352334,40279.62694300518,effector CD8+ T cells
240968,47669.53796095445,40943.3557483731,Ki67+ tumor cells 
241264,48411.553459119496,40635.45911949685,Ki67+ tumor cells 
241517,48362.74579124579,40709.95622895623,Ki67+ tumor cells 
241884,48029.46218487395,41312.92605042017,Ki67+ tumor cells 
242319,48623.14619883041,40437.616959064326,memory CD8+ T cells
242840,48529.07166853303,41091.80739081747,effector CD8+ T cells
243034,47853.40047393365,41673.19194312796,stromal cells
244009,47438.64166666667,40932.4,Ki67+ tumor cells 
246703,47914.11510791367,40565.03597122302,M1/M0 macrophages
247004,47806.01541850221,41097.936123348016,Ki67+ tumor cells 
247112,48139.8358974359,40769.68034188034,Ki67+ tumor cells 
247808,47978.66251944013,40850.01244167962,Ki67+ tumor cells 
248736,48299.71098265896,40494.1387283237,M2 macrophages
250527,47700.22204213939,41442.397082658026,Ki67+ tumor cells 
250727,48115.04249667995,41116.25365205843,tumor cells
250768,48946.80421686747,40571.82228915663,stromal cells
252887,47627.58258258258,40883.04504504504,Ki67+ tumor cells 
253155,47720.48310810811,41438.58445945946,dendritic cells
253216,48297.02866242038,41202.79299363057,memory CD8+ T cells
253257,47614.858638743455,40472.54057591623,Ki67+ tumor cells 
253481,47595.13756613757,40734.12345679013,Ki67+ tumor cells 
255424,48064.12773722628,40572.66058394161,Ki67+ tumor cells 
255827,48816.30623020064,40591.92080253432,Ki67+ tumor cells 
255837,48708.51418616227,40930.29766052763,effector CD8+ T cells
256562,48038.70817120623,40521.78210116732,memory CD8+ T cells
257092,47633.74226804124,41258.67525773196,B cells
258413,48302.19932432433,40798.44932432433,dendritic cells
259207,47586.04179104478,40372.56119402985,stromal cells
260637,47505.58305084746,41008.18305084746,tumor cells
261238,47754.99125364432,40412.74635568513,Ki67+ tumor cells 
261909,47698.15676567657,41048.69636963696,Ki67+ tumor cells 
262651,47498.247706422015,41236.2752293578,stromal cells
262724,47507.60791366907,40520.73381294964,Ki67+ tumor cells 
263606,47844.72833117723,41326.934023285896,Ki67+ tumor cells 
264579,48086.69119420989,41234.65862484922,Ki67+ tumor cells 
264901,47558.085020242914,40658.99595141701,Ki67+ tumor cells 
265211,48897.149159663866,40952.607142857145,stromal cells
266541,48742.25196850394,40701.25721784777,Ki67+ tumor cells 
267931,49006.19155844156,40834.13474025974,Ki67+ tumor cells 
268912,47867.830449826986,40373.76124567474,stromal cells
269528,48665.25123152709,40941.3645320197,stromal cells
269635,47977.487676056335,41020.19894366197,tumor cells
270431,48521.43776824034,40751.20815450644,stromal cells
271550,47600.35135135135,40381.06081081081,tumor cells
272831,47821.45620437956,41173.99270072993,Ki67+ tumor cells 
273288,48221.43278688525,41313.42950819672,M2 macrophages
273820,48726.58146067416,40665.52528089887,effector CD8+ T cells
274129,48168.74319066148,40915.65758754864,Ki67+ tumor cells 
275113,48554.44915254237,40770.52118644068,memory CD8+ T cells
275850,47970.61048689138,40446.77528089887,Ki67+ tumor cells 
277398,47738.89572864322,40861.255025125625,Ki67+ tumor cells 
277718,47852.78571428572,41570.871720116615,Ki67+ tumor cells 
279143,49090.93259803922,40805.125,Ki67+ tumor cells 
279794,48162.82599795292,41381.2835209826,Ki67+ tumor cells 
281571,48843.29613733906,40786.60515021459,effector CD8+ T cells
281708,48883.50349650349,40565.59673659674,Ki67+ tumor cells 
282007,47880.70518358531,41532.16414686825,Ki67+ tumor cells 
282096,47560.70797962649,40259.81494057725,Ki67+ tumor cells 
282507,47881.52542372881,40728.4406779661,stromal cells
282964,48949.560693641615,40943.28757225433,Ki67+ tumor cells 
284071,48699.556207233625,41109.882697947214,Ki67+ tumor cells 
285463,47474.135207496656,40590.81124497992,Ki67+ tumor cells 
286213,47843.25979112271,40419.32767624021,Ki67+ tumor cells 
286468,48266.49401197605,40791.44311377245,M2 macrophages
286642,47680.64525993884,40406.05708460754,Ki67+ tumor cells 
286809,48668.18339100346,41122.27220299884,Ki67+ tumor cells 
287156,47629.686940966014,40229.141323792486,M1/M0 macrophages
287174,48712.89303482587,40765.114427860695,memory CD8+ T cells
287492,49094.02612826604,40748.3919239905,Ki67+ tumor cells 
288054,47418.26589595376,40889.97109826589,Ki67+ tumor cells 
288513,48145.68006993007,40985.80944055944,Ki67+ tumor cells 
289011,48002.65577889447,40950.06030150754,Ki67+ tumor cells 
289283,47625.33528265108,40320.34697855751,Ki67+ tumor cells 
289385,47533.0464,40824.4288,tumor cells
290059,48441.42184557439,40503.80225988701,effector CD8+ T cells
291699,48452.0935828877,40685.771390374335,effector CD8+ T cells
292800,47565.490364025696,40687.92077087794,Ki67+ tumor cells 
292832,48225.36771300448,40478.79820627803,memory CD8+ T cells
293619,48543.03498542274,40749.8250728863,stromal cells
294241,48374.42790697674,41406.58139534884,Ki67+ tumor cells 
294490,48452.12195121951,41369.40084835631,Ki67+ tumor cells 
294645,47868.80035810206,41439.79319606088,Ki67+ tumor cells 
294706,48864.09315589353,41038.76996197719,Ki67+ tumor cells 
294983,47823.20307167235,40734.03242320819,Ki67+ tumor cells 
295306,47717.09607577808,40225.3301759134,Ki67+ tumor cells 
295571,48195.34776228907,41439.88114453411,effector CD8+ T cells
296022,48235.19099099099,41347.62342342342,M1/M0 macrophages
296058,48593.704,40966.846,Ki67+ tumor cells 
296401,47633.55627009647,41535.85048231512,Ki67+ tumor cells 
296496,48206.79301745636,41280.18703241895,B cells
296777,48236.81237911025,40972.43520309478,effector CD8+ T cells
296807,47843.83942908118,41007.036574487065,effector CD8+ T cells
296834,48195.46951219512,40941.97967479675,Ki67+ tumor cells 
296911,47472.1234939759,41053.39759036145,tumor cells
297760,47922.55833333333,41244.2375,tumor cells
298716,48638.393728223,41098.76655052265,effector CD8+ T cells
299765,48081.25438596492,41483.825236167344,effector CD8+ T cells
300297,47909.402003338895,40536.71786310517,effector CD8+ T cells
300356,47603.83076923077,40558.68461538461,stromal cells
300899,47875.81818181818,40310.469696969696,effector CD8+ T cells
301665,47688.78893442623,40803.40368852459,M2 macrophages
301755,48845.18518518518,40971.78240740741,memory CD8+ T cells
302643,48007.1871657754,40859.07486631016,Ki67+ tumor cells 
303476,48647.62043795621,40522.86618004866,effector CD8+ T cells
304102,47980.23514211887,40656.37209302326,effector CD8+ T cells
305160,48146.44648318043,41455.69418960245,effector CD8+ T cells
305705,48249.43034055728,40824.37151702787,Ki67+ tumor cells 
305790,48787.46296296296,40771.17037037037,memory CD8+ T cells
306034,47664.91109298532,41309.57177814029,Ki67+ tumor cells 
306595,48133.3358778626,41367.36641221374,stromal cells
306911,48144.420323325634,40688.00923787529,M1/M0 macrophages
307113,48221.871485943775,41084.47791164659,stromal cells
307251,48402.645161290326,40532.08467741936,Ki67+ tumor cells 
307731,48395.99213630406,41388.374836173,effector CD8+ T cells
307974,47856.84615384616,40139.072874493926,memory CD8+ T cells
309212,47592.33025404157,41198.184757505776,Ki67+ tumor cells 
309934,47797.31192660551,41044.83944954129,effector CD8+ T cells
310131,47514.67136150235,40549.74178403756,stromal cells
310824,48183.28991596639,40577.48179271709,Ki67+ tumor cells 
311013,47456.33630952381,40642.88095238096,M1/M0 macrophages
311202,48262.740112994354,40548.418079096045,stromal cells
311775,47649.22842639594,41048.77157360406,stromal cells
311962,47648.21149897331,41006.63244353183,Ki67+ tumor cells 
312065,48273.37353433836,40985.09547738694,effector CD8+ T cells
312554,47734.17637271214,40937.78036605657,Ki67+ tumor cells 
313136,47997.37209302326,40662.2015503876,tumor cells
313616,48704.55048859935,40649.84690553746,stromal cells
314356,48070.33744855967,40887.69135802469,Ki67+ tumor cells 
314387,47484.12337662338,40665.31818181818,effector CD8+ T cells
314758,47703.443925233645,41185.897196261685,Ki67+ tumor cells 
316052,48462.00575539569,40949.15251798561,effector CD8+ T cells
316149,48220.5953346856,40809.15821501014,Ki67+ tumor cells 
316500,47884.127226463104,40893.01526717557,Ki67+ tumor cells 
316642,47562.95599022005,40993.83496332519,tumor cells
316849,48232.0519930676,40574.324090121314,Ki67+ tumor cells 
317008,48618.71409921671,41031.3772845953,Ki67+ tumor cells 
317372,48261.833333333336,41130.566666666666,Ki67+ tumor cells 
317781,48447.202872531416,40982.64452423698,effector CD8+ T cells
318530,48694.52733686067,40999.93474426808,Ki67+ tumor cells 
318539,48817.26567164179,40518.0,M1/M0 macrophages
318953,47968.56582914573,41171.47135678392,Ki67+ tumor cells 
319702,47828.37254901961,41290.166013071896,tumor cells
319706,47878.402547770704,40837.08407643312,Ki67+ tumor cells 
319824,48502.25095057034,40876.661596958176,memory CD8+ T cells
319828,47824.3625498008,41319.099601593625,tumor cells
320272,47613.566666666666,40674.27222222222,effector CD8+ T cells
320709,48318.64457831325,41039.80120481928,M1/M0 macrophages
321103,48796.75720164609,40524.33744855967,stromal cells
321980,47954.77304964539,41088.019858156025,Ki67+ tumor cells 
322016,47557.21142857143,40629.26,effector CD8+ T cells
323475,47578.79340277778,41142.02777777778,Ki67+ tumor cells 
323979,47841.60183639399,40570.97328881469,Ki67+ tumor cells 
324371,48331.17200674536,40474.38279932547,M2 macrophages
325272,48705.40197461213,40872.85613540198,effector CD8+ T cells
326711,47570.64574616458,41334.90934449094,dendritic cells
327646,48069.88947368421,40706.76842105264,M1/M0 macrophages
329387,47435.167330677294,40823.7197875166,Ki67+ tumor cells 
329609,48161.88372093023,40820.77408637874,Ki67+ tumor cells 
330015,47777.77744360903,40503.43308270677,Ki67+ tumor cells 
330486,47650.19306930693,40957.46287128713,Ki67+ tumor cells 
330866,48331.84387351778,40433.16798418972,M1/M0 macrophages
331669,47610.65882352941,40523.11470588236,M2 macrophages
331867,47818.0,41570.39156626506,M2 macrophages
332595,48530.17876489707,40993.69230769231,Ki67+ tumor cells 
332626,48671.988950276245,40923.4364640884,memory CD8+ T cells
333537,47767.7874015748,41156.6968503937,Ki67+ tumor cells 
333704,48075.338483146064,41069.0941011236,Ki67+ tumor cells 
333710,48400.80540540541,40764.064864864864,effector CD8+ T cells
334756,48262.78801843318,40735.87096774193,effector CD8+ T cells
339414,47616.14430894309,40800.44410569106,Ki67+ tumor cells 
339660,48449.53755868544,40799.98591549296,Ki67+ tumor cells 
341118,48731.27922077922,40838.75974025974,memory CD8+ T cells
341583,48357.71565217392,41352.53391304348,effector CD8+ T cells
342156,48209.470338983054,40478.96186440678,memory CD8+ T cells
342742,48103.00162074554,40568.41977309562,Ki67+ tumor cells 
343287,47611.824,41231.61,Ki67+ tumor cells 
343819,48342.22673267327,40525.59108910891,effector CD8+ T cells
345679,48301.66274509804,41226.149019607845,stromal cells
346484,48836.62213740458,40547.435114503816,stromal cells
346588,48286.71172413793,40902.66620689655,Ki67+ tumor cells 
347075,48965.49101229896,40754.633869441815,Ki67+ tumor cells 
347595,48177.35933147632,41467.01532033426,Ki67+ tumor cells 
348811,48771.60788381743,40702.90456431535,stromal cells
349746,47547.896589658965,40874.026402640266,Ki67+ tumor cells 
350080,48735.04219409283,40636.805907173,Ki67+ tumor cells 
350497,48622.137931034486,40745.19923371648,effector CD8+ T cells
351402,48040.10839160839,41509.61888111888,M2 macrophages
352385,47908.53357753358,41359.229548229545,Ki67+ tumor cells 
352968,48178.764925373136,41193.9552238806,M1/M0 macrophages
354532,48261.73258813414,41176.47807394669,effector CD8+ T cells
354623,48680.73349633252,40740.38875305624,M1/M0 macrophages
354756,47706.58322056833,40391.26116373478,Ki67+ tumor cells 
355006,47974.79677419355,40602.3064516129,Ki67+ tumor cells 
355373,47543.03619909503,40557.80542986425,stromal cells
355600,47932.4387254902,40793.29656862745,effector CD8+ T cells
356021,48545.39664804469,41207.072625698325,memory CD8+ T cells
356953,48270.85925925926,40535.76851851852,effector CD8+ T cells
357093,48817.68686868687,40851.954545454544,memory CD8+ T cells
357126,47743.17795275591,41667.24409448819,Ki67+ tumor cells 
357409,47837.625,41051.159375,Ki67+ tumor cells 
358178,48690.63486842105,40529.66447368421,effector CD8+ T cells
358787,47648.776397515525,41197.70393374741,Ki67+ tumor cells 
359746,47699.65669014085,41491.83626760564,memory CD8+ T cells
360386,47976.241681260944,40934.80385288967,Ki67+ tumor cells 
363051,47515.68548387097,40487.62634408602,stromal cells
363775,47866.63736263736,41270.28571428572,tumor cells
363847,48905.46403242148,40688.68794326241,Ki67+ tumor cells 
364934,47568.88173652695,41223.127245508986,Ki67+ tumor cells 
365252,48665.57142857143,41184.50088183422,Ki67+ tumor cells 
365752,47877.092975206615,40270.301652892565,Ki67+ tumor cells 
367730,48133.92156862745,41483.64145658264,effector CD8+ T cells
368114,48380.39726027397,41087.61232876712,effector CD8+ T cells
368244,47768.2701754386,41594.077192982455,Ki67+ tumor cells 
369232,48127.6951754386,41294.59210526316,Ki67+ tumor cells 
369635,48793.52380952381,40610.755102040814,effector CD8+ T cells
369749,49025.31861198738,40926.68454258675,tumor cells
369886,47828.30603448276,41476.44683908046,Ki67+ tumor cells 
370378,47934.28672985782,41282.45576619273,Ki67+ tumor cells 
370608,48823.10593220339,40913.40677966102,memory CD8+ T cells
370995,48484.13582677166,40865.37204724409,Ki67+ tumor cells 
371729,48342.0278833967,40693.7072243346,Ki67+ tumor cells 
372314,47510.86842105263,41076.96381578947,Ki67+ tumor cells 
372965,48775.558875219685,40734.39191564148,Ki67+ tumor cells 
372989,47853.07112375533,41188.91749644381,effector CD8+ T cells
373485,48266.105769230766,40513.52884615384,Ki67+ tumor cells 
374199,47620.87451737452,40709.44787644788,Ki67+ tumor cells 
375328,48477.34426229508,41084.02049180328,Ki67+ tumor cells 
375333,48560.877637130805,40893.6582278481,M2 macrophages
376984,48438.53054298642,40553.32918552037,Ki67+ tumor cells 
377553,48184.51497005988,40766.72814371258,Ki67+ tumor cells 
377755,48468.693037974685,40460.917721518985,Ki67+ tumor cells 
378079,47903.70231213873,41277.20231213873,M1/M0 macrophages
378503,47963.51407129456,40561.30393996248,Ki67+ tumor cells 
379072,48329.71428571428,41336.5873015873,stromal cells
379979,47917.3347107438,40776.76859504132,effector CD8+ T cells
380142,47650.23722627737,40623.04014598541,M2 macrophages
380588,47930.26530612245,40569.38192419825,memory CD8+ T cells
381149,48719.137330754354,40507.13152804642,effector CD8+ T cells
382099,47972.84270952928,40736.00229621125,Ki67+ tumor cells 
382384,48602.6103286385,40898.45070422535,effector CD8+ T cells
382670,48469.55414012739,40437.47770700637,effector CD8+ T cells
383454,48615.28295819936,40527.20900321544,M1/M0 macrophages
383720,48487.751953125,40949.9921875,Ki67+ tumor cells 
385282,48370.66525423729,41040.87146892656,Ki67+ tumor cells 
385456,48001.82016806723,40794.25546218488,effector CD8+ T cells
385506,47996.4,40583.80731707317,tumor cells
385921,48499.976744186046,40793.69379844961,Ki67+ tumor cells 
386620,48915.68370607029,40602.12779552716,Ki67+ tumor cells 
386870,47922.04528301887,40213.67547169812,M2 macrophages
387699,48149.77647058824,41133.05098039216,tumor cells
387772,47646.49661705007,40294.250338294994,Ki67+ tumor cells 
387802,48324.84656084656,41214.87301587302,M1/M0 macrophages
387814,48121.01077586207,41268.22629310345,Ki67+ tumor cells 
387876,47787.588983050846,41212.60593220339,M1/M0 macrophages
388364,48978.950892857145,40664.78125,Ki67+ tumor cells 
388685,48836.32234432235,40860.92673992674,M1/M0 macrophages
388948,47569.23487544484,40434.95551601423,Ki67+ tumor cells 
389558,47746.013927576605,41532.15320334262,Ki67+ tumor cells 
390152,48103.485714285714,41208.07969924812,Ki67+ tumor cells 
390499,48255.58149779736,41065.03964757709,Ki67+ tumor cells 
390513,48317.66514806378,41381.58314350797,M2 macrophages
390828,48582.72712680578,41273.20866773676,Ki67+ tumor cells 
391744,49033.97582417583,40686.85054945055,Ki67+ tumor cells 
392488,47682.91780821918,41226.438356164384,memory CD8+ T cells
392550,47951.67472527472,40843.435164835166,Ki67+ tumor cells 
393163,48244.9488372093,41285.59534883721,M1/M0 macrophages
393958,48365.81732580037,40818.71751412429,M2 macrophages
394504,49055.545816733065,40805.741035856576,stromal cells
394898,47515.8152173913,40586.934782608696,effector CD8+ T cells
394900,48051.93274853801,40814.536549707605,Ki67+ tumor cells 
397151,47856.28315412186,40846.44265232975,Ki67+ tumor cells 
399068,48300.3487544484,40676.58185053381,M1/M0 macrophages
399525,48445.58601134216,40480.8809073724,effector CD8+ T cells
399578,48411.77621483376,41209.99744245524,Ki67+ tumor cells 
401015,47926.54655870445,40384.85829959514,M1/M0 macrophages
401048,48800.288590604025,40974.58389261745,effector CD8+ T cells
401216,48815.352517985615,40944.02877697842,stromal cells
401409,48033.18245614035,40411.82105263158,memory CD8+ T cells
401547,47650.79329608939,41442.055865921786,dendritic cells
401768,47831.691629955945,41029.720264317184,Ki67+ tumor cells 
402620,48847.97503900156,40522.83775351014,effector CD8+ T cells
402878,47851.21834061136,41619.41048034935,Ki67+ tumor cells 
403372,48779.01351351351,41056.10810810811,dendritic cells
403615,47563.06771653544,40593.03622047245,stromal cells
403945,47606.86720321931,40609.47887323944,stromal cells
404203,47816.03860072376,40385.15560916767,Ki67+ tumor cells 
405584,48224.57729138167,41117.82352941176,Ki67+ tumor cells 
405935,48386.58560794045,40584.09429280397,M1/M0 macrophages
406510,47843.1174863388,40658.37158469945,Ki67+ tumor cells 
407999,47745.93657505285,41482.09619450317,Ki67+ tumor cells 
408283,47659.49112426036,41244.15088757397,stromal cells
409230,47732.41529235382,41207.13943028486,Ki67+ tumor cells 
410795,47994.132978723406,40341.35638297872,memory CD8+ T cells
411802,48358.60475161987,40508.19222462203,Ki67+ tumor cells 
412073,48034.622905027936,40897.100558659215,stromal cells
413456,48869.24189526185,40813.05985037406,effector CD8+ T cells
414594,48177.61690140845,41248.67605633803,M1/M0 macrophages
415134,48922.73866666666,40917.08,stromal cells
415802,48002.25,40902.18074324324,Ki67+ tumor cells 
417180,48908.26688102894,40523.74919614148,stromal cells
417848,48755.66548042704,40717.79715302491,stromal cells
420121,47875.01754385965,41230.4019138756,tumor cells
420529,48030.18342151676,40547.04761904762,memory CD8+ T cells
420595,48938.692844677134,40891.98080279232,Ki67+ tumor cells 
420944,48378.80255941499,40903.25776965265,effector CD8+ T cells
421309,47633.50556792873,41361.53674832962,Ki67+ tumor cells 
421857,47847.15481171548,40529.5230125523,tumor cells
422091,47583.704081632655,41235.38265306123,memory CD8+ T cells
422240,48188.526162790695,40804.79651162791,Ki67+ tumor cells 
422465,48325.029978586725,40870.60599571734,Ki67+ tumor cells 
422568,48006.24125452352,41505.41978287093,effector CD8+ T cells
422895,48411.67686034658,41322.71151885831,Ki67+ tumor cells 
424109,47706.46978557505,41526.94736842105,effector CD8+ T cells
424337,48847.69714285714,40871.09142857143,stromal cells
424936,47612.73180076628,40644.38314176245,effector CD8+ T cells
426904,48640.771929824565,41208.28070175439,effector CD8+ T cells
427738,48414.41959064327,40510.10380116959,effector CD8+ T cells
428207,48889.77777777778,40602.2358276644,M1/M0 macrophages
428247,48105.99038461538,40999.269230769234,tumor cells
428475,47890.03867403315,41045.325966850825,Ki67+ tumor cells 
428830,48821.7731277533,41059.92290748899,Ki67+ tumor cells 
429133,47739.56890459364,41174.63250883392,Ki67+ tumor cells 
429377,47959.58865248227,41048.343971631206,M2 macrophages
429666,47931.1246882793,41445.14962593516,stromal cells
430040,48636.702602230485,41006.89219330855,stromal cells
430076,48596.92927308448,41257.5717092338,Ki67+ tumor cells 
430437,47577.38452914798,40764.08632286995,Ki67+ tumor cells 
431259,47612.49321266968,41472.69004524887,memory CD8+ T cells
431479,48981.46385542169,40582.43373493976,Ki67+ tumor cells 
432142,47673.57585139319,41015.24458204334,effector CD8+ T cells
432865,48225.583333333336,41267.73611111111,M2 macrophages
433908,48112.33714285714,40703.577142857146,Ki67+ tumor cells 
434905,48087.8125,41141.017857142855,tumor cells
435096,47875.95774647888,41288.177464788736,Ki67+ tumor cells 
435716,47925.73429951691,40243.95169082125,stromal cells
435801,48605.51116625311,41126.34491315136,Ki67+ tumor cells 
436708,48190.34656084656,40680.37566137566,stromal cells
437514,47693.9552238806,40298.24813432836,Ki67+ tumor cells 
438127,47725.231617647056,40717.38602941176,M2 macrophages
438218,48874.76254180602,40784.29765886287,effector CD8+ T cells
438713,47938.66968325792,40219.10407239819,memory CD8+ T cells
440339,47547.11553030303,41141.33522727273,effector CD8+ T cells
440691,47866.84932920537,41131.004127966975,Ki67+ tumor cells 
442186,47953.22222222222,41494.38461538462,stromal cells
442486,48465.127536231885,40613.93913043478,Ki67+ tumor cells 
443495,47642.774590163935,41394.97540983607,Ki67+ tumor cells 
443662,48808.58420268256,40665.11028315946,effector CD8+ T cells
444488,48219.36565096953,40678.60941828255,effector CD8+ T cells
444726,47526.9737704918,41129.45573770492,memory CD8+ T cells
445366,47799.91979301423,40330.68434670117,Ki67+ tumor cells 
446596,47871.35761589404,40680.69536423841,memory CD8+ T cells
447920,48121.35424354244,41030.49323493235,Ki67+ tumor cells 
448107,47912.03323699422,41454.8338150289,effector CD8+ T cells
448473,47753.33566433567,41376.3986013986,effector CD8+ T cells
448536,47683.2,41258.386577181205,tumor cells
449678,48813.182596291015,40639.99572039943,effector CD8+ T cells
450044,48736.0031152648,40867.17445482866,effector CD8+ T cells
450217,48575.78246753247,40552.75324675325,effector CD8+ T cells
450575,48039.20467836257,40375.494152046784,stromal cells
450591,47855.634222919936,40279.35164835165,Ki67+ tumor cells 
451925,47562.08860759494,40727.95569620253,effector CD8+ T cells
452817,47877.62376237624,40809.66336633663,tumor cells
453838,48119.18388791594,40756.12609457093,M1/M0 macrophages
455435,48620.33027522936,41244.8623853211,effector CD8+ T cells
455983,47909.808,40383.672,effector CD8+ T cells
456094,48562.18450184502,41081.0319803198,Ki67+ tumor cells 
456122,48812.220338983054,41036.52542372881,M2 macrophages
456158,48477.24912891986,40590.55574912892,Ki67+ tumor cells 
456193,47813.688405797104,40189.92028985507,memory CD8+ T cells
457695,47618.91991341992,41201.88528138528,tumor cells
457884,48706.3908045977,40822.54406130268,effector CD8+ T cells
458732,48362.95943204868,41110.41176470588,M2 macrophages
459131,48338.9598540146,40766.70255474452,Ki67+ tumor cells 
459959,47637.629310344826,40253.97988505747,effector CD8+ T cells
460709,47944.10580204778,40581.91467576792,Ki67+ tumor cells 
460898,47432.49595687332,40645.94070080863,Ki67+ tumor cells 
461596,48240.86528497409,41037.56994818653,memory CD8+ T cells
461969,48975.40285204991,40687.23529411765,Ki67+ tumor cells 
462937,48790.286689419794,40828.66552901024,memory CD8+ T cells
463737,48791.557692307695,40928.84615384616,effector CD8+ T cells
464070,48116.81045751634,40511.8137254902,memory CD8+ T cells
464909,47828.74742268041,40152.264604811,M1/M0 macrophages
466119,48123.24173553719,40615.7520661157,Ki67+ tumor cells 
466788,47451.54976303317,40620.15639810426,M1/M0 macrophages
467047,47854.55555555556,41072.76190476191,Ki67+ tumor cells 
467854,48057.34156378601,41010.181069958846,memory CD8+ T cells
468139,48504.06621004566,41162.84703196347,stromal cells
469152,48326.6695652174,41353.54782608696,dendritic cells
469655,47952.56097560976,40351.32926829269,memory CD8+ T cells
469789,48073.691807542265,40762.15149544864,effector CD8+ T cells
469893,47802.21238938053,40161.5796460177,memory CD8+ T cells
470612,48602.566390041495,41096.572614107885,Ki67+ tumor cells 
470625,47423.009146341465,40776.03201219512,Ki67+ tumor cells 
471639,47891.8515037594,41601.72180451128,effector CD8+ T cells
472020,47589.64215686275,40224.52941176471,stromal cells
472492,47797.84291187739,40306.66283524904,Ki67+ tumor cells 
473335,48718.42541436464,40901.24585635359,stromal cells
473782,47859.43669250646,40341.635658914725,Ki67+ tumor cells 
473848,47774.28903654485,40186.976744186046,Ki67+ tumor cells 
474106,47698.90099009901,40328.25302530253,Ki67+ tumor cells 
474255,48915.17962003454,40882.98791018999,Ki67+ tumor cells 
476642,48901.17346938775,40986.42040816326,Ki67+ tumor cells 
476777,47821.004347826085,40764.301449275365,Ki67+ tumor cells 
476785,47493.69291338583,40789.87839020122,Ki67+ tumor cells 
477029,48450.68341708543,40768.40201005025,Ki67+ tumor cells 
479959,47724.952662721895,41004.863905325445,effector CD8+ T cells
480598,47924.70108695652,40343.801630434784,M1/M0 macrophages
482326,48421.51756440281,40764.67681498829,effector CD8+ T cells
482351,48011.47713717694,41341.99801192843,effector CD8+ T cells
482542,47897.18950930626,40991.2910321489,Ki67+ tumor cells 
485162,48793.25084745762,40504.63728813559,M1/M0 macrophages
485902,47730.94802867383,40497.08960573476,Ki67+ tumor cells 
485910,48157.12156862745,40614.65490196079,M2 macrophages
486885,48303.25419354839,41163.17806451613,Ki67+ tumor cells 
488471,47836.420245398775,41114.69938650307,effector CD8+ T cells
488789,47619.840650406506,40424.31707317073,Ki67+ tumor cells 
488809,48184.52258064516,41082.4,Ki67+ tumor cells 
489077,47634.8,40488.35789473685,Ki67+ tumor cells 
489162,49037.96677740864,40858.12292358804,Ki67+ tumor cells 
489475,47634.75257731959,40459.92268041237,stromal cells
489687,48251.42767295597,40598.21383647799,stromal cells
490297,47790.2576419214,41519.65502183406,effector CD8+ T cells
490591,47925.91516436904,41532.83457051962,effector CD8+ T cells
491754,48745.47023809524,40587.58928571428,stromal cells
491785,47653.23809523809,40719.31884057971,Ki67+ tumor cells 
493786,48487.8275862069,40833.262931034486,memory CD8+ T cells
493846,48061.12195121951,41049.1512195122,stromal cells
494699,48432.22102425876,41109.13746630728,Ki67+ tumor cells 
494705,47665.68803418803,41491.470085470086,Ki67+ tumor cells 
495629,48662.78387096775,40738.67741935484,M2 macrophages
496429,47778.95027624309,40165.29281767956,effector CD8+ T cells
496588,47895.39580209895,41073.58620689655,Ki67+ tumor cells 
497644,48507.47601476015,40553.49815498155,Ki67+ tumor cells 
498310,48990.4811827957,40798.48387096774,stromal cells
499707,47839.15151515151,40463.52272727273,Ki67+ tumor cells 
499876,47811.36489795918,40654.20897959184,Ki67+ tumor cells 
500154,47702.15146299484,40190.19449225473,Ki67+ tumor cells 
500345,48539.36738056013,40826.76112026359,Ki67+ tumor cells 
500610,47960.48314606742,40496.3797752809,Ki67+ tumor cells 
501591,48192.26515151515,40533.17803030303,Ki67+ tumor cells 
501858,48467.486211901305,41218.2496371553,effector CD8+ T cells
502511,47645.49189189189,40779.12072072072,Ki67+ tumor cells 
502861,48064.907216494845,40853.88144329897,stromal cells
504203,47772.440433213,41706.18772563177,effector CD8+ T cells
504459,48514.437956204376,40598.95255474452,memory CD8+ T cells
504784,48428.26421404682,40908.98327759197,effector CD8+ T cells
505434,48427.98333333333,40827.688095238096,stromal cells
505691,47686.22754491018,40218.50898203593,M1/M0 macrophages
505711,48248.21212121212,40584.28409090909,stromal cells
506877,48984.592997811815,40874.84463894968,Ki67+ tumor cells 
506975,47863.05882352941,40318.72549019608,effector CD8+ T cells
507115,47759.20521446594,40267.38519764508,Ki67+ tumor cells 
507486,48139.22865853659,40607.52743902439,Ki67+ tumor cells 
508956,47634.05445544554,40693.925742574254,effector CD8+ T cells
510232,47699.831444759206,41623.388101983,Ki67+ tumor cells 
511039,47923.57409713575,40940.35740971357,Ki67+ tumor cells 
511065,48225.577844311374,41176.50299401198,stromal cells
511188,47585.81714285714,41165.33142857143,tumor cells
511337,48550.188571428575,40863.23428571429,M1/M0 macrophages
514820,47658.82994186047,40200.71947674418,Ki67+ tumor cells 
515260,48047.98012232416,40935.79204892967,Ki67+ tumor cells 
515744,48406.319004524885,41130.12518853696,effector CD8+ T cells
516154,47790.16640253566,41354.40253565769,Ki67+ tumor cells 
516482,48819.04029304029,40776.38827838828,memory CD8+ T cells
516673,47824.6317512275,40284.11292962357,Ki67+ tumor cells 
519193,47914.117647058825,40313.244652406414,Ki67+ tumor cells 
519415,48096.76797385621,40898.06209150327,Ki67+ tumor cells 
519921,48892.09859154929,40812.42957746479,stromal cells
520252,47588.21196581196,41087.46495726496,Ki67+ tumor cells 
521086,47976.62420382166,41540.28343949045,stromal cells
522431,48738.84171779141,40475.96441717792,memory CD8+ T cells
522548,48769.1095505618,40993.64887640449,M1/M0 macrophages
523058,47939.52282157677,41012.46887966805,Ki67+ tumor cells 
523946,48914.7296511628,40717.70203488372,Ki67+ tumor cells 
524001,47534.52112676056,40440.612676056335,M2 macrophages
524699,47988.19230769231,40292.679487179485,memory CD8+ T cells
525464,47824.30617977528,40940.89606741573,Ki67+ tumor cells 
525648,48209.7385620915,40609.61437908497,stromal cells
526421,48217.84816753927,40841.34554973822,Ki67+ tumor cells 
526902,48306.22571428571,40845.938571428575,M2 macrophages
527601,48490.64537815126,40923.15462184874,Ki67+ tumor cells 
527758,47991.82578397213,40310.3031358885,stromal cells
528070,47625.85467980296,40857.32512315271,Ki67+ tumor cells 
528766,48890.528,40724.49866666667,effector CD8+ T cells
528836,47766.68284789644,41407.31715210356,stromal cells
528892,48393.70812603649,41359.8175787728,M1/M0 macrophages
529516,48330.46129032258,41101.20322580645,tumor cells
530424,48832.80500894455,40699.54203935599,Ki67+ tumor cells 
530496,48034.89256198347,40996.798898071625,M2 macrophages
531032,48448.73841059603,40749.57284768212,effector CD8+ T cells
531335,48565.5859375,40459.49609375,stromal cells
531702,48560.98469387755,41050.20068027211,Ki67+ tumor cells 
532157,47508.58895705522,41144.25766871166,Ki67+ tumor cells 
533333,47495.82153846154,40566.25076923077,effector CD8+ T cells
533571,48499.49913043479,41187.540869565215,Ki67+ tumor cells 
534139,48336.80431432974,41186.50077041602,Ki67+ tumor cells 
534827,47586.145454545454,40963.2948051948,Ki67+ tumor cells 
535475,48723.64493758669,41045.14979195562,effector CD8+ T cells
536135,48058.48275862069,41376.60237068965,Ki67+ tumor cells 
536867,48857.79324894515,40844.94092827004,effector CD8+ T cells
536885,47903.77350427351,41104.30341880342,tumor cells
538376,48378.13675213675,40510.95299145299,Ki67+ tumor cells 
538380,48639.43820224719,40751.629213483146,memory CD8+ T cells
539234,48059.645569620254,40544.84810126582,memory CD8+ T cells
540308,48170.42327365729,41000.35294117647,tumor cells
540674,47547.68217054264,40364.11369509044,M2 macrophages
541631,48970.8775,40787.715,Ki67+ tumor cells 
541883,47655.42153846154,40666.49538461539,M1/M0 macrophages
542532,48022.42153846154,40441.06153846154,memory CD8+ T cells
542614,48589.53459119497,41051.9572327044,Ki67+ tumor cells 
542753,48352.58064516129,40907.267552182166,Ki67+ tumor cells 
543149,48151.70802919708,40536.25182481752,Ki67+ tumor cells 
543382,48361.213983050846,41320.07838983051,M1/M0 macrophages
543394,48782.036538461536,40585.790384615386,Ki67+ tumor cells 
543503,47552.59541984733,40469.21679389313,M1/M0 macrophages
543579,47691.207334273626,41461.9605077574,Ki67+ tumor cells 
543591,48073.65983606558,41407.54098360656,M1/M0 macrophages
543954,48046.90082644628,40782.51239669421,M1/M0 macrophages
544218,47597.51497005988,40625.2754491018,effector CD8+ T cells
544849,48763.25146198831,41021.81286549708,memory CD8+ T cells
545102,48469.1963562753,41014.514170040486,tumor cells
545238,47503.28703703704,41258.8912037037,memory CD8+ T cells
545913,48069.4236453202,40925.629310344826,Ki67+ tumor cells 
546158,48155.66507177034,40501.11961722488,M1/M0 macrophages
546626,47949.97461928934,41037.06091370559,tumor cells
546729,47676.54907161804,40738.2175066313,Ki67+ tumor cells 
546813,47853.693467336685,40500.82914572865,M2 macrophages
547463,48813.2188034188,40542.45128205128,effector CD8+ T cells
548473,48758.16451612903,41070.3,Ki67+ tumor cells 
548846,48082.464,40656.908,effector CD8+ T cells
549579,47623.66242038216,41512.831210191085,effector CD8+ T cells
550065,49021.25158027813,40602.98230088496,Ki67+ tumor cells 
552938,48603.735593220335,40513.0,Ki67+ tumor cells 
554921,47904.04189944134,41475.40782122905,effector CD8+ T cells
554965,48157.99333333333,40633.58,M1/M0 macrophages
555541,48678.282157676345,40482.23236514523,dendritic cells
557205,47966.30029732408,41351.34291377602,Ki67+ tumor cells 
557460,48542.24183006536,40449.098039215685,dendritic cells
558159,48659.06413301663,40824.51781472684,M1/M0 macrophages
559116,48944.11386138614,40617.87004950495,Ki67+ tumor cells 
559122,48627.700147710486,40958.49335302806,Ki67+ tumor cells 
559312,47709.37696335078,40733.14136125655,tumor cells
560316,48555.09705882353,41228.63823529412,Ki67+ tumor cells 
561240,47820.67803030303,41448.552083333336,Ki67+ tumor cells 
561615,48243.902298850575,40724.183908045976,effector CD8+ T cells
562126,47948.8701754386,41386.20701754386,memory CD8+ T cells
562937,48565.3470790378,40421.71821305842,effector CD8+ T cells
563429,48021.1091954023,40794.24712643679,effector CD8+ T cells
563554,48657.663157894734,40879.61052631579,effector CD8+ T cells
564270,48264.05641025641,41093.35897435898,M1/M0 macrophages
564960,48277.26696832579,40925.642533936654,M1/M0 macrophages
565223,49087.65476190476,40713.401360544216,Ki67+ tumor cells 
565554,48158.71528751753,41174.42917251052,Ki67+ tumor cells 
566778,47563.37444933921,40403.37444933921,stromal cells
566886,47620.482905982906,40597.08974358974,effector CD8+ T cells
566914,47568.864347826086,40877.026086956525,Ki67+ tumor cells 
567061,48314.237623762376,40567.00742574257,M1/M0 macrophages
567303,47808.53020134229,41203.54697986577,tumor cells
567657,47511.22417355372,41323.62603305785,Ki67+ tumor cells 
568982,47484.70977917981,40997.12776025236,Ki67+ tumor cells 
570762,48730.32518796992,41096.98026315789,effector CD8+ T cells
571139,48621.37668161435,41198.68161434978,memory CD8+ T cells
571442,48865.55772646536,40737.70159857904,Ki67+ tumor cells 
572482,48860.11111111111,40564.066666666666,Ki67+ tumor cells 
575004,48412.29787234042,40605.5585106383,tumor cells
575477,47640.72602739726,41294.2,dendritic cells
575878,47725.95783926218,41572.74044795784,Ki67+ tumor cells 
577197,47837.67142857143,40548.51904761905,effector CD8+ T cells
577234,48853.48073022312,40716.16430020284,M1/M0 macrophages
577400,48084.19764011799,40851.16224188791,Ki67+ tumor cells 
577632,48279.62906724512,41043.49674620391,Ki67+ tumor cells 
578576,47779.22516556292,40981.953642384105,M1/M0 macrophages
578725,47994.06138107417,40816.72762148338,Ki67+ tumor cells 
579405,47494.50163934426,40463.659016393445,stromal cells
579597,47652.29495472186,41424.30012936611,Ki67+ tumor cells 
580356,47875.719696969696,40764.96212121212,stromal cells
580771,48945.39238653002,40652.43777452416,Ki67+ tumor cells 
581119,47610.13636363636,41370.82887700535,M1/M0 macrophages
581142,48464.73003802281,40976.54372623575,stromal cells
581219,48282.60824742268,41130.989690721646,Ki67+ tumor cells 
582216,48220.42191780822,40541.47397260274,stromal cells
583139,47634.21276595745,40988.99645390071,Ki67+ tumor cells 
583572,48503.42289719626,40656.457943925234,Ki67+ tumor cells 
584058,48522.76804123711,40712.97164948453,regulatory T cells
584647,48254.72916666666,40940.723958333336,stromal cells
585586,48741.82272727273,40890.895454545454,M2 macrophages
585689,48730.65957446808,41024.24680851064,Ki67+ tumor cells 
587129,48681.30115830116,40826.21621621621,stromal cells
587260,48849.28630705394,41013.77385892116,M2 macrophages
588532,47685.00378071834,41108.19565217391,Ki67+ tumor cells 
588676,48643.33905579399,41236.31330472103,dendritic cells
590482,47782.9586645469,41327.71701112878,tumor cells
591430,47581.89824561404,41049.62456140351,Ki67+ tumor cells 
592131,48854.88085106383,40655.85390070922,Ki67+ tumor cells 
593198,48151.10426540284,41065.46682464455,effector CD8+ T cells
593413,47970.254166666666,41422.27916666667,dendritic cells
595594,47656.68488745981,40580.38263665595,effector CD8+ T cells
596248,47734.05371900826,41450.07231404959,M2 macrophages
596440,48793.82663316583,41078.87688442211,Ki67+ tumor cells 
596669,48168.96802973978,41110.13531598513,effector CD8+ T cells
597978,48908.72139303482,40751.54726368159,Ki67+ tumor cells 
599448,48385.782352941176,41312.88823529412,memory CD8+ T cells
599551,48566.17678100264,40935.569920844326,effector CD8+ T cells
600399,47978.38148148148,40401.71851851852,effector CD8+ T cells
600528,48926.37634408602,40584.44802867383,Ki67+ tumor cells 
601663,47760.41349693252,40873.05398773006,Ki67+ tumor cells 
603115,48096.18341307815,41303.08692185008,Ki67+ tumor cells 
603168,47831.04630650496,41361.35501653804,Ki67+ tumor cells 
603497,48090.00546448088,40994.51366120219,tumor cells
603688,48762.61224489796,41055.4081632653,dendritic cells
603786,48153.07323943662,40655.66056338028,Ki67+ tumor cells 
604323,48138.78672985782,40515.15639810426,effector CD8+ T cells
604665,48466.07279693487,40845.07279693487,dendritic cells
604959,48282.10344827586,40822.92995689655,Ki67+ tumor cells 
606347,48022.44897959184,40950.2806122449,stromal cells
606613,48597.01996672213,40475.32113144759,effector CD8+ T cells
606967,48178.40909090909,41034.301652892565,Ki67+ tumor cells 
607877,48668.16666666666,40790.98648648649,memory CD8+ T cells
607953,48530.28323699422,41158.2485549133,stromal cells
608775,49080.30240549828,40767.60824742268,Ki67+ tumor cells 
608834,48853.53884093712,40762.15536374846,Ki67+ tumor cells 
609673,49044.93693693694,40613.36936936937,effector CD8+ T cells
610171,47969.41542288557,41385.84577114428,stromal cells
610280,48357.88333333333,40430.79166666666,M1/M0 macrophages
610870,47882.47640966629,41396.51783659378,Ki67+ tumor cells 
611584,48692.19090909091,40707.18636363636,effector CD8+ T cells
611670,48142.9914675768,41192.13481228669,Ki67+ tumor cells 
611826,48466.38148984199,40549.21670428894,Ki67+ tumor cells 
612525,47917.32283464567,40263.81889763779,dendritic cells
612767,47518.7128463476,40792.59445843829,Ki67+ tumor cells 
612922,47828.59507042253,40529.48591549296,Ki67+ tumor cells 
613773,47582.79392338177,41411.94583883751,Ki67+ tumor cells 
614648,48346.13965087282,40986.88403990025,effector CD8+ T cells
614671,48201.012738853504,40963.91082802548,stromal cells
614925,47698.10546875,40852.54296875,effector CD8+ T cells
615481,48342.33053221289,40831.66666666666,M2 macrophages
616039,47971.37785016287,40418.81758957655,Ki67+ tumor cells 
616431,47868.65925925926,40587.83703703704,Ki67+ tumor cells 
616600,47995.439238653,40732.932650073206,effector CD8+ T cells
618305,47721.4336492891,40777.03791469194,Ki67+ tumor cells 
618344,47563.74426229509,41114.659016393445,B cells
619523,48010.8896797153,41017.57295373666,M2 macrophages
621409,48244.80894308943,41101.76422764228,effector CD8+ T cells
621937,47900.19292604502,40696.54019292605,memory CD8+ T cells
622677,48356.58421672556,40959.989399293285,effector CD8+ T cells
622762,48648.929824561405,40545.04385964912,memory CD8+ T cells
624335,48408.82197802198,40553.12527472527,effector CD8+ T cells
624446,47445.13229571984,41116.08631057658,effector CD8+ T cells
624562,47559.6277173913,40351.24184782609,memory CD8+ T cells
624806,48158.679487179485,41280.6282051282,stromal cells
625569,49015.63897280967,40634.747734138975,effector CD8+ T cells
626156,47415.06905370844,40725.30434782609,tumor cells
626282,47901.96534653466,41426.58415841584,tumor cells
630091,47756.44237288136,41425.957627118645,M2 macrophages
630957,48369.40625,40791.4453125,M1/M0 macrophages
632787,48939.1560283688,40683.695035460994,M1/M0 macrophages
633143,48842.6582733813,40681.902877697845,Ki67+ tumor cells 
633579,48022.49101796407,41447.94311377245,dendritic cells
633748,47773.42313546423,40686.32267884323,Ki67+ tumor cells 
633832,47649.66804979253,40819.32780082987,M2 macrophages
634133,48533.0811965812,40900.5,Ki67+ tumor cells 
635320,48853.369491525424,40942.962711864406,memory CD8+ T cells
635723,48011.07462686567,40337.9552238806,stromal cells
636608,48469.73716381418,41150.1858190709,effector CD8+ T cells
637572,48011.48502994012,40507.35628742515,dendritic cells
639741,48129.09684684685,40959.87387387388,tumor cells
639787,47642.62719812427,40370.488862837046,Ki67+ tumor cells 
640102,47919.738505747126,40460.85632183908,effector CD8+ T cells
640979,47767.6168224299,41235.05607476636,effector CD8+ T cells
641130,48420.96788990826,41359.0504587156,Ki67+ tumor cells 
641784,47689.958333333336,40962.25,stromal cells
643465,48194.095384615386,40608.07076923077,effector CD8+ T cells
643709,48457.6694214876,41285.235537190085,Ki67+ tumor cells 
643758,48089.702657807306,40628.93521594685,effector CD8+ T cells
643986,48339.375,40858.85555555556,memory CD8+ T cells
644178,47537.98597194389,41203.7254509018,Ki67+ tumor cells 
645788,48098.85144124168,41434.71175166297,effector CD8+ T cells
646248,47877.94160583941,41477.824817518245,Ki67+ tumor cells 
646334,48120.38043478261,40802.66304347826,stromal cells
646914,47973.905303030304,41405.47727272727,dendritic cells
647762,48575.14166666667,40912.43055555556,Ki67+ tumor cells 
648118,48320.45497630332,40743.97630331753,Ki67+ tumor cells 
648511,48207.94416243655,40584.95685279188,M1/M0 macrophages
649136,47623.145454545454,40394.64090909091,Ki67+ tumor cells 
649260,47914.92274678112,40154.46351931331,memory CD8+ T cells
649833,48281.46594982079,40946.97491039427,M1/M0 macrophages
650296,48314.44036697248,40773.22935779816,stromal cells
650384,47565.78451178451,40377.16161616162,stromal cells
651103,48421.16355140187,41030.28971962617,M1/M0 macrophages
651555,47714.90512820513,40855.19743589743,stromal cells
654880,47750.46650717704,40186.174641148325,Ki67+ tumor cells 
655076,48441.96546310832,41143.18681318681,effector CD8+ T cells
655113,47459.30886850153,40565.13455657492,effector CD8+ T cells
655333,48323.18644067797,41263.707627118645,M2 macrophages
655806,48534.41638795986,41264.18227424749,Ki67+ tumor cells 
656122,47899.33421052632,41024.15789473684,Ki67+ tumor cells 
657204,47583.55752212389,40311.15339233039,M1/M0 macrophages
657964,48350.5,40445.369047619046,stromal cells
658927,48492.27361563518,41123.07166123779,memory CD8+ T cells
660019,47926.360655737706,40967.33606557377,effector CD8+ T cells
660057,48411.15246636771,40874.9865470852,M2 macrophages
660871,48557.522508038586,41109.14308681672,Ki67+ tumor cells 
662723,48869.0814479638,40621.60180995475,Ki67+ tumor cells 
663568,48804.97389033943,40799.11227154047,effector CD8+ T cells
663582,47440.5690376569,40706.987447698746,effector CD8+ T cells
664210,48588.63706563706,41079.061776061775,Ki67+ tumor cells 
664675,47964.73089700997,40268.19601328904,memory CD8+ T cells
664836,48183.28991596639,40900.37394957983,Ki67+ tumor cells 
666411,48334.284153005465,40999.95901639344,stromal cells
667171,47676.306818181816,40824.125,effector CD8+ T cells
667830,49058.51818181818,40667.25,memory CD8+ T cells
668245,47614.077369439074,41054.57833655706,M2 macrophages
668879,48355.01315789474,40582.31578947369,Ki67+ tumor cells 
669864,47725.87410071943,40549.56474820144,tumor cells
669984,48499.380116959066,40856.005847953216,Ki67+ tumor cells 
670258,48246.13086642599,41236.5523465704,Ki67+ tumor cells 
670287,48292.22183098592,41026.66901408451,M1/M0 macrophages
670362,47594.587012987016,41448.187012987015,effector CD8+ T cells
671228,48067.81088560886,41308.95479704797,Ki67+ tumor cells 
671400,48869.54444444445,40872.80370370371,Ki67+ tumor cells 
673649,48039.69572649573,40874.58803418803,Ki67+ tumor cells 
675547,47876.68154158215,40521.05070993915,Ki67+ tumor cells 
676534,47941.17551020408,40270.28571428572,memory CD8+ T cells
676564,48903.15163147793,40661.01727447217,Ki67+ tumor cells 
677105,48473.443636363634,41124.37818181818,memory CD8+ T cells
677478,47500.43146067416,41037.74157303371,tumor cells
677974,48024.7245508982,40493.4131736527,effector CD8+ T cells
678126,47938.00314465409,41470.60691823899,memory CD8+ T cells
678815,48447.721784776906,40860.22047244095,stromal cells
679235,48489.633165829146,40972.77386934673,Ki67+ tumor cells 
679272,47472.63056092843,40510.1914893617,M1/M0 macrophages
680882,48589.32675044883,40792.76660682226,effector CD8+ T cells
683643,48008.52419354839,41438.31451612903,M2 macrophages
683767,48376.107142857145,40921.79642857143,Ki67+ tumor cells 
685636,47901.358744394616,41379.42600896861,effector CD8+ T cells
685998,47589.96022727273,40575.70738636364,Ki67+ tumor cells 
686050,48423.07272727273,40439.81818181818,memory CD8+ T cells
686194,48191.65829145729,41057.01005025126,stromal cells
686458,48486.35897435898,41108.14102564102,memory CD8+ T cells
686514,48631.515679442506,40725.17073170732,stromal cells
686597,48163.0669456067,40759.28870292887,M1/M0 macrophages
687777,47966.83248730964,40958.82487309645,M1/M0 macrophages
689314,49009.0037735849,40778.93962264151,stromal cells
690713,48330.49074074074,40913.450617283954,Ki67+ tumor cells 
690860,48333.865853658535,40739.34756097561,Ki67+ tumor cells 
691059,47548.2183908046,40425.379310344826,M1/M0 macrophages
691697,47515.64944649446,41033.80442804428,Ki67+ tumor cells 
691985,48249.65637583893,41383.89261744967,Ki67+ tumor cells 
692378,47924.67510548524,41483.10126582279,effector CD8+ T cells
692525,48251.646586345385,40909.21285140562,memory CD8+ T cells
692902,48396.71648351648,41011.55604395604,Ki67+ tumor cells 
693087,48976.5,40848.08157894737,stromal cells
693874,47529.23728813559,40544.57203389831,effector CD8+ T cells
694372,48382.410071942446,40956.09352517986,stromal cells
694402,47601.18947368421,41430.76491228071,effector CD8+ T cells
694877,48562.88279301746,41198.79800498753,effector CD8+ T cells
695592,47726.30743243243,40290.96621621621,stromal cells
695784,47695.09266409266,40948.45173745174,stromal cells
697347,47983.419847328245,40629.42442748092,Ki67+ tumor cells 
698352,48386.26904761905,40777.37142857143,M1/M0 macrophages
699056,48264.56629597947,41417.5132591959,Ki67+ tumor cells 
700095,47677.03548387097,41584.57741935484,Ki67+ tumor cells 
700184,48366.113496932514,40875.37730061349,memory CD8+ T cells
700476,47870.315914489314,40158.87173396675,memory CD8+ T cells
701111,47895.86338797814,40848.91393442623,Ki67+ tumor cells 
703652,47914.86811023622,40862.72834645669,Ki67+ tumor cells 
703690,48424.04032258064,40975.75806451613,memory CD8+ T cells
703992,47746.51858108108,40475.17060810811,Ki67+ tumor cells 
704545,47693.23788546256,41554.22466960352,Ki67+ tumor cells 
704827,48011.49261083744,41458.60098522168,dendritic cells
705043,47510.90607734807,40423.7182320442,stromal cells
705878,48029.5908607864,41278.42720510096,Ki67+ tumor cells 
706045,48962.94262295082,40881.8868852459,Ki67+ tumor cells 
706235,48851.81617647059,40920.57352941176,memory CD8+ T cells
706376,48868.13258426966,40528.07191011236,Ki67+ tumor cells 
706515,48259.26255088196,40633.99457259159,Ki67+ tumor cells 
706862,48342.831168831166,41052.451948051945,Ki67+ tumor cells 
707482,47434.50922509225,41005.118081180815,Ki67+ tumor cells 
707536,47818.21522309711,40862.13910761155,Ki67+ tumor cells 
707605,48098.68493150685,41032.161643835614,Ki67+ tumor cells 
707651,47619.14346895075,41319.34796573876,Ki67+ tumor cells 
709027,48245.56481481482,40709.87037037037,effector CD8+ T cells
709883,48619.268011527376,40827.59654178674,M2 macrophages
709946,47738.68811881188,40822.80693069307,stromal cells
710786,48947.95567375887,40829.09929078014,memory CD8+ T cells
710947,48678.01634877384,41206.64577656676,Ki67+ tumor cells 
712121,47719.44768856448,41240.66666666666,memory CD8+ T cells
713230,48778.25595238096,40860.41071428572,M1/M0 macrophages
714848,47617.831501831504,40942.02747252747,Ki67+ tumor cells 
715043,47980.66887417219,40906.01655629139,Ki67+ tumor cells 
715951,48544.77914110429,41122.75153374233,memory CD8+ T cells
716144,47553.53227408143,41270.90168818272,M1/M0 macrophages
716420,48371.88916876575,41256.93576826197,M2 macrophages
717212,47649.91845493562,40693.257510729614,effector CD8+ T cells
717626,48298.582905982905,41334.61538461538,M2 macrophages
717727,47766.10644257703,41629.64425770308,memory CD8+ T cells
718279,47439.934104046246,40875.02196531792,Ki67+ tumor cells 
718350,47470.80152671756,41014.44020356234,Ki67+ tumor cells 
718755,47453.52222222222,41022.65555555555,effector CD8+ T cells
718978,47623.0701754386,40656.05263157895,M2 macrophages
719922,48994.93115942029,40708.32246376811,M2 macrophages
720000,47663.7533632287,41216.156950672645,effector CD8+ T cells
720137,47793.32246376811,40816.307971014496,memory CD8+ T cells
720728,49086.68671679198,40679.23558897243,Ki67+ tumor cells 
720822,47779.11483870968,41385.06451612903,Ki67+ tumor cells 
721852,48676.9305019305,40596.86872586873,effector CD8+ T cells
722137,47578.08423913043,41109.122282608696,Ki67+ tumor cells 
722159,47553.75362318841,40769.286231884056,Ki67+ tumor cells 
722728,47648.08717948718,40534.39401709402,effector CD8+ T cells
722858,47513.84328358209,41156.26865671642,tumor cells
723199,47691.07862407863,40836.35380835381,Ki67+ tumor cells 
723831,47764.88601036269,41475.18652849741,Ki67+ tumor cells 
723935,47625.208812260535,41123.76819923372,tumor cells
724323,47805.72749391728,40934.67153284672,M1/M0 macrophages
724363,48506.119047619046,41030.17658730159,Ki67+ tumor cells 
724670,47791.94864048338,40210.29909365559,M1/M0 macrophages
724685,47970.99750623442,40681.97007481297,Ki67+ tumor cells 
726179,48676.33941605839,41230.17883211679,effector CD8+ T cells
727988,48028.52676056338,40728.38873239436,Ki67+ tumor cells 
731253,48577.16257088847,40488.10775047259,dendritic cells
732559,48587.541528239206,40522.38870431894,stromal cells
734039,47614.4231678487,40765.86052009456,effector CD8+ T cells
735158,48124.97215777262,40843.95127610209,Ki67+ tumor cells 
735841,47637.84770114943,40344.45114942529,Ki67+ tumor cells 
735980,49032.53094462541,40754.52442996742,stromal cells
736199,48204.13807531381,41197.803347280336,dendritic cells
736319,48870.62127659575,40968.482978723405,Ki67+ tumor cells 
737301,47600.98770491804,40248.65573770492,stromal cells
737349,47532.54220314735,40939.59799713877,Ki67+ tumor cells 
737812,48763.33705357143,40841.734375,Ki67+ tumor cells 
738633,48432.337175792505,40792.30259365994,Ki67+ tumor cells 
739469,47861.15037593985,40716.04887218045,stromal cells
740451,48011.64440433213,40421.21299638989,memory CD8+ T cells
741157,47441.72283813747,40772.0243902439,stromal cells
741484,47862.17475728155,41548.16019417476,M1/M0 macrophages
742600,48884.0048,41009.9296,Ki67+ tumor cells 
743150,47719.45248868778,40906.135746606335,stromal cells
745064,47949.45263157895,41432.46315789474,M1/M0 macrophages
745127,48416.93144208038,40483.75413711584,M1/M0 macrophages
746536,48040.2578313253,41351.50120481928,M2 macrophages
746895,47727.63256325632,40803.95929592959,effector CD8+ T cells
746956,48707.37745098039,40796.03431372549,stromal cells
747067,47802.31451612903,41642.66129032258,stromal cells
747852,48639.37527593819,40848.84768211921,M2 macrophages
748136,47647.45608108108,40478.85472972973,dendritic cells
748634,48457.691666666666,40923.21666666667,Ki67+ tumor cells 
750616,47937.96183206107,40282.32824427481,memory CD8+ T cells
750655,48894.451807228914,40629.10843373494,M1/M0 macrophages
751729,48019.15404040404,41413.770202020205,M1/M0 macrophages
751733,48608.247631935046,40876.54939106901,effector CD8+ T cells
751956,48955.11155378486,40601.07569721116,Ki67+ tumor cells 
752818,48403.53846153846,40575.82051282052,Ki67+ tumor cells 
753189,48045.93233082707,40553.23308270676,memory CD8+ T cells
754311,48486.17532467532,40644.23376623377,M1/M0 macrophages
754577,47679.00806451613,40436.27419354839,stromal cells
756739,47656.92473118279,41553.86827956989,tumor cells
757127,47639.713310580206,41456.60068259386,Ki67+ tumor cells 
757285,47854.98689956332,40302.75109170306,M1/M0 macrophages
757526,47465.1,40917.25925925926,stromal cells
759116,47979.67684021544,40525.407540394976,effector CD8+ T cells
760120,48488.40204081633,40667.45102040816,effector CD8+ T cells
760387,48693.03794642857,40767.61830357143,stromal cells
760685,47698.91875,40873.44375,memory CD8+ T cells
760977,48772.62932226832,40942.12033195021,Ki67+ tumor cells 
761051,48318.53488372093,40926.05581395349,Ki67+ tumor cells 
761678,48329.02732240437,40727.15846994535,Ki67+ tumor cells 
762259,48314.40833333333,41314.30833333333,dendritic cells
762544,48160.47860962567,40790.92513368984,Ki67+ tumor cells 
762578,47818.5536231884,41539.228985507245,M1/M0 macrophages
762610,47704.16031390135,40259.2600896861,Ki67+ tumor cells 
762727,47533.25155279503,40717.36956521739,Ki67+ tumor cells 
763351,48212.45070422535,41035.98591549296,memory CD8+ T cells
764301,48330.8515497553,40941.13703099511,Ki67+ tumor cells 
766350,47870.639846743295,41092.82375478927,Ki67+ tumor cells 
766444,48337.32248062016,40670.4015503876,stromal cells
766530,48668.48209366392,40686.06611570248,effector CD8+ T cells
766983,48414.0523138833,40936.27162977868,effector CD8+ T cells
767230,48937.8125,40786.71354166666,M2 macrophages
770302,48435.70870113493,41081.0340479193,Ki67+ tumor cells 
770931,47793.20903010033,40999.866220735785,tumor cells
772632,48325.46073298429,41134.49040139616,Ki67+ tumor cells 
772669,47839.64300847457,40201.33474576271,Ki67+ tumor cells 
773307,48382.07004830918,41139.75845410628,M2 macrophages
774735,47912.89508196721,41049.87540983607,Ki67+ tumor cells 
776629,49022.18194842407,40660.467048710605,effector CD8+ T cells
777849,48615.06153846154,41164.26384615384,Ki67+ tumor cells 
778080,47433.3880866426,40607.98916967509,tumor cells
778666,48740.058548009365,40974.80093676815,effector CD8+ T cells
779596,47924.14525139665,40180.86033519553,memory CD8+ T cells
780151,47520.890625,41275.73721590909,memory CD8+ T cells
780948,47717.66504854369,41077.25242718447,effector CD8+ T cells
783470,47811.79802955665,40257.64532019704,memory CD8+ T cells
785367,47730.316810344826,41097.262931034486,tumor cells
785811,48522.25771324864,40848.15789473684,Ki67+ tumor cells 
785981,48279.39104477612,40681.49253731343,stromal cells
786066,47954.10769230769,40884.61153846154,effector CD8+ T cells
786198,47835.09696261682,40253.27336448598,effector CD8+ T cells
788028,47762.047533632285,40227.90134529148,effector CD8+ T cells
788108,48972.85867620752,40822.95169946333,Ki67+ tumor cells 
789050,48270.79734219269,41076.83388704319,Ki67+ tumor cells 
789140,47862.77551020408,40874.29591836735,Ki67+ tumor cells 
790365,47579.58031088083,40492.10103626943,memory CD8+ T cells
790912,48587.170682730924,40760.47389558233,effector CD8+ T cells
791120,47955.06451612903,41559.12903225807,memory CD8+ T cells
791644,47765.38829787234,41668.4335106383,stromal cells
791652,47737.39157566302,41354.44149765991,M2 macrophages
793550,48889.79764243615,40541.98428290766,Ki67+ tumor cells 
793671,47865.93333333333,40304.77777777778,effector CD8+ T cells
794317,47934.767184035474,41362.72062084257,M2 macrophages
795391,47877.84241531664,40497.67304860088,Ki67+ tumor cells 
795754,47948.06,40981.22666666667,Ki67+ tumor cells 
795844,48724.10416666666,40749.0,Ki67+ tumor cells 
796620,48470.08571428571,40670.88721804512,Ki67+ tumor cells 
798508,47980.00178571429,40507.22142857143,effector CD8+ T cells
799050,47515.8612244898,40465.06530612245,M2 macrophages
799173,47565.28996282528,40840.8624535316,tumor cells
800024,47944.09381237525,40912.62674650698,effector CD8+ T cells
800295,48774.73275862069,41033.43318965517,effector CD8+ T cells
800411,48584.87788778878,41143.27722772277,stromal cells
801627,48284.2158808933,40456.570719602976,M1/M0 macrophages
802013,47478.1722972973,40483.93581081081,M2 macrophages
802867,47762.97797356828,40900.94713656388,Ki67+ tumor cells 
803077,48576.78401727862,41183.38444924406,B cells
803352,47598.72,41486.2,tumor cells
804119,48380.74637681159,40475.852657004834,M2 macrophages
806737,48349.10546378653,41142.00508259212,Ki67+ tumor cells 
807087,47668.2881773399,40906.226600985225,Ki67+ tumor cells 
807131,48354.55913978495,40567.76344086022,stromal cells
808097,47725.32258064516,40842.18279569892,B cells
808183,48490.82700421941,41002.36708860759,tumor cells
808333,48561.38425925926,40536.4212962963,Ki67+ tumor cells 
808605,48234.93248945148,40749.79324894515,effector CD8+ T cells
809159,48467.33481152993,41177.76053215077,Ki67+ tumor cells 
809712,47841.77019498607,40875.30501392758,Ki67+ tumor cells 
810721,48246.39247311828,40739.70430107527,effector CD8+ T cells
811418,47450.56462585034,40746.30612244898,M2 macrophages
812015,48743.53107344633,40911.1186440678,effector CD8+ T cells
814763,47804.10303030303,40714.472727272725,tumor cells
814981,47704.46092503987,40359.91068580542,Ki67+ tumor cells 
814989,48673.63374485597,40808.72427983539,memory CD8+ T cells
815494,47955.1953125,41109.7890625,M1/M0 macrophages
815866,48450.74750830565,40584.8438538206,Ki67+ tumor cells 
816020,47812.08316831683,41387.13861386139,Ki67+ tumor cells 
816056,48137.374639769456,41399.321325648416,effector CD8+ T cells
816358,48412.58394160584,40960.07299270073,effector CD8+ T cells
816707,48398.60434782608,40438.21956521739,Ki67+ tumor cells 
816769,47894.75911708253,41324.25527831094,Ki67+ tumor cells 
816963,48300.73423423423,40517.62162162162,M2 macrophages
817335,48025.97457627119,41367.49576271186,stromal cells
818188,48251.38338658147,40872.64856230032,Ki67+ tumor cells 
818272,48125.69365079365,40571.3,effector CD8+ T cells
818518,48853.38285714286,40994.23428571429,Ki67+ tumor cells 
818786,48437.81818181818,40532.12727272727,Ki67+ tumor cells 
820749,48869.52442996742,40926.15960912052,stromal cells
821363,48753.756410256414,40739.80512820513,Ki67+ tumor cells 
821961,48422.0479704797,41013.9557195572,memory CD8+ T cells
822672,48671.75595238096,40552.02976190476,memory CD8+ T cells
823271,47905.09259259259,40912.81851851852,Ki67+ tumor cells 
823289,48634.536082474224,40819.113402061856,M2 macrophages
824702,49058.944444444445,40645.927777777775,dendritic cells
824797,48449.995192307695,41108.89903846154,M2 macrophages
824805,48579.92727272727,40733.70909090909,effector CD8+ T cells
824834,48105.97,40641.78,memory CD8+ T cells
825175,48034.41329479769,40758.48988439306,Ki67+ tumor cells 
825177,47963.36893203884,40616.28640776699,effector CD8+ T cells
826044,47653.23774509804,40499.68627450981,M2 macrophages
826527,47847.71294117647,40172.181176470585,M1/M0 macrophages
827219,47416.23820754717,40843.31132075472,Ki67+ tumor cells 
827398,48263.98351648352,40902.18956043956,effector CD8+ T cells
827405,48189.061036789295,41220.64381270903,effector CD8+ T cells
827655,48841.44230769231,41047.519230769234,Ki67+ tumor cells 
828001,48438.95337995338,40880.85547785548,stromal cells
829065,47739.2688172043,41228.40322580645,Ki67+ tumor cells 
832131,47999.444444444445,40765.71428571428,Ki67+ tumor cells 
832562,47905.80120481928,40720.12048192771,memory CD8+ T cells
832591,48530.659016393445,40968.1868852459,Ki67+ tumor cells 
833113,48821.88916876575,40872.70025188917,Ki67+ tumor cells 
834696,48940.123239436616,40767.45774647888,stromal cells
835179,47655.76323987539,41502.30218068536,effector CD8+ T cells
837038,48038.35447761194,41238.83442164179,Ki67+ tumor cells 
837042,47766.78855480116,40790.15906886518,Ki67+ tumor cells 
838205,48722.457627118645,40793.08050847457,stromal cells
838311,47804.145584725535,41474.446300716,memory CD8+ T cells
838815,47575.32227488152,41448.971563981046,dendritic cells
839130,48695.48466257669,41219.46012269938,stromal cells
840032,47857.981132075474,40759.15094339623,effector CD8+ T cells
840648,47603.522935779816,40402.64220183486,M2 macrophages
841616,49023.21752265861,40783.513595166165,Ki67+ tumor cells 
841675,47885.96,40717.94,stromal cells
844151,47952.42617449664,41409.75838926175,memory CD8+ T cells
845095,48411.254691689006,40899.91689008043,effector CD8+ T cells
846332,48503.77419354839,40830.33640552995,M1/M0 macrophages
847614,47921.56680161943,40692.2024291498,effector CD8+ T cells
850678,47954.30054644809,41463.44535519126,stromal cells
851478,47904.58383233533,40217.73652694611,memory CD8+ T cells
851692,48832.606606606605,40809.91891891892,effector CD8+ T cells
852998,47519.53003003003,40678.68018018018,Ki67+ tumor cells 
853527,47913.72932330827,40709.661654135336,memory CD8+ T cells
853978,48130.21138211382,40995.89430894309,tumor cells
854095,48166.153284671534,41412.46228710462,effector CD8+ T cells
855054,47974.49032258065,41437.68387096774,dendritic cells
855608,48569.09427609428,41142.81481481482,memory CD8+ T cells
855799,47900.4678111588,41550.96566523605,Ki67+ tumor cells 
857551,49059.60211267605,40620.40140845071,memory CD8+ T cells
858612,47946.34285714286,40367.68571428571,Ki67+ tumor cells 
859057,48615.46064814815,41217.94212962963,Ki67+ tumor cells 
859896,47782.21225710015,40368.4798206278,Ki67+ tumor cells 
861217,48209.952261306535,40788.5703517588,Ki67+ tumor cells 
861739,47717.968253968254,40966.328042328045,M2 macrophages
861873,47599.183673469386,40584.88775510204,M1/M0 macrophages
862168,47834.51207729468,41134.647342995166,M1/M0 macrophages
863385,48420.35398230088,40451.24778761062,Ki67+ tumor cells 
863893,47557.76315789474,40389.06140350877,stromal cells
864640,48779.19512195122,40566.50406504065,stromal cells
865261,47537.724528301886,40677.109433962265,M2 macrophages
865611,48491.25,40710.88636363636,memory CD8+ T cells
866114,47520.03375527426,40637.79113924051,Ki67+ tumor cells 
868026,47658.28275862069,41525.74827586207,memory CD8+ T cells
869083,47551.71333333333,41019.76833333333,M1/M0 macrophages
869329,48629.42592592593,40782.328042328045,Ki67+ tumor cells 
870066,47836.588942307695,41647.00480769231,stromal cells
871163,47537.311594202896,40512.3933747412,Ki67+ tumor cells 
871484,47569.72832369942,40920.17341040463,B cells
871754,47762.25,41550.82692307692,stromal cells
871977,47652.206349206346,40911.48941798942,Ki67+ tumor cells 
872668,47696.54316546763,40639.88129496403,Ki67+ tumor cells 
873185,48982.40740740741,40717.53086419753,Ki67+ tumor cells 
873240,48236.75630252101,40858.36134453781,Ki67+ tumor cells 
873832,48430.28810020877,40949.749478079335,effector CD8+ T cells
874990,48466.62015503876,40714.410852713176,Ki67+ tumor cells 
876022,47802.66990291263,41630.155339805824,stromal cells
876160,48240.174887892375,40933.31838565022,Ki67+ tumor cells 
876890,48804.5977443609,40896.73120300752,Ki67+ tumor cells 
877082,47596.02976190476,40684.27380952381,Ki67+ tumor cells 
877809,48038.113475177306,40447.89361702128,memory CD8+ T cells
878582,48133.13968253968,40662.39365079365,Ki67+ tumor cells 
878587,47693.1520223152,40909.430962343096,Ki67+ tumor cells 
878985,48341.4177852349,41234.48657718121,M1/M0 macrophages
879952,48042.88913043479,41458.82173913044,M2 macrophages
880213,48658.1186440678,40961.82485875706,M2 macrophages
881345,47816.55844155844,41505.77597402597,Ki67+ tumor cells 
881435,48690.47191011236,40967.57303370786,M1/M0 macrophages
883558,47629.12688821752,40908.574018126885,Ki67+ tumor cells 
884374,48566.73142857143,40825.88285714286,memory CD8+ T cells
885885,48558.05722891566,41152.3313253012,stromal cells
885919,48499.35555555556,40725.188888888886,effector CD8+ T cells
886811,48643.57487922705,40702.58132045089,effector CD8+ T cells
886933,48143.95348837209,41352.47286821705,effector CD8+ T cells
887728,48150.61273209549,41238.63395225464,Ki67+ tumor cells 
889712,48529.91545454545,40938.87454545454,Ki67+ tumor cells 
889762,47684.83979328165,40574.02842377261,effector CD8+ T cells
889970,48586.15966386555,40824.01680672269,Ki67+ tumor cells 
891492,48833.73122529644,40888.74703557312,Ki67+ tumor cells 
891685,48901.04892966361,40899.14373088685,memory CD8+ T cells
891896,48430.751269035536,41285.60659898477,Ki67+ tumor cells 
893126,48126.0,41413.877094972064,effector CD8+ T cells
893795,47931.58883248731,40737.37055837563,tumor cells
894641,47860.577106518285,41491.43879173291,Ki67+ tumor cells 
894662,47705.78762886598,41022.52164948454,Ki67+ tumor cells 
896443,48200.55,41087.26,effector CD8+ T cells
899871,48290.67768595041,41244.57024793389,effector CD8+ T cells
900426,47855.43965517241,40746.956896551725,stromal cells
900457,48181.1754601227,41290.71901840491,effector CD8+ T cells
900956,47619.765957446805,41250.63120567376,Ki67+ tumor cells 
902166,47936.2199592668,40399.16293279023,Ki67+ tumor cells 
902362,48343.33571428571,41020.94285714286,effector CD8+ T cells
902545,49009.47791164659,40904.8875502008,Ki67+ tumor cells 
902561,48908.58282208589,40933.85889570552,Ki67+ tumor cells 
903108,47875.23563218391,41616.56896551724,Ki67+ tumor cells 
903760,48377.66842105263,41175.68421052631,Ki67+ tumor cells 
904217,48771.95752895753,40969.09652509653,effector CD8+ T cells
906341,48998.25912408759,40774.11678832117,stromal cells
906799,49007.22647058823,40670.56470588235,effector CD8+ T cells
907475,48685.208163265306,40676.57959183674,M1/M0 macrophages
908368,48827.83524904215,40752.83141762452,effector CD8+ T cells
909229,49051.411016949154,40885.63559322034,Ki67+ tumor cells 
909271,48104.44991652755,40828.39732888147,Ki67+ tumor cells 
909318,47738.94097222222,40910.09201388889,M2 macrophages
909377,48570.57522123894,40807.03539823009,M1/M0 macrophages
909456,48352.32808988764,41393.23370786517,M1/M0 macrophages
909517,49056.28082191781,40699.86849315069,Ki67+ tumor cells 
910926,48390.392592592594,40971.851851851854,stromal cells
911180,47436.845588235294,40747.75,M2 macrophages
912397,48622.96551724138,41114.96982758621,Ki67+ tumor cells 
912856,48546.47157190635,40715.0,dendritic cells
913282,48666.05540897098,40762.75461741425,stromal cells
913567,48287.47096774194,41388.117741935486,M1/M0 macrophages
913700,47526.50458715596,41008.20183486238,stromal cells
914536,48003.40909090909,40712.878787878784,M1/M0 macrophages
915452,47802.21782178218,40877.79207920792,stromal cells
915504,48082.0,40490.5,effector CD8+ T cells
915919,48545.05734767025,40542.60752688172,effector CD8+ T cells
916497,48866.95138888889,40589.25,Ki67+ tumor cells 
917093,47640.921800947865,40580.741706161134,Ki67+ tumor cells 
917484,48394.06976744186,40952.808139534885,stromal cells
918048,47639.31343283582,40445.432835820895,stromal cells
918544,47752.89795918368,41626.989795918365,dendritic cells
919685,48577.25520262869,40865.30668127054,effector CD8+ T cells
919996,48177.1301369863,40953.76712328768,Ki67+ tumor cells 
921394,47783.04360189573,41569.443601895735,Ki67+ tumor cells 
921502,48037.5679245283,40966.20943396226,Ki67+ tumor cells 
921600,47867.304487179485,40947.47435897436,Ki67+ tumor cells 
922239,48670.38461538462,40707.21367521367,M1/M0 macrophages
922930,48868.01694915255,40907.127118644064,effector CD8+ T cells
924818,48031.28025477707,41382.3949044586,Ki67+ tumor cells 
926907,48137.686390532544,41213.28007889546,Ki67+ tumor cells 
927502,48829.26421404682,40972.227424749166,tumor cells
928322,47642.10256410256,41149.13247863248,Ki67+ tumor cells 
928829,48142.35779816514,40566.68807339449,M1/M0 macrophages
931106,48465.401639344265,40870.44262295082,Ki67+ tumor cells 
931309,47933.92473118279,40478.102150537634,Ki67+ tumor cells 
936841,48127.122627737226,41240.54160583942,Ki67+ tumor cells 
937129,48441.71226415094,40708.627358490565,effector CD8+ T cells
938541,48002.20895522388,40325.119402985074,stromal cells
939100,48281.45920502092,40581.26359832636,Ki67+ tumor cells 
939329,47525.048484848485,40455.69090909091,M2 macrophages
940345,47596.58123569794,40460.89473684211,Ki67+ tumor cells 
940748,48762.10112359551,40482.87640449438,effector CD8+ T cells
941358,48100.535211267605,40489.042253521126,effector CD8+ T cells
941451,48904.5100671141,40767.42953020134,Ki67+ tumor cells 
942353,48813.58064516129,40753.8064516129,M1/M0 macrophages
942391,47538.65100671141,40776.22147651007,effector CD8+ T cells
942662,48531.25865209472,40874.47358834245,Ki67+ tumor cells 
943826,47793.8537735849,40738.74528301887,Ki67+ tumor cells 
946694,47949.3359375,40550.109375,Ki67+ tumor cells 
946717,47798.333333333336,41536.96808510638,stromal cells
947377,47941.06962025316,40460.62658227848,tumor cells
947697,48272.719553072624,41218.56759776537,effector CD8+ T cells
947700,48330.4520123839,41405.455108359136,M2 macrophages
952000,47494.14769230769,40409.25538461538,Ki67+ tumor cells 
952269,48655.82317073171,40554.64634146341,tumor cells
952328,48635.86650485437,40908.68446601942,Ki67+ tumor cells 
952438,48874.75056179775,40679.7191011236,Ki67+ tumor cells 
953253,48453.8717948718,41178.3547008547,Ki67+ tumor cells 
953353,47833.635658914725,41154.395348837206,tumor cells
954729,47893.705882352944,40726.02352941177,memory CD8+ T cells
954837,47829.38461538462,41528.963800904974,stromal cells
954961,48613.02057613169,40997.59670781893,Ki67+ tumor cells 
956499,47686.9,40205.73181818182,Ki67+ tumor cells 
957687,47525.36184210526,40563.55263157895,Ki67+ tumor cells 
957863,48012.28213166144,40662.51724137931,M1/M0 macrophages
958676,48765.08547008547,40813.042735042734,effector CD8+ T cells
959222,48385.41958041958,40939.57342657343,M1/M0 macrophages
959887,48899.20220588235,40582.56617647059,M1/M0 macrophages
960456,47630.71232876712,40679.15068493151,effector CD8+ T cells
963061,47781.27710843374,41486.66666666666,Ki67+ tumor cells 
963101,48033.29090909091,40481.08,effector CD8+ T cells
963753,47803.82479784366,41410.6037735849,Ki67+ tumor cells 
964122,48800.13966480447,40689.754189944135,dendritic cells
964204,48411.57541899441,40979.150837988826,effector CD8+ T cells
964936,48736.41394527802,41144.88349514563,Ki67+ tumor cells 
964987,48389.948905109486,40834.43065693431,M2 macrophages
965518,47902.75886524823,40874.085106382976,Ki67+ tumor cells 
965906,48598.181818181816,40777.01185770751,Ki67+ tumor cells 
966246,49048.058139534885,40747.48837209302,stromal cells
967169,47600.67326732673,40224.47524752475,stromal cells
968293,48302.66176470588,40719.14705882353,M1/M0 macrophages
969014,48166.60526315789,40571.063157894736,Ki67+ tumor cells 
973250,47616.35597826087,41292.864130434784,M2 macrophages
974584,47629.77702702703,40767.97297297297,stromal cells
976165,47934.434782608696,40891.04347826087,effector CD8+ T cells
976472,47466.181818181816,40823.11688311688,M1/M0 macrophages
976559,48760.72928176796,40643.76795580111,dendritic cells
976781,47735.29395604396,41127.41758241758,M2 macrophages
976801,47800.52,40184.8,M1/M0 macrophages
977416,48401.063157894736,41039.21052631579,Ki67+ tumor cells 
979196,48647.70890410959,40919.84246575343,Ki67+ tumor cells 
979210,48368.27118644068,41130.18079096045,M2 macrophages
980829,47671.69318181818,40805.61363636364,effector CD8+ T cells
981635,47670.807692307695,41348.6,tumor cells
981693,47556.57342657343,40813.68531468532,tumor cells
982687,47858.89230769231,41262.15384615384,tumor cells
982712,48179.989743589744,40512.59487179487,effector CD8+ T cells
985048,47593.60625,40791.5875,Ki67+ tumor cells 
985195,47749.27922077922,40517.655844155845,tumor cells
986056,48302.19115323855,41410.32069510269,M1/M0 macrophages
986696,48789.31304347826,40683.12173913044,M2 macrophages
987147,47913.04724409449,40195.30708661417,memory CD8+ T cells
988650,47501.879746835446,40677.582278481015,Ki67+ tumor cells 
988706,48317.859375,40519.140625,effector CD8+ T cells
989201,48489.362318840576,41220.69565217391,effector CD8+ T cells
991842,47807.008,40206.808,memory CD8+ T cells
992254,47466.80924855491,40488.225433526015,M1/M0 macrophages
992954,47933.90178571428,40326.4375,Ki67+ tumor cells 
993187,47844.360655737706,40299.73770491804,M1/M0 macrophages
994151,47536.314176245214,40314.5632183908,M1/M0 macrophages
994719,48554.52747252747,40948.73992673992,Ki67+ tumor cells 
995027,48279.00627615063,40745.56276150628,Ki67+ tumor cells 
995284,48733.3,40753.44285714286,effector CD8+ T cells
995849,48549.54761904762,40878.99206349206,Ki67+ tumor cells 
997203,48648.59574468085,40563.06382978724,tumor cells
997716,48221.63698630137,41434.061643835616,M1/M0 macrophages
998278,48694.55952380953,41171.45238095238,Ki67+ tumor cells 
1001680,47986.5296803653,41520.80365296804,effector CD8+ T cells
1001700,47961.11855670103,40281.25257731959,memory CD8+ T cells
1003273,48407.24736842105,40829.82631578948,M2 macrophages
1003593,47519.75420168067,40610.14705882353,Ki67+ tumor cells 
1004176,48624.04098360656,41058.94262295082,effector CD8+ T cells
1004563,48213.4979253112,40950.00414937759,effector CD8+ T cells
1005113,48426.01701323252,41177.36483931947,Ki67+ tumor cells 
1005719,48211.545263157896,41408.34526315789,effector CD8+ T cells
1006648,48623.12913907285,40797.37417218543,Ki67+ tumor cells 
1007397,49060.63698630137,40635.51369863014,memory CD8+ T cells
1007581,47445.81606217616,40567.5414507772,Ki67+ tumor cells 
1007677,47936.74193548387,40205.6935483871,effector CD8+ T cells
1008523,47781.034146341466,41434.57073170732,dendritic cells
1009410,47657.8880866426,40388.91335740072,Ki67+ tumor cells 
1009481,47505.41071428572,41275.955357142855,dendritic cells
1009600,47508.69411764706,41224.68235294118,stromal cells
1009666,48685.06285714286,40502.177142857145,effector CD8+ T cells
1009837,48480.316831683165,40822.38613861386,dendritic cells
1011616,48549.22448979592,40727.06122448979,dendritic cells
1011897,48001.38888888889,41363.76388888889,stromal cells
1012266,48559.04285714286,40850.54285714286,stromal cells
1012357,47840.19672131148,41202.49180327869,tumor cells
1013146,47522.18995633188,40702.25982532752,Ki67+ tumor cells 
1013223,47644.33858267716,41478.944881889765,Ki67+ tumor cells 
1013245,48005.05555555556,40351.97222222222,M1/M0 macrophages
1014178,47534.4409221902,40620.44668587896,Ki67+ tumor cells 
1015255,48078.38993710692,41031.2641509434,tumor cells
1015516,47859.85365853659,40731.54878048781,memory CD8+ T cells
1016180,47995.12365591398,40681.44086021505,M1/M0 macrophages
1016886,47743.585185185184,40288.51851851852,stromal cells
1016916,48821.38095238096,40935.88571428572,stromal cells
1017444,48204.12653061224,41141.42857142857,dendritic cells
1018134,48603.2972972973,40749.56756756757,stromal cells
1018632,48409.67222222222,40446.86666666667,Ki67+ tumor cells 
1019177,47931.40566037736,41396.62264150944,dendritic cells
1020307,48428.4606741573,41004.40449438202,memory CD8+ T cells
1021281,48085.79054054054,41197.58783783784,M2 macrophages
1022446,48362.40196078432,41295.33823529412,Ki67+ tumor cells 
1023102,48266.89453125,41057.1640625,Ki67+ tumor cells 
1023754,47565.85294117647,40567.86029411765,stromal cells
1024945,48747.513274336285,40870.93805309734,M2 macrophages
1025628,47958.39,40407.64,M1/M0 macrophages
1026245,48757.34722222222,40671.38888888889,dendritic cells
1026284,48601.6016713092,41200.54874651811,effector CD8+ T cells
1026429,47732.825,40351.29375,effector CD8+ T cells
1027064,47503.68055555556,40691.20138888889,Ki67+ tumor cells 
1027242,48475.8,40536.82941176471,memory CD8+ T cells
1027297,48774.65384615384,40848.053846153845,M1/M0 macrophages
1027653,48103.40625,40793.96875,Ki67+ tumor cells 
1029657,48165.20481927711,41204.70281124498,Ki67+ tumor cells 
1030414,48765.84251968504,41101.07874015748,stromal cells
1030623,47945.95731707317,40289.15243902439,memory CD8+ T cells
1030820,47613.19424460432,40354.76258992806,tumor cells
1031029,47868.53571428572,40743.19047619047,effector CD8+ T cells
1031190,47917.3133640553,41063.023041474655,Ki67+ tumor cells 
1031269,47786.26708074534,41612.05590062112,Ki67+ tumor cells 
1031789,47724.186046511626,40178.232558139534,tumor cells
1032172,48880.75956284153,40711.57377049181,memory CD8+ T cells
1032353,48659.35443037975,40839.98734177216,M2 macrophages
1032910,47731.01686746988,41544.93975903615,Ki67+ tumor cells 
1034265,48704.443396226416,41209.78301886792,tumor cells
1034908,48632.06818181818,40541.22727272727,stromal cells
1035408,48499.269230769234,41207.94871794872,M2 macrophages
1036697,47877.128787878784,40666.09090909091,memory CD8+ T cells
1037190,47664.30701754386,41051.850877192985,Ki67+ tumor cells 
1037566,48811.75151515152,40828.50909090909,memory CD8+ T cells
1037961,48174.71955719557,41319.13284132841,effector CD8+ T cells
1039337,47760.35,41529.28888888889,Ki67+ tumor cells 
1040292,47945.985074626864,41448.35820895522,M1/M0 macrophages
1041007,49100.63018867924,40701.04150943396,Ki67+ tumor cells 
1041142,48137.68131868132,40530.956043956045,effector CD8+ T cells
1041277,47622.28350515464,40501.73711340207,stromal cells
1041545,47945.21710526316,41225.70394736842,Ki67+ tumor cells 
1041573,48608.02072538861,40844.91191709845,stromal cells
1042021,48318.732142857145,41430.18452380953,Ki67+ tumor cells 
1042666,48679.70796460177,40784.27433628318,dendritic cells
1042810,48403.54054054054,40466.747747747744,M2 macrophages
