,stroma_ad_dysplasia_FA_HN15_1_mieloides_notumorales.csv,carcinoma_FA_HN14_1_mieloides_notumorales.csv,carcinoma_FA_HN15_2_mieloides_notumorales.csv,stroma_ad_dysplasia_FA_HN14_4_mieloides_notumorales.csv,stroma_ad_carcinoma_FA_HN15_1_mieloides_notumorales.csv,stroma_ad_carcinoma_FA_HN14_3_mieloides_notumorales.csv,stroma_ad_carcinoma_FA_HN15_4_mieloides_notumorales.csv,dysplasia_FA_HN14_1_mieloides_notumorales.csv,carcinoma_FA_HN14_4_mieloides_notumorales.csv,dysplasia_FA_HN11A_4_mieloides_notumorales.csv,carcinoma_FA_HN11A_5_mieloides_notumorales.csv,stroma_ad_dysplasia_FA_HN11A_2_mieloides_notumorales.csv,carcinoma_FA_HN15_1_mieloides_notumorales.csv,stroma_ad_dysplasia_FA_HN11A_1_mieloides_notumorales.csv,stroma_ad_carcinoma_FA_HN14_1_mieloides_notumorales.csv,carcinoma_FA_HN14_2_mieloides_notumorales.csv,stroma_ad_dysplasia_FA_HN15_4_mieloides_notumorales.csv,carcinoma_FA_HN11A_3_mieloides_notumorales.csv,carcinoma_FA_HN11A_1_mieloides_notumorales.csv,carcinoma_FA_HN11A_4_mieloides_notumorales.csv,dysplasia_FA_HN11A_3_mieloides_notumorales.csv,carcinoma_FA_HN11A_2_mieloides_notumorales.csv,stroma_ad_dysplasia_FA_HN11A_4_mieloides_notumorales.csv,stroma_ad_dysplasia_FA_HN15_5_mieloides_notumorales.csv,dysplasia_FA_HN11A_2_mieloides_notumorales.csv,stroma_ad_dysplasia_FA_HN14_1_mieloides_notumorales.csv,carcinoma_FA_HN14_3_mieloides_notumorales.csv,stroma_ad_carcinoma_FA_HN14_5_mieloides_notumorales.csv,stroma_ad_dysplasia_FA_HN15_2_mieloides_notumorales.csv,dysplasia_FA_HN15_3_mieloides_notumorales.csv,stroma_ad_dysplasia_FA_HN11A_3_mieloides_notumorales.csv,stroma_ad_dysplasia_FA_HN11A_5_mieloides_notumorales.csv,stroma_ad_dysplasia_FA_HN15_3_mieloides_notumorales.csv,dysplasia_FA_HN14_2_mieloides_notumorales.csv,stroma_ad_carcinoma_FA_HN11A_2_mieloides_notumorales.csv,dysplasia_FA_HN11A_5_mieloides_notumorales.csv,dysplasia_FA_HN15_2_mieloides_notumorales.csv,stroma_ad_carcinoma_FA_HN15_2_mieloides_notumorales.csv,stroma_ad_carcinoma_FA_HN14_4_mieloides_notumorales.csv,stroma_ad_dysplasia_FA_HN14_3_mieloides_notumorales.csv,stroma_ad_carcinoma_FA_HN15_3_mieloides_notumorales.csv,stroma_ad_dysplasia_FA_HN14_2_mieloides_notumorales.csv,stroma_ad_carcinoma_FA_HN11A_1_mieloides_notumorales.csv,dysplasia_FA_HN15_5_mieloides_notumorales.csv,stroma_ad_carcinoma_FA_HN14_2_mieloides_notumorales.csv,dysplasia_FA_HN11A_1_mieloides_notumorales.csv
stroma_ad_dysplasia_FA_HN15_1_mieloides_notumorales.csv,6.04653714441855e-309,131.95941915151076,131.8780823528033,52.28220411277195,33.56964228123911,51.678674415589256,73.49307703404543,93.31676449359128,178.31487867826354,239.59217144021568,229.77891032936853,21.12473625653452,121.46276584087092,31.534552710123773,49.18514047465821,244.46297519676966,103.6702035373027,249.46318709870198,104.96287011109591,210.6588978693019,181.61602247053992,212.29736825593451,162.0871380829035,35.44734125794425,25.597339389984498,72.44244965610352,139.82166433918252,72.38243125736504,71.42076674694148,393.69711739468187,91.58248888744129,62.20667729714103,42.005786697791564,116.68472372472172,88.28511803427885,155.35323637158248,175.85089111964373,25.841790834123895,83.7851080419523,51.65161493950811,37.75738736232245,71.20511263445455,156.6207292211716,283.8290672218435,72.65539294975598,27.39597505163846
carcinoma_FA_HN14_1_mieloides_notumorales.csv,131.95941915151076,1.533415886865357e-308,77.79340916246113,140.49920503275726,134.35071191659213,140.4992050327573,86.43284600547415,85.26326557909681,107.68711037487316,198.18593281491684,178.55941059322254,131.95941915151076,39.15394445294913,124.77874249330208,140.4992050327573,207.9275403280248,56.555213574423554,217.92796413188944,80.11919546709373,140.3193856730893,147.1070704078511,156.43569379608573,50.04328918511749,99.51319474957246,131.95941915151076,140.4992050327573,50.710819696715674,140.49920503275726,140.49920503275726,393.69711739468187,42.50945920413946,140.49920503275726,127.644158436361,39.852681086025484,96.05047161788278,43.309387473796505,70.70337217377295,134.3486864317711,140.49920503275726,101.44245476784747,140.49920503275726,140.49920503275726,81.66243924015667,283.8290672218435,140.4992050327573,139.43982394942446
carcinoma_FA_HN15_2_mieloides_notumorales.csv,131.8780823528033,77.79340916246113,1.2160302135563027e-308,150.4163217602659,150.4163217602659,150.4163217602659,106.26707946049143,71.60727157620641,89.56338441538043,190.38254445113114,158.72517713820525,150.4163217602659,47.48169548667178,144.61297594831933,150.4163217602659,188.09330687300752,51.98685481036368,236.04568947234625,71.58246615289167,139.21032940773756,133.16554078168951,174.55941975557846,80.03329160749806,119.34742820458975,145.60413644961605,150.4163217602659,34.087857109143826,150.4163217602659,150.4163217602659,393.69711739468187,60.66978159465097,150.4163217602659,147.4783918913783,40.2381594845714,78.81816825709046,87.96026673381083,80.78304475669428,150.4163217602659,150.4163217602659,83.31872880835473,150.4163217602659,150.4163217602659,63.538713280663956,266.82549092315526,150.4163217602659,150.41632176026593
stroma_ad_dysplasia_FA_HN14_4_mieloides_notumorales.csv,52.28220411277195,140.49920503275726,150.4163217602659,1.857438342558137e-308,41.04931076769992,16.93403554174233,85.63433405503665,112.55301488936882,178.31487867826354,239.59217144021568,229.77891032936853,38.61907081285844,136.8871805535923,56.55893082869158,21.318747588443642,244.46297519676966,136.3123823525156,249.46318709870198,136.95871563941222,210.6588978693019,181.61602247053992,212.29736825593451,165.520849625316,66.39407026032353,38.55615001595919,20.160245543331584,139.8955180852359,20.100227144593106,19.138562634169546,393.69711739468187,120.08143096294043,14.644552980357217,49.02492732832857,142.81964244622512,128.6198396010037,162.1538987696555,175.85089111964373,29.977366578786814,31.502903929180363,103.93381905228006,32.18754822563017,18.922908521682615,162.78764519445005,283.8290672218435,20.373188836984042,29.56108099197128
stroma_ad_carcinoma_FA_HN15_1_mieloides_notumorales.csv,33.56964228123911,134.35071191659213,150.4163217602659,41.04931076769992,1.3522654260199943e-308,54.56741942674962,47.917865911117985,82.577673795403,178.31487867826354,239.59217144021568,229.77891032936853,21.474185252771914,127.12666295826217,21.49829749915656,26.878277455852082,244.46297519676966,125.97706655610882,249.46318709870198,127.26973312990204,210.6588978693019,181.61602247053992,212.29736825593451,165.520849625316,34.837517167019655,38.49754144085596,53.652582375819236,139.82166433918252,56.154904504425126,54.99410128405381,393.69711739468187,93.51516377695845,50.91664637778205,13.865097888033317,138.99158674352785,110.591981053085,162.1538987696555,175.85089111964373,29.863291606407287,61.47824502314619,73.95847795831423,29.04817186189551,48.89824961564843,162.78764519445005,283.8290672218435,50.348529930949866,19.974866130908495
stroma_ad_carcinoma_FA_HN14_3_mieloides_notumorales.csv,51.678674415589256,140.4992050327573,150.4163217602659,16.93403554174233,54.56741942674962,6.716518152767986e-309,86.50687508026621,111.94948519218613,178.31487867826354,239.59217144021568,229.77891032936853,37.34909029824384,136.8871805535923,60.78245803749246,33.24915705675545,244.46297519676966,136.3123823525156,249.46318709870198,136.95871563941222,210.6588978693019,181.61602247053992,212.29736825593451,165.520849625316,70.6175974691244,37.952620318776496,20.763775240514274,139.8955180852359,20.7037568417758,19.74209233135224,393.69711739468187,120.08143096294043,11.137316124696738,65.59881791657563,142.81964244622515,128.6198396010037,162.1538987696555,175.85089111964373,29.927456994722263,32.10643362636306,103.33028935509736,36.41107543443104,19.526438218865305,162.78764519445005,283.8290672218435,20.976718534166736,45.71019318103555
stroma_ad_carcinoma_FA_HN15_4_mieloides_notumorales.csv,73.49307703404543,86.43284600547415,106.26707946049143,85.63433405503665,47.917865911117985,86.50687508026621,1.034352073760894e-308,42.20707174381999,162.06419329648668,239.59217144021568,229.77891032936853,63.204117476350994,79.2087970471442,49.24498529272077,74.79614336697006,244.46297519676966,78.05920064499085,249.46318709870198,79.35186721878405,210.6588978693019,175.05271684633013,212.29736825593451,136.4761351905916,38.26660776682703,77.17234675784272,97.2827820300202,98.47981959783814,97.2827820300202,97.03176963925334,393.69711739468187,45.59729786584046,88.94221309242099,41.211312430886856,91.07372083240986,62.67411514196701,129.74223347927062,157.13621817924707,74.448314893744,97.2827820300202,49.4760615806234,72.44900252083428,96.81611552676642,131.00972632885973,283.8290672218435,97.2827820300202,57.35602642757239
dysplasia_FA_HN14_1_mieloides_notumorales.csv,93.31676449359128,85.26326557909681,71.60727157620641,112.55301488936882,82.577673795403,111.94948519218613,42.20707174381999,7.177179513156084e-309,127.40438541220169,239.59217144021568,229.77891032936856,84.55215886107314,62.56149192383843,79.43228756185249,109.45595125125507,244.46297519676966,70.40304456326868,249.463187098702,86.61423137631661,192.09242379427843,140.26849735923577,204.40680353148605,101.81632730630662,64.6599927603933,93.36031029319011,114.61268597216272,63.69560011074381,114.61268597216271,114.61268597216271,393.69711739468187,74.84442472963832,114.61268597216271,75.87112031517188,59.616021578452845,87.69758775668745,95.71142540004058,122.47641029496208,94.40224175025611,114.61268597216271,69.62249539421765,98.02819813891932,114.61268597216271,96.34991844457471,283.8290672218435,114.61268597216272,91.93629912679177
carcinoma_FA_HN14_4_mieloides_notumorales.csv,178.31487867826354,107.68711037487316,89.56338441538043,178.31487867826354,178.31487867826354,178.31487867826354,162.06419329648668,127.40438541220169,2.117791523468086e-308,218.08882839732996,165.1515200791336,178.31487867826354,95.05792812416334,178.31487867826354,178.31487867826354,188.68558607509408,84.00499265149585,240.92040090793756,82.71232607770264,177.160243212551,178.10811296342848,210.17726604955362,74.53659801618849,175.14454204058504,178.31487867826354,178.31487867826354,123.41160075021662,178.31487867826354,178.31487867826354,393.69711739468187,116.46689543064625,178.31487867826354,178.31487867826354,70.99047246407684,99.3900781545197,79.60800189729463,46.48094626484303,178.31487867826354,178.31487867826354,136.02358124929043,178.31487867826354,178.31487867826354,34.635140046531774,211.0824793998454,178.31487867826354,178.31487867826354
dysplasia_FA_HN11A_4_mieloides_notumorales.csv,239.59217144021568,198.18593281491684,190.38254445113114,239.59217144021568,239.59217144021568,239.59217144021568,239.59217144021568,239.59217144021568,218.08882839732996,1.554785893193916e-308,105.87461663639277,239.59217144021568,205.40998177324678,239.59217144021568,239.59217144021568,98.01915485090575,218.08882839732996,209.70345862703476,218.08882839733,141.98162312922022,143.47850212329485,142.2823675359829,205.40933085032304,239.59217144021568,239.59217144021568,239.59217144021568,199.39330670995957,239.59217144021568,239.59217144021568,308.2098919089324,239.0214809545505,239.59217144021568,239.59217144021568,212.1114995776639,221.94466367842395,200.33792696921694,218.08882839732996,239.59217144021568,239.59217144021568,239.59217144021568,239.59217144021568,239.59217144021568,218.08882839732996,164.12492745412374,239.59217144021568,239.59217144021568
carcinoma_FA_HN11A_5_mieloides_notumorales.csv,229.77891032936853,178.55941059322254,158.72517713820525,229.77891032936853,229.77891032936853,229.77891032936853,229.77891032936853,229.77891032936856,165.1515200791336,105.87461663639277,1.403677610186415e-308,229.77891032936853,185.78345955155248,229.77891032936853,229.77891032936856,90.61585350279242,186.93305595370583,178.72969703013416,185.64038937991262,82.7568686122157,96.32577571765722,90.0514919408401,128.51612140810505,229.77891032936853,229.77891032936853,229.77891032936853,179.76678448826527,229.77891032936853,229.77891032936853,345.61185081348174,219.3949587328562,229.77891032936853,229.77891032936853,173.91853576628682,202.31814145672968,135.250023119426,127.59036596527577,229.77891032936853,229.77891032936853,229.77891032936853,229.77891032936853,229.77891032936853,148.0466410954023,119.66641821212686,229.77891032936853,229.77891032936856
stroma_ad_dysplasia_FA_HN11A_2_mieloides_notumorales.csv,21.12473625653452,131.95941915151076,150.4163217602659,38.61907081285844,21.474185252771914,37.34909029824384,63.204117476350994,84.55215886107314,178.31487867826354,239.59217144021568,229.77891032936853,8.421770577238784e-309,124.16372648339214,24.043522331205054,29.841213930722134,244.46297519676966,123.01413008123879,249.46318709870198,124.306796655032,210.6588978693019,181.61602247053992,212.29736825593451,165.520849625316,33.87866176283699,30.157083515664524,53.098523112167456,139.82166433918252,53.03850471342898,52.07684020300542,393.69711739468187,90.5522273020884,48.486406422940576,30.83468530723823,136.02865026865777,107.62904457821494,162.1538987696555,175.85089111964373,27.433051651565805,64.44118149801622,70.99554148344419,24.59501907276109,51.86118609051849,162.78764519445005,283.8290672218435,53.311466405819914,10.94606057169814
carcinoma_FA_HN15_1_mieloides_notumorales.csv,121.46276584087092,39.15394445294913,47.48169548667178,136.8871805535923,127.12666295826217,136.8871805535923,79.2087970471442,62.56149192383843,95.05792812416334,205.40998177324678,185.78345955155248,124.16372648339214,1.502243031324163e-308,117.55469353497212,136.8871805535923,215.15158928635475,47.318337810967876,230.55114576356334,67.49001321638391,147.54343463141925,143.8263949569631,169.06487604679552,57.267338143447425,92.28914579124253,120.7336963349875,136.8871805535923,48.322520663922546,136.8871805535923,136.8871805535923,393.69711739468187,33.61149918130374,136.8871805535923,120.42010947803105,50.511332360787065,83.42128936717296,57.23539587571863,86.42137664916744,127.1246374734412,136.8871805535923,88.81327251713765,136.8871805535923,136.8871805535923,69.03325698944687,283.8290672218435,136.8871805535923,132.21577499109452
stroma_ad_dysplasia_FA_HN11A_1_mieloides_notumorales.csv,31.534552710123773,124.77874249330208,144.61297594831933,56.55893082869158,21.49829749915656,60.78245803749246,49.24498529272077,79.43228756185249,178.31487867826354,239.59217144021568,229.77891032936853,24.043522331205054,117.55469353497212,6.18833066744342e-309,39.13736524458032,244.46297519676966,116.40509713281878,249.46318709870198,117.697763706612,210.6588978693019,181.61602247053992,212.29736825593451,165.520849625316,25.265547743729595,31.57809850972259,75.07389053034058,124.2042366406119,67.54982454066575,62.94700563634406,393.69711739468187,83.94319435366837,50.76442029388934,22.951298383671386,129.41961732023776,101.02001162979494,162.1538987696555,175.85089111964373,33.893605220388025,71.14207251923966,64.38650853502416,30.49047819691263,59.23539394228868,162.78764519445005,283.8290672218435,64.86638796064909,31.42766259692368
stroma_ad_carcinoma_FA_HN14_1_mieloides_notumorales.csv,49.18514047465821,140.4992050327573,150.4163217602659,21.318747588443642,26.878277455852082,33.24915705675545,74.79614336697006,109.45595125125507,178.31487867826354,239.59217144021568,229.77891032936856,29.841213930722134,136.8871805535923,39.13736524458032,1.87067706825036e-308,244.46297519676966,136.3123823525156,249.46318709870198,136.95871563941222,210.6588978693019,181.61602247053992,212.29736825593451,165.52084962531603,61.71579462287174,35.459086377845445,35.936525285760254,139.8955180852359,32.33789341666852,33.67583891405964,393.69711739468187,120.08143096294043,24.90882738404113,33.98343555436957,142.81964244622515,128.6198396010037,162.1538987696555,175.85089111964373,26.880302940673072,34.599967567294094,100.8367554141663,18.524505381560232,25.650144789555455,162.78764519445005,283.8290672218435,29.203689658857385,21.789165423019753
carcinoma_FA_HN14_2_mieloides_notumorales.csv,244.46297519676966,207.9275403280248,188.09330687300752,244.46297519676966,244.46297519676966,244.46297519676966,244.46297519676966,244.46297519676966,188.68558607509408,98.01915485090575,90.61585350279242,244.46297519676966,215.15158928635475,244.46297519676966,244.46297519676966,1.7153103518930074e-308,216.3011856885081,192.93651118400436,215.0085191147149,114.8776307596898,145.4971578942409,96.09984913134247,157.88425114290732,244.46297519676966,244.46297519676966,244.46297519676966,209.13491422306754,244.46297519676966,244.46297519676966,313.8525294767753,244.46297519676966,244.46297519676966,244.46297519676966,203.2866655010891,231.68627119153194,164.6181528542283,174.6584979571967,244.46297519676966,244.46297519676966,244.46297519676966,244.46297519676966,244.46297519676966,188.68558607509405,78.73218405014774,244.46297519676966,244.46297519676966
stroma_ad_dysplasia_FA_HN15_4_mieloides_notumorales.csv,103.6702035373027,56.555213574423554,51.98685481036368,136.3123823525156,125.97706655610882,136.3123823525156,78.05920064499085,70.40304456326868,84.00499265149585,218.08882839732996,186.93305595370583,123.01413008123879,47.318337810967876,116.40509713281878,136.3123823525156,216.3011856885081,7.45235967655565e-309,240.92040090793753,25.94027013564367,161.71704441807552,158.68834784878644,210.17726604955362,58.41693454560078,91.13954938908918,117.39625763411547,136.3123823525156,72.27970394976703,136.3123823525156,136.3123823525156,393.69711739468187,52.86736824692406,136.3123823525156,119.2705130758777,22.19368569463493,39.49525804345921,55.88486919325987,79.07701753425623,125.97504107128785,136.3123823525156,52.0185885977946,136.3123823525156,136.3123823525156,52.950525683868875,283.8290672218435,136.3123823525156,131.06617858894117
carcinoma_FA_HN11A_3_mieloides_notumorales.csv,249.46318709870198,217.92796413188944,236.04568947234625,249.46318709870198,249.46318709870198,249.46318709870198,249.46318709870198,249.463187098702,240.92040090793756,209.70345862703476,178.72969703013416,249.46318709870198,230.55114576356334,249.46318709870198,249.46318709870198,192.93651118400436,240.92040090793753,7.380035718414116e-309,240.92040090793756,127.52031539077313,148.66289066655486,158.05131859640568,240.92040090793756,249.46318709870198,249.46318709870198,249.46318709870198,219.13533802693217,249.46318709870198,249.46318709870198,288.46786059195983,249.46318709870198,249.46318709870198,249.46318709870198,240.92040090793756,241.68669499539658,240.92040090793756,240.92040090793756,249.46318709870198,249.46318709870198,249.46318709870198,249.46318709870198,249.46318709870198,240.92040090793753,192.93651118400436,249.46318709870198,249.463187098702
carcinoma_FA_HN11A_1_mieloides_notumorales.csv,104.96287011109591,80.11919546709373,71.58246615289167,136.95871563941222,127.26973312990204,136.95871563941222,79.35186721878405,86.61423137631661,82.71232607770264,218.08882839733,185.64038937991262,124.306796655032,67.49001321638391,117.697763706612,136.95871563941222,215.0085191147149,25.94027013564367,240.92040090793756,1.0902812537766484e-308,170.52084358917415,172.41658309092918,210.17726604955362,57.12426797180757,92.43221596288238,118.68892420790868,136.95871563941222,95.8436858424372,136.95871563941222,136.95871563941222,393.69711739468187,47.918045450224575,136.95871563941222,120.56317964967093,40.26651438106825,28.574503349836817,52.0400869895152,77.78435096046303,127.26770764508106,136.95871563941222,53.31125517158781,136.95871563941222,136.95871563941222,51.657859110075655,283.8290672218435,136.95871563941222,132.35884516273438
carcinoma_FA_HN11A_4_mieloides_notumorales.csv,210.6588978693019,140.3193856730893,139.21032940773756,210.6588978693019,210.6588978693019,210.6588978693019,210.6588978693019,192.09242379427843,177.160243212551,141.98162312922022,82.7568686122157,210.6588978693019,147.54343463141925,210.6588978693019,210.6588978693019,114.8776307596898,161.71704441807552,127.52031539077313,170.52084358917415,1.369200433928319e-308,89.0510016394544,80.7085014030338,131.79730684057554,210.6588978693019,210.6588978693019,210.6588978693019,161.71704441807555,210.6588978693019,210.6588978693019,366.07643905076,181.154933812723,210.6588978693019,210.6588978693019,161.71704441807555,177.16024321255097,159.30655042849145,161.71704441807555,210.6588978693019,210.6588978693019,200.7116196313672,210.6588978693019,210.6588978693019,172.06408736223707,146.34033870508324,210.6588978693019,210.65889786930194
dysplasia_FA_HN11A_3_mieloides_notumorales.csv,181.61602247053992,147.1070704078511,133.16554078168951,181.61602247053992,181.61602247053992,181.61602247053992,175.05271684633013,140.26849735923577,178.10811296342848,143.47850212329485,96.32577571765722,181.61602247053992,143.8263949569631,181.61602247053992,181.61602247053992,145.4971578942409,158.68834784878644,148.66289066655486,172.41658309092918,89.0510016394544,1.8265495347267317e-308,66.39243704409918,147.10707040785107,181.61602247053992,181.61602247053992,181.61602247053992,158.6946501050515,181.61602247053992,181.61602247053992,393.69711739468187,134.80684682797488,181.61602247053992,181.61602247053992,158.6946501050515,178.1081129634285,153.26176180244343,158.6946501050515,181.61602247053992,181.61602247053992,178.1081129634285,181.61602247053992,181.61602247053992,173.95982686399213,204.4260895026072,181.61602247053992,181.61602247053992
carcinoma_FA_HN11A_2_mieloides_notumorales.csv,212.29736825593451,156.43569379608573,174.55941975557846,212.29736825593451,212.29736825593451,212.29736825593451,212.29736825593451,204.40680353148605,210.17726604955362,142.2823675359829,90.0514919408401,212.29736825593451,169.06487604679552,212.29736825593451,212.29736825593451,96.09984913134247,210.17726604955362,158.05131859640568,210.17726604955362,80.7085014030338,66.39243704409918,2.046173901553677e-308,189.58620615477037,212.29736825593451,212.29736825593451,212.29736825593451,161.86741662145687,212.29736825593451,212.29736825593451,362.79949827749476,198.94515300022516,212.29736825593451,212.29736825593451,196.2883748821112,210.17726604955362,184.51480227366423,210.17726604955362,212.29736825593451,212.29736825593451,210.17726604955362,212.29736825593451,212.29736825593451,210.17726604955362,143.06339793181803,212.29736825593451,212.29736825593454
stroma_ad_dysplasia_FA_HN11A_4_mieloides_notumorales.csv,162.0871380829035,50.04328918511749,80.03329160749806,165.520849625316,165.520849625316,165.520849625316,136.4761351905916,101.81632730630662,74.53659801618849,205.40933085032304,128.51612140810505,165.520849625316,57.267338143447425,165.520849625316,165.52084962531603,157.88425114290732,58.41693454560078,240.92040090793756,57.12426797180757,131.79730684057554,147.10707040785107,189.58620615477037,1.162562165767271e-308,149.55648393468994,165.520849625316,165.520849625316,53.817752166354225,165.520849625316,165.520849625316,393.69711739468187,90.87883732475117,165.520849625316,165.520849625316,46.16694028018139,73.80202004862463,37.5473596840192,82.07698456856176,165.520849625316,165.520849625316,110.43552314339539,165.520849625316,165.520849625316,49.70817731395383,236.61643519305503,165.520849625316,165.52084962531603
stroma_ad_dysplasia_FA_HN15_5_mieloides_notumorales.csv,35.44734125794425,99.51319474957246,119.34742820458975,66.39407026032353,34.837517167019655,70.6175974691244,38.26660776682703,64.6599927603933,175.14454204058504,239.59217144021568,229.77891032936853,33.87866176283699,92.28914579124253,25.265547743729595,61.71579462287174,244.46297519676966,91.13954938908918,249.46318709870198,92.43221596288238,210.6588978693019,181.61602247053992,212.29736825593451,149.55648393468994,9.406645968653194e-309,52.88587235490296,84.97310380431706,114.36909720897995,84.91308540557858,83.95142089515502,393.69711739468187,58.67764660993879,74.73733144535456,33.14573633432403,104.15406957650818,75.75446388606532,142.82258222336895,170.2165669233454,50.16184049080424,90.74260765797104,39.12096079129457,50.288041510535976,83.73576678266808,144.09007507295806,283.8290672218435,85.18604709796952,41.262802028555626
dysplasia_FA_HN11A_2_mieloides_notumorales.csv,25.597339389984498,131.95941915151076,145.60413644961605,38.55615001595919,38.49754144085596,37.952620318776496,77.17234675784272,93.36031029319011,178.31487867826354,239.59217144021568,229.77891032936853,30.157083515664524,120.7336963349875,31.57809850972259,35.459086377845445,244.46297519676966,117.39625763411547,249.46318709870198,118.68892420790868,210.6588978693019,181.61602247053992,212.29736825593451,165.520849625316,52.88587235490296,1.763765464945096e-308,58.716395559290774,139.82166433918252,58.656377160552296,57.69471265012873,393.69711739468187,105.78416030412033,48.48062320032827,41.281977052324656,130.41077782153445,102.01117213109163,162.1538987696555,175.85089111964373,24.933136991004265,70.05905394513954,65.37766903632085,24.031333265509687,57.479058537641805,162.78764519445005,283.8290672218435,58.92933885294323,22.250909767956912
stroma_ad_dysplasia_FA_HN14_1_mieloides_notumorales.csv,72.44244965610352,140.4992050327573,150.4163217602659,20.160245543331584,53.652582375819236,20.763775240514274,97.2827820300202,114.61268597216272,178.31487867826354,239.59217144021568,229.77891032936853,53.098523112167456,136.8871805535923,75.07389053034058,35.936525285760254,244.46297519676966,136.3123823525156,249.46318709870198,136.95871563941222,210.6588978693019,181.61602247053992,212.29736825593451,165.520849625316,84.97310380431706,58.716395559290774,9.269066128053444e-309,139.8955180852359,12.572011421435517,12.126884893996518,393.69711739468187,120.08143096294043,24.309470236451233,67.44069091921733,142.81964244622515,128.6198396010037,162.1538987696555,175.85089111964373,50.1376121221184,11.342658385848779,110.30308805361832,50.70250792727916,15.838496588051894,162.78764519445005,283.8290672218435,14.129146926347183,45.046474604465075
carcinoma_FA_HN14_3_mieloides_notumorales.csv,139.82166433918252,50.710819696715674,34.087857109143826,139.8955180852359,139.82166433918252,139.8955180852359,98.47981959783814,63.69560011074381,123.41160075021662,199.39330670995957,179.76678448826527,139.82166433918252,48.322520663922546,124.2042366406119,139.8955180852359,209.13491422306754,72.27970394976703,219.13533802693217,95.8436858424372,161.71704441807555,158.6946501050515,161.86741662145687,53.817752166354225,114.36909720897995,139.82166433918252,139.8955180852359,8.5388787535263e-309,139.8955180852359,139.8955180852359,393.69711739468187,58.233949579482925,139.8955180852359,131.83743625173514,55.57717146136895,111.77496199322624,63.25228362195904,76.9306544853736,139.82166433918252,139.8955180852359,117.16694514319093,139.8955180852359,139.8955180852359,97.38692961550015,283.8290672218435,139.8955180852359,139.82166433918252
stroma_ad_carcinoma_FA_HN14_5_mieloides_notumorales.csv,72.38243125736504,140.49920503275726,150.4163217602659,20.100227144593106,56.154904504425126,20.7037568417758,97.2827820300202,114.61268597216271,178.31487867826354,239.59217144021568,229.77891032936853,53.03850471342898,136.8871805535923,67.54982454066575,32.33789341666852,244.46297519676966,136.3123823525156,249.46318709870198,136.95871563941222,210.6588978693019,181.61602247053992,212.29736825593451,165.520849625316,84.91308540557858,58.656377160552296,12.572011421435517,139.8955180852359,1.5929933087564284e-308,13.312596770798692,393.69711739468187,120.08143096294043,16.78540424677642,65.71870660747138,142.81964244622512,128.6198396010037,162.1538987696555,175.85089111964373,50.07759372337992,11.402676784587255,110.30308805361832,43.17844193760434,13.289103235748499,162.78764519445005,283.8290672218435,14.413403042309836,46.687639323103625
stroma_ad_dysplasia_FA_HN15_2_mieloides_notumorales.csv,71.42076674694148,140.49920503275726,150.4163217602659,19.138562634169546,54.99410128405381,19.74209233135224,97.03176963925334,114.61268597216271,178.31487867826354,239.59217144021568,229.77891032936853,52.07684020300542,136.8871805535923,62.94700563634406,33.67583891405964,244.46297519676966,136.3123823525156,249.46318709870198,136.95871563941222,210.6588978693019,181.61602247053992,212.29736825593451,165.520849625316,83.95142089515502,57.69471265012873,12.126884893996518,139.8955180852359,13.312596770798692,5.31712211617167e-309,393.69711739468187,120.08143096294043,18.14488634965896,66.02549977387983,142.81964244622512,128.6198396010037,162.1538987696555,175.85089111964373,49.11592921295636,12.364341295010817,110.30308805361832,38.57562303328264,10.308755538580193,162.78764519445005,283.8290672218435,15.509133684399721,46.13687503833974
dysplasia_FA_HN15_3_mieloides_notumorales.csv,393.69711739468187,393.69711739468187,393.69711739468187,393.69711739468187,393.69711739468187,393.69711739468187,393.69711739468187,393.69711739468187,393.69711739468187,308.2098919089324,345.61185081348174,393.69711739468187,393.69711739468187,393.69711739468187,393.69711739468187,313.8525294767753,393.69711739468187,288.46786059195983,393.69711739468187,366.07643905076,393.69711739468187,362.79949827749476,393.69711739468187,393.69711739468187,393.69711739468187,393.69711739468187,393.69711739468187,393.69711739468187,393.69711739468187,8.155288002839615e-309,393.69711739468187,393.69711739468187,393.69711739468187,393.69711739468187,393.69711739468187,393.69711739468187,393.69711739468187,393.69711739468187,393.69711739468187,393.69711739468187,393.69711739468187,393.69711739468187,393.69711739468187,269.0587428272727,393.69711739468187,393.69711739468187
stroma_ad_dysplasia_FA_HN11A_3_mieloides_notumorales.csv,91.58248888744129,42.50945920413946,60.66978159465097,120.08143096294043,93.51516377695845,120.08143096294043,45.59729786584046,74.84442472963832,116.46689543064625,239.0214809545505,219.3949587328562,90.5522273020884,33.61149918130374,83.94319435366837,120.08143096294043,244.46297519676966,52.86736824692406,249.46318709870198,47.918045450224575,181.154933812723,134.80684682797488,198.94515300022516,90.87883732475117,58.67764660993879,105.78416030412033,120.08143096294043,58.233949579482925,120.08143096294043,120.08143096294043,393.69711739468187,6.30177659445972e-309,120.08143096294043,86.80861029672732,56.06036279674325,76.4925488000614,84.14493561343019,111.53892031340663,105.78416030412033,120.08143096294043,72.67159151451247,108.96568812047477,120.08143096294043,85.41242846301927,283.8290672218435,120.08143096294043,98.60427580979078
stroma_ad_dysplasia_FA_HN11A_5_mieloides_notumorales.csv,62.20667729714103,140.49920503275726,150.4163217602659,14.644552980357217,50.91664637778205,11.137316124696738,88.94221309242099,114.61268597216271,178.31487867826354,239.59217144021568,229.77891032936853,48.486406422940576,136.8871805535923,50.76442029388934,24.90882738404113,244.46297519676966,136.3123823525156,249.46318709870198,136.95871563941222,210.6588978693019,181.61602247053992,212.29736825593451,165.520849625316,74.73733144535456,48.48062320032827,24.309470236451233,139.8955180852359,16.78540424677642,18.14488634965896,393.69711739468187,120.08143096294043,9.899586740049677e-309,58.89226293841071,142.81964244622512,128.6198396010037,162.1538987696555,175.85089111964373,39.901839763155884,21.578430744811286,110.30308805361832,37.992385962188436,11.044374610614398,162.78764519445005,283.8290672218435,14.101967666759762,38.14564323754639
stroma_ad_dysplasia_FA_HN15_3_mieloides_notumorales.csv,42.005786697791564,127.644158436361,147.4783918913783,49.02492732832857,13.865097888033317,65.59881791657563,41.211312430886856,75.87112031517188,178.31487867826354,239.59217144021568,229.77891032936853,30.83468530723823,120.42010947803105,22.951298383671386,33.98343555436957,244.46297519676966,119.2705130758777,249.46318709870198,120.56317964967093,210.6588978693019,181.61602247053992,212.29736825593451,165.520849625316,33.14573633432403,41.281977052324656,67.44069091921733,131.83743625173514,65.71870660747138,66.02549977387983,393.69711739468187,86.80861029672732,58.89226293841071,1.849763924608494e-308,132.28503326329673,103.88542757285386,162.1538987696555,175.85089111964373,37.83890816703594,68.1847985033773,67.25192447808311,40.07957035172153,57.44121632745141,162.78764519445005,283.8290672218435,57.23318834952586,27.358541809901084
dysplasia_FA_HN14_2_mieloides_notumorales.csv,116.68472372472172,39.852681086025484,40.2381594845714,142.81964244622512,138.99158674352785,142.81964244622515,91.07372083240986,59.616021578452845,70.99047246407684,212.1114995776639,173.91853576628682,136.02865026865777,50.511332360787065,129.41961732023776,142.81964244622515,203.2866655010891,22.19368569463493,240.92040090793756,40.26651438106825,161.71704441807555,158.6946501050515,196.2883748821112,46.16694028018139,104.15406957650818,130.41077782153445,142.81964244622515,55.57717146136895,142.81964244622512,142.81964244622512,393.69711739468187,56.06036279674325,142.81964244622512,132.28503326329673,1.6961435427826655e-308,56.197790531857294,61.65624248385603,66.06249734683723,138.98956125870683,142.81964244622512,65.03310878521361,142.81964244622515,142.81964244622512,41.8097581541312,282.0188495512368,142.81964244622515,142.81964244622515
stroma_ad_carcinoma_FA_HN11A_2_mieloides_notumorales.csv,88.28511803427885,96.05047161788278,78.81816825709046,128.6198396010037,110.591981053085,128.6198396010037,62.67411514196701,87.69758775668745,99.3900781545197,221.94466367842395,202.31814145672968,107.62904457821494,83.42128936717296,101.02001162979494,128.6198396010037,231.68627119153194,39.49525804345921,241.68669499539658,28.574503349836817,177.16024321255097,178.1081129634285,210.17726604955362,73.80202004862463,75.75446388606532,102.01117213109163,128.6198396010037,111.77496199322624,128.6198396010037,128.6198396010037,393.69711739468187,76.4925488000614,128.6198396010037,103.88542757285386,56.197790531857294,1.5316599839430356e-308,67.97136314030423,94.46210303728009,110.58995556826399,128.6198396010037,39.78338399826082,126.04250539660131,128.6198396010037,68.33561118689272,283.8290672218435,128.6198396010037,115.68109308591731
dysplasia_FA_HN11A_5_mieloides_notumorales.csv,155.35323637158248,43.309387473796505,87.96026673381083,162.1538987696555,162.1538987696555,162.1538987696555,129.74223347927062,95.71142540004058,79.60800189729463,200.33792696921694,135.250023119426,162.1538987696555,57.23539587571863,162.1538987696555,162.1538987696555,164.6181528542283,55.88486919325987,240.92040090793756,52.0400869895152,159.30655042849145,153.26176180244343,184.51480227366423,37.5473596840192,142.82258222336895,162.1538987696555,162.1538987696555,63.25228362195904,162.1538987696555,162.1538987696555,393.69711739468187,84.14493561343019,162.1538987696555,162.1538987696555,61.65624248385603,67.97136314030423,8.849637290784305e-309,44.52962488454257,162.1538987696555,162.1538987696555,103.7016214320744,162.1538987696555,162.1538987696555,58.097219699458265,243.35033690437604,162.1538987696555,162.1538987696555
dysplasia_FA_HN15_2_mieloides_notumorales.csv,175.85089111964373,70.70337217377295,80.78304475669428,175.85089111964373,175.85089111964373,175.85089111964373,157.13621817924707,122.47641029496208,46.48094626484303,218.08882839732996,127.59036596527577,175.85089111964373,86.42137664916744,175.85089111964373,175.85089111964373,174.6584979571967,79.07701753425623,240.92040090793756,77.78435096046303,161.71704441807555,158.6946501050515,210.17726604955362,82.07698456856176,170.2165669233454,175.85089111964373,175.85089111964373,76.9306544853736,175.85089111964373,175.85089111964373,393.69711739468187,111.53892031340663,175.85089111964373,175.85089111964373,66.06249734683723,94.46210303728009,44.52962488454257,1.272939247754863e-308,175.85089111964373,175.85089111964373,131.09560613205085,175.85089111964373,175.85089111964373,54.733622648163774,215.9563522043996,175.85089111964373,175.85089111964373
stroma_ad_carcinoma_FA_HN15_2_mieloides_notumorales.csv,25.841790834123895,134.3486864317711,150.4163217602659,29.977366578786814,29.863291606407287,29.927456994722263,74.448314893744,94.40224175025611,178.31487867826354,239.59217144021568,229.77891032936853,27.433051651565805,127.1246374734412,33.893605220388025,26.880302940673072,244.46297519676966,125.97504107128785,249.46318709870198,127.26770764508106,210.6588978693019,181.61602247053992,212.29736825593451,165.520849625316,50.16184049080424,24.933136991004265,50.1376121221184,139.82166433918252,50.07759372337992,49.11592921295636,393.69711739468187,105.78416030412033,39.901839763155884,37.83890816703594,138.98956125870683,110.58995556826399,162.1538987696555,175.85089111964373,1.7152086699023096e-308,61.48027050796718,73.95645247349324,16.93903119081366,48.90027510046943,162.78764519445005,283.8290672218435,50.350555415770856,25.842023450816505
stroma_ad_carcinoma_FA_HN14_4_mieloides_notumorales.csv,83.7851080419523,140.49920503275726,150.4163217602659,31.502903929180363,61.47824502314619,32.10643362636306,97.2827820300202,114.61268597216271,178.31487867826354,239.59217144021568,229.77891032936853,64.44118149801622,136.8871805535923,71.14207251923966,34.599967567294094,244.46297519676966,136.3123823525156,249.46318709870198,136.95871563941222,210.6588978693019,181.61602247053992,212.29736825593451,165.520849625316,90.74260765797104,70.05905394513954,11.342658385848779,139.8955180852359,11.402676784587255,12.364341295010817,393.69711739468187,120.08143096294043,21.578430744811286,68.1847985033773,142.81964244622512,128.6198396010037,162.1538987696555,175.85089111964373,61.48027050796718,7.364176883362984e-309,110.30308805361832,46.77068991617824,12.579995407497746,162.78764519445005,283.8290672218435,11.12971509219632,56.38913299031385
stroma_ad_dysplasia_FA_HN14_3_mieloides_notumorales.csv,51.65161493950811,101.44245476784747,83.31872880835473,103.93381905228006,73.95847795831423,103.33028935509736,49.4760615806234,69.62249539421765,136.02358124929043,239.59217144021568,229.77891032936853,70.99554148344419,88.81327251713765,64.38650853502416,100.8367554141663,244.46297519676966,52.0185885977946,249.46318709870198,53.31125517158781,200.7116196313672,178.1081129634285,210.17726604955362,110.43552314339539,39.12096079129457,65.37766903632085,110.30308805361832,117.16694514319093,110.30308805361832,110.30308805361832,393.69711739468187,72.67159151451247,110.30308805361832,67.25192447808311,65.03310878521361,39.78338399826082,103.7016214320744,131.09560613205085,73.95645247349324,110.30308805361832,1.961804595483919e-308,89.40900230183055,110.30308805361832,104.96911428166348,283.8290672218435,110.30308805361832,79.04758999114655
stroma_ad_carcinoma_FA_HN15_3_mieloides_notumorales.csv,37.75738736232245,140.49920503275726,150.4163217602659,32.18754822563017,29.04817186189551,36.41107543443104,72.44900252083428,98.02819813891932,178.31487867826354,239.59217144021568,229.77891032936853,24.59501907276109,136.8871805535923,30.49047819691263,18.524505381560232,244.46297519676966,136.3123823525156,249.46318709870198,136.95871563941222,210.6588978693019,181.61602247053992,212.29736825593451,165.520849625316,50.288041510535976,24.031333265509687,50.70250792727916,139.8955180852359,43.17844193760434,38.57562303328264,393.69711739468187,108.96568812047477,37.992385962188436,40.07957035172153,142.81964244622515,126.04250539660131,162.1538987696555,175.85089111964373,16.93903119081366,46.77068991617824,89.40900230183055,1.1867625161030015e-308,34.86401133922726,162.78764519445005,283.8290672218435,40.49500535758769,22.357056718337297
stroma_ad_dysplasia_FA_HN14_2_mieloides_notumorales.csv,71.20511263445455,140.49920503275726,150.4163217602659,18.922908521682615,48.89824961564843,19.526438218865305,96.81611552676642,114.61268597216271,178.31487867826354,239.59217144021568,229.77891032936853,51.86118609051849,136.8871805535923,59.23539394228868,25.650144789555455,244.46297519676966,136.3123823525156,249.46318709870198,136.95871563941222,210.6588978693019,181.61602247053992,212.29736825593451,165.520849625316,83.73576678266808,57.479058537641805,15.838496588051894,139.8955180852359,13.289103235748499,10.308755538580193,393.69711739468187,120.08143096294043,11.044374610614398,57.44121632745141,142.81964244622512,128.6198396010037,162.1538987696555,175.85089111964373,48.90027510046943,12.579995407497746,110.30308805361832,34.86401133922726,5.196569356341775e-309,162.78764519445005,283.8290672218435,7.326927994300359,43.809137582816106
stroma_ad_carcinoma_FA_HN11A_1_mieloides_notumorales.csv,156.6207292211716,81.66243924015667,63.538713280663956,162.78764519445005,162.78764519445005,162.78764519445005,131.00972632885973,96.34991844457471,34.635140046531774,218.08882839732996,148.0466410954023,162.78764519445005,69.03325698944687,162.78764519445005,162.78764519445005,188.68558607509405,52.950525683868875,240.92040090793753,51.657859110075655,172.06408736223707,173.95982686399213,210.17726604955362,49.70817731395383,144.09007507295806,162.78764519445005,162.78764519445005,97.38692961550015,162.78764519445005,162.78764519445005,393.69711739468187,85.41242846301927,162.78764519445005,162.78764519445005,41.8097581541312,68.33561118689272,58.097219699458265,54.733622648163774,162.78764519445005,162.78764519445005,104.96911428166348,162.78764519445005,162.78764519445005,5.49549915722495e-309,242.08284405478696,162.78764519445005,162.78764519445005
dysplasia_FA_HN15_5_mieloides_notumorales.csv,283.8290672218435,283.8290672218435,266.82549092315526,283.8290672218435,283.8290672218435,283.8290672218435,283.8290672218435,283.8290672218435,211.0824793998454,164.12492745412374,119.66641821212686,283.8290672218435,283.8290672218435,283.8290672218435,283.8290672218435,78.73218405014774,283.8290672218435,192.93651118400436,283.8290672218435,146.34033870508324,204.4260895026072,143.06339793181803,236.61643519305503,283.8290672218435,283.8290672218435,283.8290672218435,283.8290672218435,283.8290672218435,283.8290672218435,269.0587428272727,283.8290672218435,283.8290672218435,283.8290672218435,282.0188495512368,283.8290672218435,243.35033690437604,215.9563522043996,283.8290672218435,283.8290672218435,283.8290672218435,283.8290672218435,283.8290672218435,242.08284405478696,9.70922034671067e-309,283.8290672218435,283.8290672218435
stroma_ad_carcinoma_FA_HN14_2_mieloides_notumorales.csv,72.65539294975598,140.4992050327573,150.4163217602659,20.373188836984042,50.348529930949866,20.976718534166736,97.2827820300202,114.61268597216272,178.31487867826354,239.59217144021568,229.77891032936853,53.311466405819914,136.8871805535923,64.86638796064909,29.203689658857385,244.46297519676966,136.3123823525156,249.46318709870198,136.95871563941222,210.6588978693019,181.61602247053992,212.29736825593451,165.520849625316,85.18604709796952,58.92933885294323,14.129146926347183,139.8955180852359,14.413403042309836,15.509133684399721,393.69711739468187,120.08143096294043,14.101967666759762,57.23318834952586,142.81964244622515,128.6198396010037,162.1538987696555,175.85089111964373,50.350555415770856,11.12971509219632,110.30308805361832,40.49500535758769,7.326927994300359,162.78764519445005,283.8290672218435,1.6831529753427933e-308,45.25941789811753
dysplasia_FA_HN11A_1_mieloides_notumorales.csv,27.39597505163846,139.43982394942446,150.41632176026593,29.56108099197128,19.974866130908495,45.71019318103555,57.35602642757239,91.93629912679177,178.31487867826354,239.59217144021568,229.77891032936856,10.94606057169814,132.21577499109452,31.42766259692368,21.789165423019753,244.46297519676966,131.06617858894117,249.463187098702,132.35884516273438,210.65889786930194,181.61602247053992,212.29736825593454,165.52084962531603,41.262802028555626,22.250909767956912,45.046474604465075,139.82166433918252,46.687639323103625,46.13687503833974,393.69711739468187,98.60427580979078,38.14564323754639,27.358541809901084,142.81964244622515,115.68109308591731,162.1538987696555,175.85089111964373,25.842023450816505,56.38913299031385,79.04758999114655,22.357056718337297,43.809137582816106,162.78764519445005,283.8290672218435,45.25941789811753,9.490999033018497e-309
