,topology_carcinoma_1_clean_mac.csv,topology_ad_carcinoma_11_clean_mac.csv,topology_ad_carcinoma_9_clean_mac.csv,topology_dysplasia_16_clean_mac.csv,topology_carcinoma_19_clean_mac.csv,topology_ad_carcinoma_5_clean_mac.csv,topology_dysplasia_5_clean_mac.csv,topology_ad_carcinoma_13_clean_mac.csv,topology_carcinoma_11_clean_mac.csv,topology_carcinoma_5_clean_mac.csv,topology_carcinoma_16_clean_mac.csv,topology_ad_carcinoma_6_clean_mac.csv,topology_carcinoma_15_clean_mac.csv,topology_carcinoma_10_clean_mac.csv,topology_ad_dysplasia_2_clean_mac.csv,topology_carcinoma_3_clean_mac.csv,topology_dysplasia_4_clean_mac.csv,topology_carcinoma_12_clean_mac.csv,topology_dysplasia_6_clean_mac.csv,topology_dysplasia_8_clean_mac.csv,topology_dysplasia_18_clean_mac.csv,topology_dysplasia_7_clean_mac.csv,topology_carcinoma_2_clean_mac.csv,topology_ad_carcinoma_15_clean_mac.csv,topology_carcinoma_4_clean_mac.csv,topology_ad_carcinoma_4_clean_mac.csv,topology_ad_dysplasia_7_clean_mac.csv,topology_ad_carcinoma_1_clean_mac.csv,topology_dysplasia_9_clean_mac.csv,topology_carcinoma_20_clean_mac.csv,topology_ad_carcinoma_12_clean_mac.csv,topology_ad_dysplasia_1_clean_mac.csv,topology_dysplasia_1_clean_mac.csv,topology_ad_dysplasia_8_clean_mac.csv,topology_ad_dysplasia_6_clean_mac.csv,topology_carcinoma_18_clean_mac.csv,topology_dysplasia_11_clean_mac.csv,topology_ad_carcinoma_7_clean_mac.csv,topology_ad_carcinoma_2_clean_mac.csv,topology_ad_dysplasia_5_clean_mac.csv,topology_carcinoma_6_clean_mac.csv,topology_dysplasia_10_clean_mac.csv,topology_dysplasia_12_clean_mac.csv,topology_ad_dysplasia_3_clean_mac.csv,topology_carcinoma_8_clean_mac.csv,topology_dysplasia_19_clean_mac.csv,topology_dysplasia_17_clean_mac.csv,topology_dysplasia_14_clean_mac.csv,topology_ad_dysplasia_4_clean_mac.csv,topology_dysplasia_3_clean_mac.csv,topology_dysplasia_2_clean_mac.csv,topology_ad_carcinoma_8_clean_mac.csv,topology_carcinoma_17_clean_mac.csv,topology_carcinoma_9_clean_mac.csv,topology_ad_carcinoma_14_clean_mac.csv,topology_carcinoma_14_clean_mac.csv,topology_ad_carcinoma_10_clean_mac.csv,topology_dysplasia_15_clean_mac.csv,topology_carcinoma_7_clean_mac.csv,topology_ad_dysplasia_9_clean_mac.csv,topology_ad_carcinoma_3_clean_mac.csv,topology_dysplasia_13_clean_mac.csv,topology_ad_dysplasia_10_clean_mac.csv,topology_carcinoma_13_clean_mac.csv
topology_carcinoma_1_clean_mac.csv,2.045155200071024e-308,221.98000079078417,109.65746344965535,70.88656389258315,56.0210478515986,112.7468473674572,121.33733941595528,46.92423143554218,61.43194008569121,42.784772814131195,57.85206801230514,85.6696332656903,53.024449273407896,57.60893903149005,37.90937910607789,70.96629929723932,211.3402837801139,47.10094622119095,178.9696793016642,195.50558314422238,156.9077535321125,218.59140701194826,31.626171811272386,244.62882680606162,95.80248760402863,60.435642165128186,121.87395106704824,112.27235105499025,230.19233154704824,52.074142973395105,146.97768868784317,49.178677336522554,75.1507666359549,146.3667175485421,43.462230942196385,69.89613346024132,124.32555523239586,31.293346688660186,98.45628653013924,92.48841140282474,95.30651978222744,195.47685477224445,85.33672629461896,155.31641318448607,23.29679543770517,144.43214511683203,156.37613719433978,116.02509577910811,83.81858197346702,128.06452198634366,179.33723097953492,39.956183353856304,24.122712446871393,33.62587349266856,90.97236137553082,110.65810288780773,55.668516793561864,124.53848082432572,167.83410495103476,53.04595609790155,54.4007555900651,117.89872322081877,36.11506480705991,21.158282887218178
topology_ad_carcinoma_11_clean_mac.csv,221.98000079078417,1.915278073066615e-308,192.27362527168975,221.98000079078417,221.98000079078417,190.01828519987117,193.24097637087948,221.98000079078417,221.98000079078417,221.98000079078417,221.98000079078417,203.49335060247097,221.98000079078417,221.98000079078417,221.98000079078417,221.98000079078417,75.87578523070789,221.98000079078417,135.13901264894656,78.53843913193879,130.14449451734333,52.855712486846244,221.98000079078417,158.50013706033104,215.60791331939333,221.98000079078417,187.25805313155854,188.9592570263946,71.85606435082994,221.98000079078417,142.18529518031806,221.98000079078417,221.98000079078417,189.18634248439844,221.98000079078417,221.98000079078417,175.92831875073972,221.98000079078417,218.78291292720178,196.6745724653365,214.2578140144979,70.73835152179907,221.98000079078417,180.18451742480158,221.98000079078417,144.7308387513292,134.6097040276308,196.2672858760111,217.37369964931838,161.09846188181757,133.59787589030094,221.98000079078417,221.98000079078417,221.98000079078417,209.6351078669597,190.01828519987117,221.98000079078417,178.18156987862795,197.31047297624968,221.98000079078417,221.98000079078417,191.9088372551684,221.98000079078417,221.98000079078417
topology_ad_carcinoma_9_clean_mac.csv,109.65746344965535,192.27362527168975,1.2996858849384464e-308,75.83992420051871,64.58600509607413,23.948303525745686,48.18136572482487,69.15899957798578,61.23439089237917,79.49454756388009,83.88875837006626,45.46917506727043,71.51986061936773,52.0485244181653,107.7565515123282,65.257084356359,158.22608639716532,62.5565172284644,93.48487744026596,171.99092747174404,91.28628734851745,172.72833286083403,102.37221236879279,224.8031724490608,36.10239290088745,54.709853477981596,51.427769870479096,37.814664755286515,195.93018193103399,85.54562334868018,83.0650333847141,63.55123697153681,58.16807653867505,79.95320255557547,85.56693231766977,51.891991090983424,46.94175377519974,117.47011892864737,39.27739250869587,47.87482506973542,34.75229359599203,126.49922838142646,44.03227175086306,46.17834520590969,94.51363967096674,97.24999161345659,76.30803687627841,45.73610670934352,48.57298748239728,64.2257855958463,112.68615931481057,95.3452632291511,115.36854999218275,92.58967557395695,30.129587448453805,59.73215586434999,70.0411126297972,56.60462602814988,71.21372873900702,70.8333150253828,90.58403138189885,56.182598732781656,89.62229864372532,130.81574633687353
topology_dysplasia_16_clean_mac.csv,70.88656389258315,221.98000079078417,75.83992420051871,1.609826247334032e-308,68.62425499178687,78.92930811832056,68.51765549944847,35.34920135043794,51.306750176776944,46.48459462183728,58.5408853163419,51.85209401655365,62.27336583032405,59.81414130442553,60.41389976212645,62.5391810333833,211.3402837801139,50.43259417229413,169.32480164078464,195.50558314422238,125.20095010168129,218.59140701194826,53.44158568998965,244.62882680606162,51.13910836702193,35.92776821501086,68.08739148746608,66.38618759263002,230.19233154704824,55.80880136994139,113.16014943870655,51.42466982700273,54.72756441031409,112.5491782994055,43.6316255334948,62.278449510940405,79.4171258682849,52.104159870964764,44.98302448529682,58.670872153688094,74.30981534737157,195.47685477224445,77.11455312085408,122.0182694064284,51.75689019377708,112.19384874795048,124.13771742613582,62.31649369043873,38.420019410371935,94.24698273720705,170.0599049965261,51.75556154868981,48.322066376253474,51.17805036190606,62.95539674665581,67.15774693725325,53.01957225425198,77.16387474039666,147.0536529395257,46.224487236303034,54.914825832327125,83.06086681597344,48.75130549330936,55.53729200299372
topology_carcinoma_19_clean_mac.csv,56.0210478515986,221.98000079078417,64.58600509607413,68.62425499178687,1.502174508763912e-308,67.67538901387599,65.97567730095955,64.13151605084599,31.544284041676605,48.11257169870393,27.04872892237033,64.01725359727143,19.181178004536264,23.869941672655038,52.350836271749486,29.505173027893427,211.3402837801139,46.05196000547012,158.0708825363401,191.14269022145646,113.94703099723671,218.59140701194826,37.786207272718656,244.62882680606162,40.440825489032875,56.833971785250355,66.5122889520525,56.910688939994515,230.19233154704824,24.141190538147498,105.08717272691447,42.165764025549066,22.5916148198327,101.29525919496092,57.982909928094145,13.948355187226753,68.96389311740012,52.884113832573235,50.42432528420153,65.41063330377449,39.9448576672317,191.0852334775006,48.51396283253432,110.76435030198382,41.26160266105738,108.33849796746614,112.88379832169124,61.0170727363746,59.26609235667037,82.99306363276247,158.80598589208154,30.759258133076965,50.78254489610862,33.03056262243472,44.35376727205825,61.34076238547995,32.54267575085494,69.17681870932998,135.79973383508116,79.86631830943344,35.5712275418324,62.53706110582303,35.56266105572902,66.2297412407994
topology_ad_carcinoma_5_clean_mac.csv,112.7468473674572,190.01828519987117,23.948303525745686,78.92930811832056,67.67538901387599,7.13110015666623e-309,61.45371535868054,72.24838349578764,64.32377481018102,82.58393148168194,86.97814228786811,40.02711257542485,74.60924453716959,55.137908335967154,110.84593543013006,68.34646827416086,155.13670247936346,65.64590114626625,90.39549352246411,159.5592513158103,78.85461119258369,169.63894894303218,105.46159628659464,224.69392045134146,39.191776818689306,57.79923739578345,46.96435066872343,48.968236117074724,192.84079801323213,88.63500726648203,91.36946355170005,72.08426541155157,61.257460456476906,85.96856052887236,88.65631623547162,54.98137500878528,54.31611073486903,120.55950284644922,42.36677642649772,58.141928097779655,53.213476733993716,143.47030579154273,51.14327015327099,43.08896128810784,97.6030235887686,101.5146347714784,66.20991908667622,44.993064801657255,41.0678931368561,71.2821858290772,100.25448315887681,98.43464714695295,118.4579339099846,95.6790594917588,33.21897136625566,58.92903770210924,73.13049654759905,63.4396081678191,68.12434482120517,65.20787277511639,93.67341529970071,69.19980336451641,92.71168256152717,133.77193254043215
topology_dysplasia_5_clean_mac.csv,121.33733941595528,193.24097637087948,48.18136572482487,68.51765549944847,65.97567730095955,61.45371535868054,1.342317537404515e-308,88.11799070292648,94.33535423157346,80.7842798104497,70.15330241769266,61.82143154818712,68.88872901049731,67.9699661038064,107.70940602098591,58.94448157567746,171.9615423495389,101.63910633212328,107.22033339263956,140.2921410777559,64.98011671062787,186.4637888132076,90.7296958533619,238.53862840143438,65.17060684663107,75.09294320188525,38.62607924132945,45.93425841553288,209.66563788340756,71.81016739630658,54.32794759180695,104.3870586197624,58.04971836997126,101.7561799926786,97.8284001822712,52.027322113732794,24.35924575210396,107.27705076540468,64.7807578781779,87.24500774752823,34.740683978236675,140.23468433380003,41.956802707718,65.21923736794324,98.04054397825013,69.27749305600474,62.03324917799071,56.53354769091757,89.40880913062287,32.14251448906194,107.955436748381,87.82652462920282,102.66838278428261,96.14387201173645,50.789509850864704,90.48555091999296,65.99035288887725,61.19759209754217,84.94918469138062,96.50010739431545,76.84857542952525,35.76365856094036,85.22227460889539,117.08029038449993
topology_ad_carcinoma_13_clean_mac.csv,46.92423143554218,221.98000079078417,69.15899957798578,35.34920135043794,64.13151605084599,72.24838349578764,88.11799070292648,2.006996556460054e-308,45.85135027941348,43.711022178515925,54.72194452944812,45.17116939402072,54.87960944888373,51.1402161749931,38.59755193434242,53.96871753566451,211.3402837801139,40.27698123294823,162.64387701825171,195.50558314422238,129.74702460678043,218.59140701194826,49.81866598507152,244.62882680606162,56.87942340509548,23.469666300240398,82.9508868681151,78.05680903283641,230.19233154704824,51.08255426659083,121.52577064297708,42.227906213870426,48.51728425895604,105.86825367687257,19.22265761651309,56.08118531841191,85.40249103346272,48.311119350661585,59.533222331206105,51.98994753115517,81.12817461059763,195.47685477224445,79.16200953099752,115.33734478389547,43.05673224735702,127.93434020180928,117.4567928036029,77.10203158017498,44.895517774533886,100.83135589192824,163.37898037399316,43.993532260374565,46.20955041419697,46.62795168965613,59.38993731667583,71.7350386888746,44.76577572737703,93.3433297236727,140.37272831699278,36.27465633680252,56.600231756277225,98.46061919011984,43.08103491302239,61.65674675888775
topology_carcinoma_11_clean_mac.csv,61.43194008569121,221.98000079078417,61.23439089237917,51.306750176776944,31.544284041676605,64.32377481018102,94.33535423157346,45.85135027941348,1.3580628336836956e-308,25.694899719456245,31.1934833226762,48.35524649372647,28.547685463485887,28.35067175966239,46.522160619949034,36.76657528441905,211.3402837801139,22.861668638026313,154.71926833264513,187.7910760177615,110.59541679354174,218.59140701194826,41.13782147641361,244.62882680606162,34.37054751833742,32.090051826327624,79.84598954161635,81.84987498996765,230.19233154704824,27.597379163473107,124.25110242459297,43.700727884112894,36.2856358616022,97.94364499126596,41.05193412199915,45.41936965031931,87.19774960776195,56.2357280362682,37.02434644444804,50.84143377100676,70.35601582858965,187.73361927380563,56.294695505574964,107.41273609828886,38.13514464798603,134.42967195491048,109.53218411799628,76.03192561609737,41.13057274354112,92.55414404827854,155.45437168838657,34.11087233677193,54.13415909980358,36.23847268147236,43.54584438070876,52.55221362911371,28.345001342696207,96.32124704071202,132.4481196313862,59.69586263971826,29.923685479587036,88.37090088544312,28.387907751346148,69.58135544449436
topology_carcinoma_5_clean_mac.csv,42.784772814131195,221.98000079078417,79.49454756388009,46.48459462183728,48.11257169870393,82.58393148168194,80.7842798104497,43.711022178515925,25.694899719456245,5.793765784108096e-309,32.74320885613323,55.506717379915045,35.53005720740717,37.12761333286732,37.68091199391006,34.59977329364226,211.34028378011388,25.611761104759008,172.97942500414604,195.50558314422238,128.85557346504265,218.59140701194823,22.877664804912683,244.62882680606162,55.24942799852303,35.165303801648065,82.71855082735217,84.45458303779293,230.1923315470482,27.489859466773677,119.89577523640463,30.422560811125994,34.773293033181886,116.20380166276689,41.0089729614419,46.2446974966713,83.77249562689028,37.97557136476726,57.90322692463366,62.32549551704949,62.41208014617304,195.47685477224445,71.33043245481349,125.6728927697898,22.125091529940768,137.4267455175481,127.79234078949722,78.20989141870045,43.26552236796144,97.90160610056844,173.7145283598875,28.951671701818352,35.874002428302646,19.27536878930219,52.12631366333932,70.81237030061465,31.06341580348632,91.2409479485867,150.7082763028871,50.02249092613678,42.384348049256374,89.95411954673008,31.710208400690032,51.32119877299343
topology_carcinoma_16_clean_mac.csv,57.85206801230514,221.98000079078417,83.88875837006626,58.5408853163419,27.04872892237033,86.97814228786811,70.15330241769266,54.72194452944812,31.1934833226762,32.74320885613323,6.08202666147598e-309,59.9009281861012,17.576990000588076,31.840233951900952,47.37940388184842,37.12148938254484,211.3402837801139,41.69101201520375,177.3736358103322,195.50558314422238,133.2497842712288,218.59140701194826,27.587824944464643,244.62882680606162,47.786365469178804,44.36493697870925,76.13622565701363,74.43502176217757,230.19233154704824,13.212508814396877,121.2089836082541,41.24518771086514,25.720681831391204,120.59801246895304,48.62945007851053,31.99676727908283,87.46596003783245,44.13517985650742,45.9114921398818,66.71970632323564,49.13646477407423,195.47685477224445,47.0852278423574,130.06710357597592,38.72239431349905,118.66344003724296,132.18655159568334,67.12699291256104,50.023924038862646,102.2958169067546,178.10873916607363,26.87438486106424,39.52651187538535,28.24251314203468,53.75917092161245,75.20658110680078,29.126264632316573,85.21270890994421,155.10248710907325,63.766794796472794,38.68395977234701,71.48544153340373,32.335806401587206,46.92698796680727
topology_ad_carcinoma_6_clean_mac.csv,85.6696332656903,203.49335060247097,45.46917506727043,51.85209401655365,64.01725359727143,40.02711257542485,61.82143154818712,45.17116939402072,48.35524649372647,55.506717379915045,59.9009281861012,1.0248035733141023e-308,57.64570524176389,54.4947665434499,83.76872132836314,55.70931512500876,182.21391658113038,42.94457561699967,117.47270762423102,175.32921710861558,94.62457698538896,196.7161630447991,78.38438218482773,244.62882680606162,48.84678391351191,30.722023294016537,58.502492794267795,56.476795114448635,219.91801211499904,61.55779316471512,91.17203825561859,56.314299618746304,51.42768351934039,75.90763260922606,61.57910213370471,56.97553586514553,54.118685438787566,93.48228874468231,37.82709325790873,38.436428801137296,60.28155913647956,150.48705856539152,59.76393681968686,70.16617538987475,70.52580948700168,108.22064177596317,79.64632651314992,53.38077818728584,28.363288446812724,78.43263756480408,118.20781097997246,71.35743304518604,91.38071980821769,68.6018453899919,50.555033401375,45.01257426330629,46.05328244583214,64.75745399570107,95.20155892297208,50.24519047870258,66.5962011979338,74.9558942556803,65.63446845976026,106.82791615290847
topology_carcinoma_15_clean_mac.csv,53.024449273407896,221.98000079078417,71.51986061936773,62.27336583032405,19.181178004536264,74.60924453716959,68.88872901049731,54.87960944888373,28.547685463485887,35.53005720740717,17.576990000588076,57.64570524176389,1.8322572490312145e-308,19.471336201202433,43.75991475266062,33.638728803907625,211.3402837801139,40.502594033108586,165.00473805963367,195.50558314422238,120.88088652053031,218.59140701194826,30.852351749425054,244.62882680606162,43.35387719857064,46.381609471053835,69.42534066159027,62.06612401147905,230.19233154704824,18.087476924466586,108.84008585755558,38.59938985167483,22.70215623049691,108.22911471825452,50.51010941374443,23.543727034580165,75.09706228713392,45.95025830927963,48.06823719996959,57.35010329404908,42.85790937676947,195.47685477224445,46.495891414019894,117.69820582527743,34.43973129238531,112.59217097747327,119.81765384498485,63.576485373650144,51.10567044932034,89.92691915605607,165.7398414153751,26.738105507261196,43.848689372815016,27.25514300123913,44.61070686655154,62.837683356102275,27.715846126330504,72.84381115924569,142.73358935837473,69.86420080637362,37.74424907919591,65.4501128153608,29.569885604213937,59.2958857175058
topology_carcinoma_10_clean_mac.csv,57.60893903149005,221.98000079078417,52.0485244181653,59.81414130442553,23.869941672655038,55.137908335967154,67.9699661038064,51.1402161749931,28.35067175966239,37.12761333286732,31.840233951900952,54.4947665434499,19.471336201202433,6.701048489600457e-309,55.7080270941629,34.3010919473916,210.27461081533062,46.07541649193784,145.53340185843126,187.16912407627683,115.30271549356468,218.59140701194826,50.32368795062749,244.62882680606162,42.43511429187973,44.54753970823529,68.50657775489935,58.90497774284137,230.19233154704824,33.49709893051487,107.08146152976133,39.847841400787985,21.783393323805992,88.75777851705209,47.804221842407244,27.358861798931855,70.95818192024697,65.42159451048207,45.22389104581981,52.51796247565149,42.00534406892726,178.54775279959176,45.95635234752746,98.226869624075,42.46511525280144,108.44469846010594,100.34631764378241,62.65772246695923,48.05201013249962,70.76408476057335,146.2685052141727,43.2967388109858,63.32002557401745,40.541151155791646,42.975023271142405,57.290729575658844,25.120531640411826,71.17110751217683,123.26225315717232,67.69909433039163,38.53550696373355,64.53134990866988,37.573774225560015,78.76722191870823
topology_ad_dysplasia_2_clean_mac.csv,37.90937910607789,221.98000079078417,107.7565515123282,60.41389976212645,52.350836271749486,110.84593543013006,107.70940602098591,38.59755193434242,46.522160619949034,37.68091199391006,47.37940388184842,83.76872132836314,43.75991475266062,55.7080270941629,1.9545229317017155e-308,50.140627073831496,211.3402837801139,45.20003428386379,178.9696793016642,195.50558314422238,156.9077535321125,218.59140701194826,39.77220549584416,244.62882680606162,74.03842355193012,53.046698034346605,100.10988701494975,100.0268761337426,230.19233154704824,41.17412709076173,145.07677675051605,47.2777653991954,53.38670258385639,144.465805611215,22.189619194658434,58.79342143973176,111.33375318009439,13.384471391820181,76.69222247804075,90.58749946549759,83.7300676180021,195.47685477224445,77.65318178689932,153.9348967182379,31.405719260189862,142.5312331795049,156.0543447379453,94.26103172700962,69.8883722815157,126.16361004901654,179.33723097953492,29.483519223399583,27.023105818244417,38.446593006316576,77.6269640638744,99.07437424906274,41.719053132108655,109.69529883012447,167.83410495103476,48.326383780342354,45.978956927622306,103.5559001122972,26.947935844678298,28.99896188844459
topology_carcinoma_3_clean_mac.csv,70.96629929723932,221.98000079078417,65.257084356359,62.5391810333833,29.505173027893427,68.34646827416086,58.94448157567746,53.96871753566451,36.76657528441905,34.59977329364226,37.12148938254484,55.70931512500876,33.638728803907625,34.3010919473916,50.140627073831496,7.666020619920424e-309,211.3402837801139,44.07032738496886,158.74196179662493,191.8137694817413,114.61811025752158,218.59140701194826,40.205748734823686,244.62882680606162,34.47231343092136,46.780411748657386,66.34217664986937,69.89197237139288,230.19233154704824,34.340233503722544,104.33582829392535,53.235087095661015,31.51149287202344,101.96633845524579,45.59621628759129,28.248735771169095,68.83428602412519,52.213034572288365,33.29790464597116,54.50854747679243,34.91396250298811,191.75631273778544,49.70169294187869,111.4354295622687,47.66950385953416,122.86413485114807,113.55487758197611,60.21392969319825,45.01146680587172,83.66414289304734,159.47706515236638,37.455484510486855,50.11146563582375,45.77283189302048,35.1274969079052,56.57490709309354,20.548684062610107,73.53167400114924,136.470813095366,68.70992616896405,25.32694702553985,73.42099634994747,34.85123449017942,65.55866198051453
topology_dysplasia_4_clean_mac.csv,211.3402837801139,75.87578523070789,158.22608639716532,211.3402837801139,211.3402837801139,155.13670247936346,171.9615423495389,211.3402837801139,211.3402837801139,211.34028378011388,211.3402837801139,182.21391658113038,211.3402837801139,210.27461081533062,211.3402837801139,211.3402837801139,1.254751078357016e-308,211.3402837801139,74.57504636379844,72.11824609037231,119.68068576240447,50.53326054218681,211.3402837801139,152.0754829695785,194.32847929805274,211.3402837801139,165.97861911021795,167.679823005054,76.31737792609073,211.3402837801139,120.90586115897747,211.3402837801139,211.3402837801139,152.0754829695785,211.3402837801139,210.11807748814874,154.64888472939913,211.3402837801139,197.5034789058612,175.3951384439959,192.97837999315732,62.655966783840526,202.25835814802838,150.0031407004535,211.3402837801139,123.45140472998861,109.9282931715482,174.9878518546705,196.0942656279778,139.81902786047698,90.14724651130541,211.3402837801139,211.3402837801139,211.3402837801139,188.3556738456191,166.90826366043075,211.3402837801139,156.90213585728736,156.40993771198805,211.3402837801139,211.3402837801139,170.62940323382782,211.3402837801139,211.3402837801139
topology_carcinoma_12_clean_mac.csv,47.10094622119095,221.98000079078417,62.5565172284644,50.43259417229413,46.05196000547012,65.64590114626625,101.63910633212328,40.27698123294823,22.861668638026313,25.611761104759008,41.69101201520375,42.94457561699967,40.502594033108586,46.07541649193784,45.20003428386379,44.07032738496886,211.3402837801139,1.9340420444741074e-308,156.04139466873033,189.1132023538467,130.09981735804865,218.59140701194826,39.81569514032839,244.62882680606162,57.232216156363734,32.68930524912891,87.24557625196661,90.04557054391029,230.19233154704824,34.90113126402292,131.5548545251428,20.839059246086578,43.58938796215201,99.26577132735119,37.0665058081797,52.723121750869126,94.50150170831176,54.91360170018296,59.88601508247436,58.14518587155658,77.65976792913946,189.05574560989083,75.2848768044748,108.7348624343741,31.95712244250234,139.07337569218458,115.12156688580964,83.33567771664718,45.24831052580214,100.04359197733382,156.77649802447178,32.7887460006867,52.81203276371834,30.033158345492552,61.074116822409835,72.08783144014284,35.648753443246015,103.62499914126184,133.7702459674714,50.327049884104866,43.66403628151714,95.67465298599294,27.065781415260915,68.25922910840913
topology_dysplasia_6_clean_mac.csv,178.9696793016642,135.13901264894656,93.48487744026596,169.32480164078464,158.0708825363401,90.39549352246411,107.22033339263956,162.64387701825171,154.71926833264513,172.97942500414604,177.3736358103322,117.47270762423102,165.00473805963367,145.53340185843126,178.9696793016642,158.74196179662493,74.57504636379844,156.04139466873033,1.1268764496648607e-308,111.33143794137317,84.82671777107316,93.85532032131437,178.9696793016642,186.38103069150247,129.5872703411534,148.19473091824756,101.23741015331859,102.93861404815465,132.0557284367017,178.9696793016642,56.164652202078116,153.96366355339876,151.652953978941,112.95236340894019,178.9696793016642,145.3768685312494,89.90767577249977,178.9696793016642,132.76226994896183,111.69632199168882,128.23717103625796,77.78969532618225,137.51714919112902,85.37231672260043,178.9696793016642,65.90575223126535,53.11949593891757,110.24664289777118,131.35305667107843,75.07781890357762,52.02666978443966,178.9696793016642,178.9696793016642,178.9696793016642,123.61446488871977,114.35252943631616,163.52599007006313,92.160926900388,94.26924556568835,152.91504517225178,178.9696793016642,105.88819427692849,178.9696793016642,178.9696793016642
topology_dysplasia_8_clean_mac.csv,195.50558314422238,78.53843913193879,171.99092747174404,195.50558314422238,191.14269022145646,159.5592513158103,140.2921410777559,195.50558314422238,187.7910760177615,195.50558314422238,195.50558314422238,175.32921710861558,195.50558314422238,187.16912407627683,195.50558314422238,191.8137694817413,72.11824609037231,189.1132023538467,111.33143794137317,1.6663834206804184e-308,80.70464012322662,46.1716477354517,195.50558314422238,123.44014008772649,162.65907802626975,187.16912407627683,134.30921783843496,137.10237787394993,72.42102811276703,195.50558314422238,89.23645988719448,187.16912407627683,184.72476166405738,161.41316192343965,195.50558314422238,180.06471162671767,125.04917369654433,195.50558314422238,165.8340776340782,159.51764949677914,161.30897872137433,50.455653721853366,170.5889568762454,131.26788393155368,195.50558314422238,91.78200345820562,95.68289059546566,143.31845058288752,165.55614695547314,125.24327085621795,59.304768156933505,195.50558314422238,195.50558314422238,195.50558314422238,158.40236755340936,145.4096677998179,195.50558314422238,125.23273458550437,185.928834356185,187.16912407627683,195.50558314422238,138.96000196204483,195.50558314422238,195.50558314422238
topology_dysplasia_18_clean_mac.csv,156.9077535321125,130.14449451734333,91.28628734851745,125.20095010168129,113.94703099723671,78.85461119258369,64.98011671062787,129.74702460678043,110.59541679354174,128.85557346504265,133.2497842712288,94.62457698538896,120.88088652053031,115.30271549356468,156.9077535321125,114.61811025752158,119.68068576240447,130.09981735804865,84.82671777107316,80.70464012322662,1.2987973498241597e-308,123.36730695967145,151.73323826995534,175.44214654789823,91.67157983930267,108.23444664058539,57.11355861421521,58.81476250905126,146.5691560298714,134.90664924984276,65.59747420607155,146.8168040146635,107.52910243983763,121.28285715758773,134.92795821883232,101.253016992146,58.03800274361659,156.9077535321125,88.63841840985845,115.12474900265232,84.1133194971546,81.55303870843434,93.39329765202564,89.11005645079194,145.37329336800838,86.34563859254754,60.509436654037955,66.1227913586678,105.51262598437418,77.44788598044036,77.83654622715315,144.70628913031368,156.9077535321125,143.4766214014947,79.49061334961638,122.6830231849637,119.40213853095977,48.03707536128462,105.22419423295838,132.4111856330565,139.94505728306143,61.7643427378251,138.98332454488786,156.9077535321125
topology_dysplasia_7_clean_mac.csv,218.59140701194826,52.855712486846244,172.72833286083403,218.59140701194826,218.59140701194826,169.63894894303218,186.4637888132076,218.59140701194826,218.59140701194826,218.59140701194823,218.59140701194826,196.7161630447991,218.59140701194826,218.59140701194826,218.59140701194826,218.59140701194826,50.53326054218681,218.59140701194826,93.85532032131437,46.1716477354517,123.36730695967145,2.0891309999698583e-308,218.59140701194826,142.63541088550056,208.83072576172148,218.59140701194826,180.48086557388666,182.18206946872272,62.37945177028463,218.59140701194826,135.40810762264618,218.59140701194826,218.59140701194826,152.05706080879122,218.59140701194826,218.59140701194826,169.15113119306784,218.59140701194826,212.0057253695299,189.89738490766462,207.48062645682603,50.377583803757545,216.7606046116971,145.30922913660515,218.59140701194826,137.95365119365732,124.43053963521692,189.49009831833922,210.5965120916465,154.3212743241457,92.31418356266877,218.59140701194826,218.59140701194826,218.59140701194826,202.8579203092878,181.41051012409946,218.59140701194826,171.40438232095607,167.1510061029457,218.59140701194826,218.59140701194826,185.13164969749653,218.59140701194826,218.59140701194826
topology_carcinoma_2_clean_mac.csv,31.626171811272386,221.98000079078417,102.37221236879279,53.44158568998965,37.786207272718656,105.46159628659464,90.7296958533619,49.81866598507152,41.13782147641361,22.877664804912683,27.587824944464643,78.38438218482773,30.852351749425054,50.32368795062749,39.77220549584416,40.205748734823686,211.3402837801139,39.81569514032839,178.9696793016642,195.50558314422238,151.73323826995534,218.59140701194826,1.3872637977988165e-308,244.62882680606162,66.26981946790532,47.662358890811184,94.61967965574016,92.91847576090409,230.19233154704824,23.991720785261546,139.6924376069806,41.89342625565999,44.39021607353924,139.08146646767955,45.91322932597298,50.48022127780936,105.94941403655898,34.94647599763966,67.6957359677236,85.20316032196217,67.61991877280074,195.47685477224445,58.33994061792973,148.55055757470245,16.237598251294095,137.14689403596947,150.67000559440987,85.61044691128757,64.50403313798029,120.77927090548113,179.33723097953492,26.768942684703774,28.48963101265234,12.05755378200595,72.24262492033898,93.69003510552733,32.33109973899558,103.69616290867074,167.83410495103473,57.94358718545591,36.866780555306235,89.96889553213026,31.58068135093537,28.443533968080743
topology_ad_carcinoma_15_clean_mac.csv,244.62882680606162,158.50013706033104,224.8031724490608,244.62882680606162,244.62882680606162,224.69392045134146,238.53862840143438,244.62882680606162,244.62882680606162,244.62882680606162,244.62882680606162,244.62882680606162,244.62882680606162,244.62882680606162,244.62882680606162,244.62882680606162,152.0754829695785,244.62882680606162,186.38103069150247,123.44014008772649,175.44214654789823,142.63541088550056,244.62882680606162,1.8935242391782067e-308,244.62882680606162,244.62882680606162,232.55570516211344,234.2569090569495,161.59582961669201,244.62882680606162,187.48294721087296,244.62882680606162,244.62882680606162,224.69392045134146,244.62882680606162,244.62882680606162,221.22597078129462,244.62882680606162,244.62882680606162,241.9722244958914,244.62882680606162,125.50524647198267,244.62882680606162,206.317476681683,244.62882680606162,190.0284907818841,176.5053792234437,241.564937906566,244.62882680606162,206.39611391237247,134.3543609070628,244.62882680606162,244.62882680606162,244.62882680606162,244.62882680606162,233.48534971232624,244.62882680606162,223.47922190918285,224.69392045134146,244.62882680606162,244.62882680606162,237.2064892857233,244.62882680606162,244.62882680606162
topology_carcinoma_4_clean_mac.csv,95.80248760402863,215.60791331939333,36.10239290088745,51.13910836702193,40.440825489032875,39.191776818689306,65.17060684663107,56.87942340509548,34.37054751833742,55.24942799852303,47.786365469178804,48.84678391351191,43.35387719857064,42.43511429187973,74.03842355193012,34.47231343092136,194.32847929805274,57.232216156363734,129.5872703411534,162.65907802626975,91.67157983930267,208.83072576172148,66.26981946790532,244.62882680606162,2.1191045028684873e-308,38.677953151013334,57.45565800319226,59.114191673222535,230.1923315470482,49.44323044779273,95.08635503965058,78.07127540245031,22.0656836377876,76.00249695939033,53.3016851663229,29.17642887990367,58.05543731727453,81.3677260277599,38.76313104801602,47.8840504145627,41.19126844364726,162.6016212823139,46.97010257237267,82.28073810679714,72.50569216632346,112.08635415297772,84.40018612650456,52.776814184097326,42.66884844774205,70.25367372855946,130.32237369689483,62.291672817276144,79.2661570912953,70.60902019980978,37.89575325196111,38.97818485341644,40.133970810466764,67.15649965576964,107.31612163989448,65.72389703605006,54.481638481011395,64.84464621816608,59.68742279696872,94.71335343598608
topology_ad_carcinoma_4_clean_mac.csv,60.435642165128186,221.98000079078417,54.709853477981596,35.92776821501086,56.833971785250355,57.79923739578345,75.09294320188525,23.469666300240398,32.090051826327624,35.165303801648065,44.36493697870925,30.722023294016537,46.381609471053835,44.54753970823529,53.046698034346605,46.780411748657386,211.3402837801139,32.68930524912891,148.19473091824756,187.16912407627683,108.23444664058539,218.59140701194826,47.662358890811184,244.62882680606162,38.677953151013334,1.841660812405126e-308,65.32950012187857,66.80703490396328,230.19233154704824,41.26465600183924,105.00869139490476,42.70442996354987,38.38112930229123,91.41910757686838,30.85707883968817,47.120141552155715,67.95533857807374,62.76026545066577,38.020644365011066,37.54080143115098,62.86792972313192,181.20908185940806,67.96057885228632,100.88819868389129,39.80378619298514,119.12063882768672,103.00764670359871,62.79618727914155,23.382939808338847,90.72958296427839,148.929834273989,40.635409751169504,60.658696514201154,37.879822095975356,47.63985775427723,50.22246072267956,38.85417030746177,77.07883601102381,125.92358221698862,41.59691247313647,39.024387322818185,88.35884626247,34.91244516574372,76.10589285889193
topology_ad_dysplasia_7_clean_mac.csv,121.87395106704824,187.25805313155854,51.427769870479096,68.08739148746608,66.5122889520525,46.96435066872343,38.62607924132945,82.9508868681151,79.84598954161635,82.71855082735217,76.13622565701363,58.502492794267795,69.42534066159027,68.50657775489935,100.10988701494975,66.34217664986937,165.97861911021795,87.24557625196661,101.23741015331859,134.30921783843496,57.11355861421521,180.48086557388666,94.61967965574016,232.55570516211344,57.45565800319226,65.32950012187857,6.383347174568445e-309,32.82972615874917,203.68271464408662,77.79309063562755,45.89883236240783,104.14273886546994,60.45210036350315,104.64523375576485,83.33903549231408,52.56393376482575,35.46788898734857,109.71758621559474,57.78264662707505,89.90182715238313,43.647324553181264,134.2517610944791,42.49341435881095,62.630430702349486,98.57715562934308,90.41209189894673,56.050325938669744,39.04052716781814,74.91944444066576,56.752274219064276,101.97251350906004,88.36313628029578,107.61601727913012,96.6804836628294,36.30014516090759,96.26365844616546,66.20543427348639,40.40094444454708,78.96626145205965,98.85613007583774,82.83149866884622,54.38153751725588,85.75888625998834,123.0632136238209
topology_ad_carcinoma_1_clean_mac.csv,112.27235105499025,188.9592570263946,37.814664755286515,66.38618759263002,56.910688939994515,48.968236117074724,45.93425841553288,78.05680903283641,81.84987498996765,84.45458303779293,74.43502176217757,56.476795114448635,62.06612401147905,58.90497774284137,100.0268761337426,69.89197237139288,167.679823005054,90.04557054391029,102.93861404815465,137.10237787394993,58.81476250905126,182.18206946872272,92.91847576090409,234.2569090569495,59.114191673222535,66.80703490396328,32.82972615874917,1.062279560395939e-308,205.38391853892267,76.0918867407915,48.17648378691996,94.54113885341195,55.71270121539902,97.78193006481979,85.34292094066538,43.39437225549193,34.69257556076221,108.01638232075868,56.91202957596042,81.90037131378975,46.751978421841685,135.95296498931515,44.95079638286745,59.87460093420475,91.36986656539324,72.3186551655071,57.7515298335058,32.599401214790234,78.03299578198809,58.76739971635028,103.67371740389609,85.89152662126241,105.91481338429406,87.07888365077142,38.30403060925889,97.43532373238787,61.08950653108414,34.05134676635896,80.66746534689571,93.60193085302532,81.13029477401017,45.39336082658386,84.98327865348139,121.36200972898484
topology_dysplasia_9_clean_mac.csv,230.19233154704824,71.85606435082994,195.93018193103399,230.19233154704824,230.19233154704824,192.84079801323213,209.66563788340756,230.19233154704824,230.19233154704824,230.1923315470482,230.19233154704824,219.91801211499904,230.19233154704824,230.19233154704824,230.19233154704824,230.19233154704824,76.31737792609073,230.19233154704824,132.0557284367017,72.42102811276703,146.5691560298714,62.37945177028463,230.19233154704824,161.59582961669201,230.1923315470482,230.19233154704824,203.68271464408662,205.38391853892267,1.6151782858374386e-308,230.19233154704824,158.60995669284614,230.19233154704824,230.19233154704824,182.1374524187682,230.19233154704824,230.19233154704824,192.3529802632678,230.19233154704824,230.19233154704824,213.09923397786457,230.19233154704824,73.06061627801014,230.19233154704824,161.59582961669201,230.19233154704824,161.15550026385728,147.63238870541687,212.69194738853918,230.19233154704824,177.52312339434565,107.84485062730437,230.19233154704824,230.19233154704824,230.19233154704824,226.05976937948776,204.61235919429942,230.19233154704824,194.60623139115603,197.5312693239411,230.19233154704824,230.19233154704824,208.33349876769648,230.19233154704824,230.19233154704824
topology_carcinoma_20_clean_mac.csv,52.074142973395105,221.98000079078417,85.54562334868018,55.80880136994139,24.141190538147498,88.63500726648203,71.81016739630658,51.08255426659083,27.597379163473107,27.489859466773677,13.212508814396877,61.55779316471512,18.087476924466586,33.49709893051487,41.17412709076173,34.340233503722544,211.3402837801139,34.90113126402292,178.9696793016642,195.50558314422238,134.90664924984276,218.59140701194826,23.991720785261546,244.62882680606162,49.44323044779273,41.26465600183924,77.79309063562755,76.0918867407915,230.19233154704824,1.2723985456247807e-308,122.86584858686803,37.649083551662045,27.37754681000513,122.25487744756697,47.91502021246062,33.653632257696756,89.12282501644637,40.53907569730433,48.11027692029754,68.37657130184957,50.79332975268815,195.47685477224445,52.468812908855654,131.72396855458987,31.10862664498694,120.32030501585689,133.8434165742973,68.78385789117496,48.257728710963164,103.95268188536852,179.33723097953492,23.33267398613239,35.93040771618226,25.152542205622865,55.416035900226376,76.86344608541472,26.019512041246912,86.86957388855814,156.7593520876872,62.67388982870938,36.69405024946741,73.14230651201765,26.696655513055532,45.27012298819335
topology_ad_carcinoma_12_clean_mac.csv,146.97768868784317,142.18529518031806,83.0650333847141,113.16014943870655,105.08717272691447,91.36946355170005,54.32794759180695,121.52577064297708,124.25110242459297,119.89577523640463,121.2089836082541,91.17203825561859,108.84008585755558,107.08146152976133,145.07677675051605,104.33582829392535,120.90586115897747,131.5548545251428,56.164652202078116,89.23645988719448,65.59747420607155,135.40810762264618,139.6924376069806,187.48294721087296,95.08635503965058,105.00869139490476,45.89883236240783,48.17648378691996,158.60995669284614,122.86584858686803,1.7128397459601883e-308,142.70617703276184,95.4883017768629,111.36711750096504,127.7441483752907,91.13881753968772,40.62303929351741,150.88735320062517,94.6965060711974,102.08889074461024,76.11160500424617,89.17900314323862,81.3524969890509,88.63785489259249,137.15203940420503,49.60685000106383,30.568809363119783,54.081990695693065,119.32455732364238,56.58300234738556,66.42283437348283,132.66548846733895,150.88735320062517,135.25536743769135,80.70525804388421,129.49481096654694,107.36133786798504,50.413490019185346,103.89798873316647,124.18993166925318,127.9042566200867,49.72354207485037,126.94252388191316,150.88735320062517
topology_ad_dysplasia_1_clean_mac.csv,49.178677336522554,221.98000079078417,63.55123697153681,51.42466982700273,42.165764025549066,72.08426541155157,104.3870586197624,42.227906213870426,43.700727884112894,30.422560811125994,41.24518771086514,56.314299618746304,38.59938985167483,39.847841400787985,47.2777653991954,53.235087095661015,211.3402837801139,20.839059246086578,153.96366355339876,187.16912407627683,146.8168040146635,218.59140701194826,41.89342625565999,244.62882680606162,78.07127540245031,42.70442996354987,104.14273886546994,94.54113885341195,230.19233154704824,37.649083551662045,142.70617703276184,8.209976451856586e-309,57.41955443437658,97.18804021201959,38.93240446532775,55.47107403850825,106.59434303081756,56.99133281551457,80.72507432856094,72.12586723058274,80.40772021677859,186.97801449455926,67.59988364413266,106.65713131904249,34.03485355783394,143.38779549793412,135.96062613189622,98.29388357752981,66.08736977188872,106.40024587114394,157.51673999781008,34.8664771160183,54.88976387904995,32.110889460824154,73.24114917395252,92.92689068622943,38.396705730885145,106.80726862274742,131.69251485213982,55.97327885044889,37.43646119036728,100.16751101924046,29.143512530592517,70.33696022374073
topology_dysplasia_1_clean_mac.csv,75.1507666359549,221.98000079078417,58.16807653867505,54.72756441031409,22.5916148198327,61.257460456476906,58.04971836997126,48.51728425895604,36.2856358616022,34.773293033181886,25.720681831391204,51.42768351934039,22.70215623049691,21.783393323805992,53.38670258385639,31.51149287202344,211.3402837801139,43.58938796215201,151.652953978941,184.72476166405738,107.52910243983763,218.59140701194826,44.39021607353924,244.62882680606162,22.0656836377876,38.38112930229123,60.45210036350315,55.71270121539902,230.19233154704824,27.37754681000513,95.4883017768629,57.41955443437658,6.90843452716212e-309,94.87733063756184,44.410326921352734,23.97824703282228,61.74527820644124,59.302042389972314,39.49201537653035,49.81796702168836,39.177651275222416,184.66730492010151,46.9463922848409,104.34642174458475,51.853971198249724,108.6848636951542,106.46586976429217,55.94344095485144,44.36077537138547,76.57513507536339,152.38805733468246,41.63995184920242,57.2004734535077,49.957299231736044,38.75095611926321,49.485899275409594,19.919469613970747,68.41157877182752,129.38180527768208,66.22657741694564,33.833193219949806,65.10026151713996,39.035701828894986,72.64766979819848
topology_ad_dysplasia_8_clean_mac.csv,146.3667175485421,189.18634248439844,79.95320255557547,112.5491782994055,101.29525919496092,85.96856052887236,101.7561799926786,105.86825367687257,97.94364499126596,116.20380166276689,120.59801246895304,75.90763260922606,108.22911471825452,88.75777851705209,144.465805611215,101.96633845524579,152.0754829695785,99.26577132735119,112.95236340894019,161.41316192343965,121.28285715758773,152.05706080879122,139.08146646767955,224.69392045134146,76.00249695939033,91.41910757686838,104.64523375576485,97.78193006481979,182.1374524187682,122.25487744756697,111.36711750096504,97.18804021201959,94.87733063756184,1.3088116298080995e-308,122.27618641655656,88.60124518987021,93.44738896903215,150.5818676309746,75.98664660758266,55.795987233373936,89.74092045633392,131.83702516163413,97.1347856757792,73.3300184045901,131.2228937698535,128.62420648868914,104.3598807122014,102.39090405143898,74.57743332969929,107.71409983097118,112.36994211579963,132.0545173280379,150.5818676309746,129.2989296728437,87.4635270108771,55.40243243120915,106.75036672868399,107.95456531334142,69.29615443847575,96.13942183087264,127.29328548078564,106.96931433258325,126.3315527426121,150.5818676309746
topology_ad_dysplasia_6_clean_mac.csv,43.462230942196385,221.98000079078417,85.56693231766977,43.6316255334948,57.982909928094145,88.65631623547162,97.8284001822712,19.22265761651309,41.05193412199915,41.0089729614419,48.62945007851053,61.57910213370471,50.51010941374443,47.804221842407244,22.189619194658434,45.59621628759129,211.3402837801139,37.0665058081797,178.9696793016642,195.50558314422238,134.92795821883232,218.59140701194826,45.91322932597298,244.62882680606162,53.3016851663229,30.85707883968817,83.33903549231408,85.34292094066538,230.19233154704824,47.91502021246062,127.7441483752907,38.93240446532775,44.410326921352734,122.27618641655656,1.6726217804932763e-308,48.912415601017045,90.69079555845968,31.9031866109776,55.95548409243352,68.39788027083915,73.84906177928738,195.47685477224445,64.61993150586761,131.74527752357943,39.319465678419235,136.2167643848661,133.86472554328685,79.5249715667951,47.698753086857266,103.9739908543581,179.33723097953492,35.17446500408157,36.66752637608478,42.15799246064795,55.43734486921596,76.88475505440431,35.738988183003315,99.81429299140976,156.78066105667676,42.533100837425295,38.205114841470376,91.86394683614085,38.1322067489634,45.24881401920376
topology_carcinoma_18_clean_mac.csv,69.89613346024132,221.98000079078417,51.891991090983424,62.278449510940405,13.948355187226753,54.98137500878528,52.027322113732794,56.08118531841191,45.41936965031931,46.2446974966713,31.99676727908283,56.97553586514553,23.543727034580165,27.358861798931855,58.79342143973176,28.248735771169095,210.11807748814874,52.723121750869126,145.3768685312494,180.06471162671767,101.253016992146,218.59140701194826,50.48022127780936,244.62882680606162,29.17642887990367,47.120141552155715,52.56393376482575,43.39437225549193,230.19233154704824,33.653632257696756,91.13881753968772,55.47107403850825,23.97824703282228,88.60124518987021,48.912415601017045,1.3132937217235437e-308,55.469192758749614,65.57812783766394,41.63106837996993,56.28825801291515,25.99650248000495,178.3912194724099,43.32034387456291,98.07033629689312,48.89422482078621,96.36653473524711,100.18978431660054,55.73938429512647,49.19463372017698,70.29904962767176,146.11197188699083,43.45327213816768,63.476558901199326,44.116549898003655,36.76067445440684,59.78980511548461,23.61094551557447,58.961651628688216,123.10571982999045,77.13469486926343,38.69204029091543,48.588705918596276,41.59590009095447,78.9237552458901
topology_dysplasia_11_clean_mac.csv,124.32555523239586,175.92831875073972,46.94175377519974,79.4171258682849,68.96389311740012,54.31611073486903,24.35924575210396,85.40249103346272,87.19774960776195,83.77249562689028,87.46596003783245,54.118685438787566,75.09706228713392,70.95818192024697,111.33375318009439,68.83428602412519,154.64888472939913,94.50150170831176,89.90767577249977,125.04917369654433,58.03800274361659,169.15113119306784,105.94941403655898,221.22597078129462,58.05543731727453,67.95533857807374,35.46788898734857,34.69257556076221,192.3529802632678,89.12282501644637,40.62303929351741,106.59434303081756,61.74527820644124,93.44738896903215,90.69079555845968,55.469192758749614,1.031507660397277e-308,121.04732059641356,57.64315325436638,69.40439971856586,40.60899472576571,122.92202671366027,47.60947341862925,53.135244614112025,101.0287597946907,70.75845597988001,44.72059155785092,47.268649158524184,82.27120450681136,39.024477700267425,90.64277912824122,98.92246489691729,118.94575165994894,99.13208782817702,43.65190522705319,96.37656937643987,73.61831429756339,48.03410634273412,68.39537845468601,88.06665205973883,94.16123304966504,35.33775473225268,93.1995003114915,134.01584141541434
topology_ad_carcinoma_7_clean_mac.csv,31.293346688660186,221.98000079078417,117.47011892864737,52.104159870964764,52.884113832573235,120.55950284644922,107.27705076540468,48.311119350661585,56.2357280362682,37.97557136476726,44.13517985650742,93.48228874468231,45.95025830927963,65.42159451048207,13.384471391820181,52.213034572288365,211.3402837801139,54.91360170018296,178.9696793016642,195.50558314422238,156.9077535321125,218.59140701194826,34.94647599763966,244.62882680606162,81.3677260277599,62.76026545066577,109.71758621559474,108.01638232075868,230.19233154704824,40.53907569730433,150.88735320062517,56.99133281551457,59.302042389972314,150.5818676309746,31.9031866109776,65.57812783766394,121.04732059641356,1.2549828505205367e-308,79.648418178419,100.30106688181675,83.29771236242087,195.47685477224445,73.4378471777843,155.31641318448607,24.342544459729694,149.61458141511957,156.37613719433978,100.70835347114215,79.60193969783487,135.8771774653357,179.33723097953492,28.388133534780902,15.396988233575122,30.003762986181098,87.34053148019356,108.78794166538191,47.42900629885017,118.79406946852532,167.83410495103476,58.03995119666152,41.52725597499307,105.06680209198484,27.84782028492205,19.311850392872586
topology_ad_carcinoma_2_clean_mac.csv,98.45628653013924,218.78291292720178,39.27739250869587,44.98302448529682,50.42432528420153,42.36677642649772,64.7807578781779,59.533222331206105,37.02434644444804,57.90322692463366,45.9114921398818,37.82709325790873,48.06823719996959,45.22389104581981,76.69222247804075,33.29790464597116,197.5034789058612,59.88601508247436,132.76226994896183,165.8340776340782,88.63841840985845,212.0057253695299,67.6957359677236,244.62882680606162,38.76313104801602,38.020644365011066,57.78264662707505,56.91202957596042,230.19233154704824,48.11027692029754,94.6965060711974,80.72507432856094,39.49201537653035,75.98664660758266,55.95548409243352,41.63106837996993,57.64315325436638,79.648418178419,7.48684430112535e-309,39.4448626701289,45.7796212076519,165.77662089012233,44.30350074666691,85.45573771460556,75.15949109243408,109.8841920557156,87.57518573431298,53.27398721842334,31.82325860070101,66.1054085093964,133.49737330470327,64.94547174338678,76.58430505508483,73.2628191259204,28.32911397897854,40.926660325989985,42.78776973657739,66.76665068731646,110.49112124770289,63.04214312635419,51.80035364795731,62.43080778071186,62.34122172307934,91.53835382817766
topology_ad_dysplasia_5_clean_mac.csv,92.48841140282474,196.6745724653365,47.87482506973542,58.670872153688094,65.41063330377449,58.141928097779655,87.24500774752823,51.98994753115517,50.84143377100676,62.32549551704949,66.71970632323564,38.436428801137296,57.35010329404908,52.51796247565149,90.58749946549759,54.50854747679243,175.3951384439959,58.14518587155658,111.69632199168882,159.51764949677914,115.12474900265232,189.89738490766462,85.20316032196217,241.9722244958914,47.8840504145627,37.54080143115098,89.90182715238313,81.90037131378975,213.09923397786457,68.37657130184957,102.08889074461024,72.12586723058274,49.81796702168836,55.795987233373936,68.39788027083915,56.28825801291515,69.40439971856586,100.30106688181675,39.4448626701289,9.78290742639372e-309,71.34685323298939,143.66828042825705,81.72869630985173,63.34739725274031,77.34458762413612,125.50180022745971,95.77782950598706,84.2996518012983,45.91488867005617,103.18251189922537,111.38903284283802,78.17621118232049,98.19949794535214,75.42062352712634,62.943354604821835,41.08827871556349,52.87206058296658,103.19388279683835,88.38278078583764,53.598176259504015,73.41497933506824,98.57902644675698,72.4532465968947,113.64669429004292
topology_carcinoma_6_clean_mac.csv,95.30651978222744,214.2578140144979,34.75229359599203,74.30981534737157,39.9448576672317,53.213476733993716,34.740683978236675,81.12817461059763,70.35601582858965,62.41208014617304,49.13646477407423,60.28155913647956,42.85790937676947,42.00534406892726,83.7300676180021,34.91396250298811,192.97837999315732,77.65976792913946,128.23717103625796,161.30897872137433,84.1133194971546,207.48062645682603,67.61991877280074,244.62882680606162,41.19126844364726,62.86792972313192,43.647324553181264,46.751978421841685,230.19233154704824,50.79332975268815,76.11160500424617,80.40772021677859,39.177651275222416,89.74092045633392,73.84906177928738,25.99650248000495,40.60899472576571,83.29771236242087,45.7796212076519,71.34685323298939,1.726399167895349e-308,161.25152197741846,46.61479348950945,80.93063880190172,73.83087099905654,94.63991156146889,83.05008682160914,55.29149060159379,67.2474786459054,53.15935213268037,128.9722743919994,61.79570499547498,80.61625639619072,70.1130523780086,44.46402829854988,71.04823818556716,42.01101448589344,61.63150358595382,105.96602233499905,85.3800482664162,55.831737785906824,46.8560823643205,59.191454975167545,96.0634527408815
topology_dysplasia_10_clean_mac.csv,195.47685477224445,70.73835152179907,126.49922838142646,195.47685477224445,191.0852334775006,143.47030579154273,140.23468433380003,195.47685477224445,187.73361927380563,195.47685477224445,195.47685477224445,150.48705856539152,195.47685477224445,178.54775279959176,195.47685477224445,191.75631273778544,62.655966783840526,189.05574560989083,77.78969532618225,50.455653721853366,81.55303870843434,50.377583803757545,195.47685477224445,125.50524647198267,162.6016212823139,181.20908185940806,134.2517610944791,135.95296498931515,73.06061627801014,195.47685477224445,89.17900314323862,186.97801449455926,184.66730492010151,131.83702516163413,195.47685477224445,178.3912194724099,122.92202671366027,195.47685477224445,165.77662089012233,143.66828042825705,161.25152197741846,1.406105309088889e-308,170.53150013228952,122.8352001020373,195.47685477224445,91.72454671424975,78.20143515580935,143.26099383893165,164.36740761223894,108.09216984473812,76.24855856753666,195.47685477224445,195.47685477224445,195.47685477224445,156.62881582988024,161.34362653848905,195.47685477224445,125.1752778415485,151.0853811078136,185.92939611341228,195.47685477224445,138.90254521808896,195.47685477224445,195.47685477224445
topology_dysplasia_12_clean_mac.csv,85.33672629461896,221.98000079078417,44.03227175086306,77.11455312085408,48.51396283253432,51.14327015327099,41.956802707718,79.16200953099752,56.294695505574964,71.33043245481349,47.0852278423574,59.76393681968686,46.495891414019894,45.95635234752746,77.65318178689932,49.70169294187869,202.25835814802838,75.2848768044748,137.51714919112902,170.5889568762454,93.39329765202564,216.7606046116971,58.33994061792973,244.62882680606162,46.97010257237267,67.96057885228632,42.49341435881095,44.95079638286745,230.19233154704824,52.468812908855654,81.3524969890509,67.59988364413266,46.9463922848409,97.1347856757792,64.61993150586761,43.32034387456291,47.60947341862925,73.4378471777843,44.30350074666691,81.72869630985173,46.61479348950945,170.53150013228952,1.8205956719249653e-308,90.21061695677275,69.31947635536184,82.43153506401754,92.33006497648017,46.27864407049333,73.2687137172068,62.4393302875514,138.25225254687047,52.739373676065895,71.33627824131969,59.15360708582966,25.058344150308045,85.05112796664412,47.52023935975856,55.895298293615994,115.24600048987008,94.17870282718684,46.55175963103579,38.51818651258148,61.7193395911149,86.78347458601047
topology_ad_dysplasia_3_clean_mac.csv,155.31641318448607,180.18451742480158,46.17834520590969,122.0182694064284,110.76435030198382,43.08896128810784,65.21923736794324,115.33734478389547,107.41273609828886,125.6728927697898,130.06710357597592,70.16617538987475,117.69820582527743,98.226869624075,153.9348967182379,111.4354295622687,150.0031407004535,108.7348624343741,85.37231672260043,131.26788393155368,89.11005645079194,145.30922913660515,148.55055757470245,206.317476681683,82.28073810679714,100.88819868389129,62.630430702349486,59.87460093420475,161.59582961669201,131.72396855458987,88.63785489259249,106.65713131904249,104.34642174458475,73.3300184045901,131.74527752357943,98.07033629689312,53.135244614112025,155.31641318448607,85.45573771460556,63.34739725274031,80.93063880190172,122.8352001020373,90.21061695677275,1.1486497934639335e-308,140.6919848768764,111.61844759571929,68.44256898458002,62.94011066341491,84.0465244367222,80.22688509081817,78.07984742241908,141.5236084350608,155.31641318448607,138.76802077986662,76.3079326543635,54.86052246917515,116.21945783570689,72.31277932302336,54.660950424631295,105.60851293789554,136.76237658780855,77.85614838900977,135.80064384963498,155.31641318448607
topology_carcinoma_8_clean_mac.csv,23.29679543770517,221.98000079078417,94.51363967096674,51.75689019377708,41.26160266105738,97.6030235887686,98.04054397825013,43.05673224735702,38.13514464798603,22.125091529940768,38.72239431349905,70.52580948700168,34.43973129238531,42.46511525280144,31.405719260189862,47.66950385953416,211.3402837801139,31.95712244250234,178.9696793016642,195.50558314422238,145.37329336800838,218.59140701194826,16.237598251294095,244.62882680606162,72.50569216632346,39.80378619298514,98.57715562934308,91.36986656539324,230.19233154704824,31.10862664498694,137.15203940420503,34.03485355783394,51.853971198249724,131.2228937698535,39.319465678419235,48.89422482078621,101.0287597946907,24.342544459729694,75.15949109243408,77.34458762413612,73.83087099905654,195.47685477224445,69.31947635536184,140.6919848768764,1.651067133665479e-308,138.75896424515827,142.81143289658382,92.72830034140296,60.52178653576186,112.92069820765508,179.33723097953492,21.429258263121,20.85491032121601,14.496199793862473,67.67556593782567,87.36130745010257,32.37172135585669,101.24168538662056,165.72736840997374,53.7664505112366,37.645251496084825,94.89889054394783,22.166534842538944,36.302106665906784
topology_dysplasia_19_clean_mac.csv,144.43214511683203,144.7308387513292,97.24999161345659,112.19384874795048,108.33849796746614,101.5146347714784,69.27749305600474,127.93434020180928,134.42967195491048,137.4267455175481,118.66344003724296,108.22064177596317,112.59217097747327,108.44469846010594,142.5312331795049,122.86413485114807,123.45140472998861,139.07337569218458,65.90575223126535,91.78200345820562,86.34563859254754,137.95365119365732,137.14689403596947,190.0284907818841,112.08635415297772,119.12063882768672,90.41209189894673,72.3186551655071,161.15550026385728,120.32030501585689,49.60685000106383,143.38779549793412,108.6848636951542,128.62420648868914,136.2167643848661,96.36653473524711,70.75845597988001,149.61458141511957,109.8841920557156,125.50180022745971,94.63991156146889,91.72454671424975,82.43153506401754,111.61844759571929,138.75896424515827,1.0049548273623946e-308,49.0971159203425,69.27508091085195,131.00515826174325,65.15011718097153,69.63439498930083,130.1199448963278,149.61458141511957,136.61860436803596,91.14857233617224,138.75896424515827,114.06166901083932,78.95392579392703,122.42629529038919,133.6141746245171,125.35871304907556,49.44313850120059,137.95544113323655,149.61458141511957
topology_dysplasia_17_clean_mac.csv,156.37613719433978,134.6097040276308,76.30803687627841,124.13771742613582,112.88379832169124,66.20991908667622,62.03324917799071,117.4567928036029,109.53218411799628,127.79234078949722,132.18655159568334,79.64632651314992,119.81765384498485,100.34631764378241,156.0543447379453,113.55487758197611,109.9282931715482,115.12156688580964,53.11949593891757,95.68289059546566,60.509436654037955,124.43053963521692,150.67000559440987,176.5053792234437,84.40018612650456,103.00764670359871,56.050325938669744,57.7515298335058,147.63238870541687,133.8434165742973,30.568809363119783,135.96062613189622,106.46586976429217,104.3598807122014,133.86472554328685,100.18978431660054,44.72059155785092,156.37613719433978,87.57518573431298,95.77782950598706,83.05008682160914,78.20143515580935,92.33006497648017,68.44256898458002,142.81143289658382,49.0971159203425,1.833835312796155e-308,65.05955868312233,94.16501285861855,55.71937759257662,65.22470753883422,143.6430564547682,156.37613719433978,140.88746879957404,78.42738067407092,102.99184309534164,118.33890585541431,55.947705714251555,90.24594376071934,117.4329351608175,138.88182460751597,60.70111006227964,137.9200918693424,156.37613719433978
topology_dysplasia_14_clean_mac.csv,116.02509577910811,196.2672858760111,45.73610670934352,62.31649369043873,61.0170727363746,44.993064801657255,56.53354769091757,77.10203158017498,76.03192561609737,78.20989141870045,67.12699291256104,53.38077818728584,63.576485373650144,62.65772246695923,94.26103172700962,60.21392969319825,174.9878518546705,83.33567771664718,110.24664289777118,143.31845058288752,66.1227913586678,189.49009831833922,85.61044691128757,241.564937906566,52.776814184097326,62.79618727914155,39.04052716781814,32.599401214790234,212.69194738853918,68.78385789117496,54.081990695693065,98.29388357752981,55.94344095485144,102.39090405143898,79.5249715667951,55.73938429512647,47.268649158524184,100.70835347114215,53.27398721842334,84.2996518012983,55.29149060159379,143.26099383893165,46.27864407049333,62.94011066341491,92.72830034140296,69.27508091085195,65.05955868312233,1.0046244604710113e-308,73.08344827432808,59.12189917545241,110.98174625351263,82.51428099235565,98.60678453467753,90.83162837488928,48.17246385599266,91.75499903751376,60.356578985546264,34.25603880738957,87.97549419651224,94.34747066718603,73.82226592439363,38.69376243003363,79.91003097204822,114.05398087936831
topology_ad_dysplasia_4_clean_mac.csv,83.81858197346702,217.37369964931838,48.57298748239728,38.420019410371935,59.26609235667037,41.0678931368561,89.40880913062287,44.895517774533886,41.13057274354112,43.26552236796144,50.023924038862646,28.363288446812724,51.10567044932034,48.05201013249962,69.8883722815157,45.01146680587172,196.0942656279778,45.24831052580214,131.35305667107843,165.55614695547314,105.51262598437418,210.5965120916465,64.50403313798029,244.62882680606162,42.66884844774205,23.382939808338847,74.91944444066576,78.03299578198809,230.19233154704824,48.257728710963164,119.32455732364238,66.08736977188872,44.36077537138547,74.57743332969929,47.698753086857266,49.19463372017698,82.27120450681136,79.60193969783487,31.82325860070101,45.91488867005617,67.2474786459054,164.36740761223894,73.2687137172068,84.0465244367222,60.52178653576186,131.00515826174325,94.16501285861855,73.08344827432808,1.297229511512881e-308,96.18933358339282,132.08816002681988,57.4770839983386,77.50037076137025,58.62511456924818,50.76671871440415,29.186001967547043,34.44383551741119,91.39470193976143,109.08190796981953,47.55967880080999,52.71585215108635,93.50363646724674,51.754119412912814,92.94756710606103
topology_dysplasia_3_clean_mac.csv,128.06452198634366,161.09846188181757,64.2257855958463,94.24698273720705,82.99306363276247,71.2821858290772,32.14251448906194,100.83135589192824,92.55414404827854,97.90160610056844,102.2958169067546,78.43263756480408,89.92691915605607,70.76408476057335,126.16361004901654,83.66414289304734,139.81902786047698,100.04359197733382,75.07781890357762,125.24327085621795,77.44788598044036,154.3212743241457,120.77927090548113,206.39611391237247,70.25367372855946,90.72958296427839,56.752274219064276,58.76739971635028,177.52312339434565,103.95268188536852,56.58300234738556,106.40024587114394,76.57513507536339,107.71409983097118,103.9739908543581,70.29904962767176,39.024477700267425,135.8771774653357,66.1054085093964,103.18251189922537,53.15935213268037,108.09216984473812,62.4393302875514,80.22688509081817,112.92069820765508,65.15011718097153,55.71937759257662,59.12189917545241,96.18933358339282,1.3328223600801204e-308,75.81292225931907,113.75232176583944,133.7756085288711,110.99673411064529,49.00829966756979,106.62870266582385,88.44817116648554,71.65672800918588,81.1818332035927,107.38724318298662,108.99108991858719,40.24051886522717,108.02935718041365,141.4307698498754
topology_dysplasia_2_clean_mac.csv,179.33723097953492,133.59787589030094,112.68615931481057,170.0599049965261,158.80598589208154,100.25448315887681,107.955436748381,163.37898037399316,155.45437168838657,173.7145283598875,178.10873916607363,118.20781097997246,165.7398414153751,146.2685052141727,179.33723097953492,159.47706515236638,90.14724651130541,156.77649802447178,52.02666978443966,59.304768156933505,77.83654622715315,92.31418356266877,179.33723097953492,134.3543609070628,130.32237369689483,148.929834273989,101.97251350906004,103.67371740389609,107.84485062730437,179.33723097953492,66.42283437348283,157.51673999781008,152.38805733468246,112.36994211579963,179.33723097953492,146.11197188699083,90.64277912824122,179.33723097953492,133.49737330470327,111.38903284283802,128.9722743919994,76.24855856753666,138.25225254687047,78.07984742241908,179.33723097953492,69.63439498930083,65.22470753883422,110.98174625351263,132.08816002681988,75.81292225931907,1.1829547636745197e-308,179.33723097953492,179.33723097953492,179.33723097953492,124.34956824446121,111.71307516623506,164.26109342580457,92.89603025612945,126.6240661992515,153.81105759934962,179.33723097953492,106.62329763266993,179.33723097953492,179.33723097953492
topology_ad_carcinoma_8_clean_mac.csv,39.956183353856304,221.98000079078417,95.3452632291511,51.75556154868981,30.759258133076965,98.43464714695295,87.82652462920282,43.993532260374565,34.11087233677193,28.951671701818352,26.87438486106424,71.35743304518604,26.738105507261196,43.2967388109858,29.483519223399583,37.455484510486855,211.3402837801139,32.7887460006867,178.9696793016642,195.50558314422238,144.70628913031368,218.59140701194826,26.768942684703774,244.62882680606162,62.291672817276144,40.635409751169504,88.36313628029578,85.89152662126241,230.19233154704824,23.33267398613239,132.66548846733895,34.8664771160183,41.63995184920242,132.0545173280379,35.17446500408157,43.45327213816768,98.92246489691729,28.388133534780902,64.94547174338678,78.17621118232049,61.79570499547498,195.47685477224445,52.739373676065895,141.5236084350608,21.429258263121,130.1199448963278,143.6430564547682,82.51428099235565,57.4770839983386,113.75232176583944,179.33723097953492,8.824839558849116e-309,23.194516308534585,19.18401855833595,65.2156757806973,86.66308596588563,25.304150599353903,96.66921376902906,166.55899196815813,63.521444183199364,22.413315873056803,84.3879084340663,17.546051830391022,35.47048310772243
topology_carcinoma_17_clean_mac.csv,24.122712446871393,221.98000079078417,115.36854999218275,48.322066376253474,50.78254489610862,118.4579339099846,102.66838278428261,46.20955041419697,54.13415909980358,35.874002428302646,39.52651187538535,91.38071980821769,43.848689372815016,63.32002557401745,27.023105818244417,50.11146563582375,211.3402837801139,52.81203276371834,178.9696793016642,195.50558314422238,156.9077535321125,218.59140701194826,28.48963101265234,244.62882680606162,79.2661570912953,60.658696514201154,107.61601727913012,105.91481338429406,230.19233154704824,35.93040771618226,150.88735320062517,54.88976387904995,57.2004734535077,150.5818676309746,36.66752637608478,63.476558901199326,118.94575165994894,15.396988233575122,76.58430505508483,98.19949794535214,80.61625639619072,195.47685477224445,71.33627824131969,155.31641318448607,20.85491032121601,149.61458141511957,156.37613719433978,98.60678453467753,77.50037076137025,133.7756085288711,179.33723097953492,23.194516308534585,1.272926480266968e-308,22.778874418225797,85.23896254372895,106.68637272891729,45.32743736238555,116.6925005320607,167.83410495103476,55.9383822601969,39.192619552728544,102.96523315552022,25.746251348457434,15.44719634469078
topology_carcinoma_9_clean_mac.csv,33.62587349266856,221.98000079078417,92.58967557395695,51.17805036190606,33.03056262243472,95.6790594917588,96.14387201173645,46.62795168965613,36.23847268147236,19.27536878930219,28.24251314203468,68.6018453899919,27.25514300123913,40.541151155791646,38.446593006316576,45.77283189302048,211.3402837801139,30.033158345492552,178.9696793016642,195.50558314422238,143.4766214014947,218.59140701194826,12.05755378200595,244.62882680606162,70.60902019980978,37.879822095975356,96.6804836628294,87.07888365077142,230.19233154704824,25.152542205622865,135.25536743769135,32.110889460824154,49.957299231736044,129.2989296728437,42.15799246064795,44.116549898003655,99.13208782817702,30.003762986181098,73.2628191259204,75.42062352712634,70.1130523780086,195.47685477224445,59.15360708582966,138.76802077986662,14.496199793862473,136.61860436803596,140.88746879957404,90.83162837488928,58.62511456924818,110.99673411064529,179.33723097953492,19.18401855833595,22.778874418225797,6.216208895415897e-309,65.77889397131199,85.46463548358889,30.47504938934301,99.34501342010688,163.80340431296395,59.49730938104166,35.25061742411687,92.70525581659993,24.732139775612254,38.22607076291658
topology_ad_carcinoma_14_clean_mac.csv,90.97236137553082,209.6351078669597,30.129587448453805,62.95539674665581,44.35376727205825,33.21897136625566,50.789509850864704,59.38993731667583,43.54584438070876,52.12631366333932,53.75917092161245,50.555033401375,44.61070686655154,42.975023271142405,77.6269640638744,35.1274969079052,188.3556738456191,61.074116822409835,123.61446488871977,158.40236755340936,79.49061334961638,202.8579203092878,72.24262492033898,244.62882680606162,37.89575325196111,47.63985775427723,36.30014516090759,38.30403060925889,226.05976937948776,55.416035900226376,80.70525804388421,73.24114917395252,38.75095611926321,87.4635270108771,55.43734486921596,36.76067445440684,43.65190522705319,87.34053148019356,28.32911397897854,62.943354604821835,44.46402829854988,156.62881582988024,25.058344150308045,76.3079326543635,67.67556593782567,91.14857233617224,78.42738067407092,48.17246385599266,50.76671871440415,49.00829966756979,124.34956824446121,65.2156757806973,85.23896254372895,65.77889397131199,2.1156651867535947e-308,63.73046420915142,39.91152518134339,52.775402660003266,101.34331618746083,78.08237982690292,60.45444393344505,44.82505650473436,59.49271119527151,100.68615888841973
topology_carcinoma_14_clean_mac.csv,110.65810288780773,190.01828519987117,59.73215586434999,67.15774693725325,61.34076238547995,58.92903770210924,90.48555091999296,71.7350386888746,52.55221362911371,70.81237030061465,75.20658110680078,45.01257426330629,62.837683356102275,57.290729575658844,99.07437424906274,56.57490709309354,166.90826366043075,72.08783144014284,114.35252943631616,145.4096677998179,122.6830231849637,181.41051012409946,93.69003510552733,233.48534971232624,38.97818485341644,50.22246072267956,96.26365844616546,97.43532373238787,204.61235919429942,76.86344608541472,129.49481096654694,92.92689068622943,49.485899275409594,55.40243243120915,76.88475505440431,59.78980511548461,96.37656937643987,108.78794166538191,40.926660325989985,41.08827871556349,71.04823818556716,161.34362653848905,85.05112796664412,54.86052246917515,87.36130745010257,138.75896424515827,102.99184309534164,91.75499903751376,29.186001967547043,106.62870266582385,111.71307516623506,86.66308596588563,106.68637272891729,85.46463548358889,63.73046420915142,9.56014101118268e-309,61.35893536653174,103.98099240116795,79.89590600227248,74.3991997151507,81.9018541186334,102.73395875032972,80.94012138045986,122.13356907360807
topology_ad_carcinoma_10_clean_mac.csv,55.668516793561864,221.98000079078417,70.0411126297972,53.01957225425198,32.54267575085494,73.13049654759905,65.99035288887725,44.76577572737703,28.345001342696207,31.06341580348632,29.126264632316573,46.05328244583214,27.715846126330504,25.120531640411826,41.719053132108655,20.548684062610107,211.3402837801139,35.648753443246015,163.52599007006313,195.50558314422238,119.40213853095977,218.59140701194826,32.33109973899558,244.62882680606162,40.133970810466764,38.85417030746177,66.20543427348639,61.08950653108414,230.19233154704824,26.019512041246912,107.36133786798504,38.396705730885145,19.919469613970747,106.75036672868399,35.738988183003315,23.61094551557447,73.61831429756339,47.42900629885017,42.78776973657739,52.87206058296658,42.01101448589344,195.47685477224445,47.52023935975856,116.21945783570689,32.37172135585669,114.06166901083932,118.33890585541431,60.356578985546264,34.44383551741119,88.44817116648554,164.26109342580457,25.304150599353903,45.32743736238555,30.47504938934301,39.91152518134339,61.35893536653174,6.17393514210224e-309,71.36506316967515,141.2548413688042,63.59851566593058,20.542918752101656,64.61853050963873,24.655030352788742,60.77463370707633
topology_dysplasia_15_clean_mac.csv,124.53848082432572,178.18156987862795,56.60462602814988,77.16387474039666,69.17681870932998,63.4396081678191,61.19759209754217,93.3433297236727,96.32124704071202,91.2409479485867,85.21270890994421,64.75745399570107,72.84381115924569,71.17110751217683,109.69529883012447,73.53167400114924,156.90213585728736,103.62499914126184,92.160926900388,125.23273458550437,48.03707536128462,171.40438232095607,103.69616290867074,223.47922190918285,67.15649965576964,77.07883601102381,40.40094444454708,34.05134676635896,194.60623139115603,86.86957388855814,50.413490019185346,106.80726862274742,68.41157877182752,107.95456531334142,99.81429299140976,58.961651628688216,48.03410634273412,118.79406946852532,66.76665068731646,103.19388279683835,61.63150358595382,125.1752778415485,55.895298293615994,72.31277932302336,101.24168538662056,78.95392579392703,55.947705714251555,34.25603880738957,91.39470193976143,71.65672800918588,92.89603025612945,96.66921376902906,116.6925005320607,99.34501342010688,52.775402660003266,103.98099240116795,71.36506316967515,2.0893027020099825e-308,78.03355500717106,107.39292863179313,91.90798192177681,43.74380551543983,90.94624918360327,132.1396968767515
topology_carcinoma_7_clean_mac.csv,167.83410495103476,197.31047297624968,71.21372873900702,147.0536529395257,135.79973383508116,68.12434482120517,84.94918469138062,140.37272831699278,132.4481196313862,150.7082763028871,155.10248710907325,95.20155892297208,142.73358935837473,123.26225315717232,167.83410495103476,136.470813095366,156.40993771198805,133.7702459674714,94.26924556568835,185.928834356185,105.22419423295838,167.1510061029457,167.83410495103473,224.69392045134146,107.31612163989448,125.92358221698862,78.96626145205965,80.66746534689571,197.5312693239411,156.7593520876872,103.89798873316647,131.69251485213982,129.38180527768208,69.29615443847575,156.78066105667676,123.10571982999045,68.39537845468601,167.83410495103476,110.49112124770289,88.38278078583764,105.96602233499905,151.0853811078136,115.24600048987008,54.660950424631295,165.72736840997374,122.42629529038919,90.24594376071934,87.97549419651224,109.08190796981953,81.1818332035927,126.6240661992515,166.55899196815813,167.83410495103476,163.80340431296395,101.34331618746083,79.89590600227248,141.2548413688042,78.03355500717106,1.788446447695495e-308,130.64389647099284,161.79776012090588,83.61704557566955,160.8360273827323,167.83410495103476
topology_ad_dysplasia_9_clean_mac.csv,53.04595609790155,221.98000079078417,70.8333150253828,46.224487236303034,79.86631830943344,65.20787277511639,96.50010739431545,36.27465633680252,59.69586263971826,50.02249092613678,63.766794796472794,50.24519047870258,69.86420080637362,67.69909433039163,48.326383780342354,68.70992616896405,211.3402837801139,50.327049884104866,152.91504517225178,187.16912407627683,132.4111856330565,218.59140701194826,57.94358718545591,244.62882680606162,65.72389703605006,41.59691247313647,98.85613007583774,93.60193085302532,230.19233154704824,62.67388982870938,124.18993166925318,55.97327885044889,66.22657741694564,96.13942183087264,42.533100837425295,77.13469486926343,88.06665205973883,58.03995119666152,63.04214312635419,53.598176259504015,85.3800482664162,185.92939611341228,94.17870282718684,105.60851293789554,53.7664505112366,133.6141746245171,117.4329351608175,94.34747066718603,47.55967880080999,107.38724318298662,153.81105759934962,63.521444183199364,55.9383822601969,59.49730938104166,78.08237982690292,74.3991997151507,63.59851566593058,107.39292863179313,130.64389647099284,1.8506039722222833e-308,73.83763243302013,105.08550045675244,54.19348091783233,71.38557860488768
topology_ad_carcinoma_3_clean_mac.csv,54.4007555900651,221.98000079078417,90.58403138189885,54.914825832327125,35.5712275418324,93.67341529970071,76.84857542952525,56.600231756277225,29.923685479587036,42.384348049256374,38.68395977234701,66.5962011979338,37.74424907919591,38.53550696373355,45.978956927622306,25.32694702553985,211.3402837801139,43.66403628151714,178.9696793016642,195.50558314422238,139.94505728306143,218.59140701194826,36.866780555306235,244.62882680606162,54.481638481011395,39.024387322818185,82.83149866884622,81.13029477401017,230.19233154704824,36.69405024946741,127.9042566200867,37.43646119036728,33.833193219949806,127.29328548078564,38.205114841470376,38.69204029091543,94.16123304966504,41.52725597499307,51.80035364795731,73.41497933506824,55.831737785906824,195.47685477224445,46.55175963103579,136.76237658780855,37.645251496084825,125.35871304907556,138.88182460751597,73.82226592439363,52.71585215108635,108.99108991858719,179.33723097953492,22.413315873056803,39.192619552728544,35.25061742411687,60.45444393344505,81.9018541186334,20.542918752101656,91.90798192177681,161.79776012090588,73.83763243302013,8.406466189375504e-309,78.18071454523633,32.731327852622485,40.23171495497468
topology_dysplasia_13_clean_mac.csv,117.89872322081877,191.9088372551684,56.182598732781656,83.06086681597344,62.53706110582303,69.19980336451641,35.76365856094036,98.46061919011984,88.37090088544312,89.95411954673008,71.48544153340373,74.9558942556803,65.4501128153608,64.53134990866988,103.5559001122972,73.42099634994747,170.62940323382782,95.67465298599294,105.88819427692849,138.96000196204483,61.7643427378251,185.13164969749653,89.96889553213026,237.2064892857233,64.84464621816608,88.35884626247,54.38153751725588,45.39336082658386,208.33349876769648,73.14230651201765,49.72354207485037,100.16751101924046,65.10026151713996,106.96931433258325,91.86394683614085,48.588705918596276,35.33775473225268,105.06680209198484,62.43080778071186,98.57902644675698,46.8560823643205,138.90254521808896,38.51818651258148,77.85614838900977,94.89889054394783,49.44313850120059,60.70111006227964,38.69376243003363,93.50363646724674,40.24051886522717,106.62329763266993,84.3879084340663,102.96523315552022,92.70525581659993,44.82505650473436,102.73395875032972,64.61853050963873,43.74380551543983,83.61704557566955,105.08550045675244,78.18071454523633,1.5983505608675794e-308,88.51230263203598,118.412429500211
topology_ad_dysplasia_10_clean_mac.csv,36.11506480705991,221.98000079078417,89.62229864372532,48.75130549330936,35.56266105572902,92.71168256152717,85.22227460889539,43.08103491302239,28.387907751346148,31.710208400690032,32.335806401587206,65.63446845976026,29.569885604213937,37.573774225560015,26.947935844678298,34.85123449017942,211.3402837801139,27.065781415260915,178.9696793016642,195.50558314422238,138.98332454488786,218.59140701194826,31.58068135093537,244.62882680606162,59.68742279696872,34.91244516574372,85.75888625998834,84.98327865348139,230.19233154704824,26.696655513055532,126.94252388191316,29.143512530592517,39.035701828894986,126.3315527426121,38.1322067489634,41.59590009095447,93.1995003114915,27.84782028492205,62.34122172307934,72.4532465968947,59.191454975167545,195.47685477224445,61.7193395911149,135.80064384963498,22.166534842538944,137.95544113323655,137.9200918693424,79.91003097204822,51.754119412912814,108.02935718041365,179.33723097953492,17.546051830391022,25.746251348457434,24.732139775612254,59.49271119527151,80.94012138045986,24.655030352788742,90.94624918360327,160.8360273827323,54.19348091783233,32.731327852622485,88.51230263203598,1.2413511023709495e-308,41.193447693148215
topology_carcinoma_13_clean_mac.csv,21.158282887218178,221.98000079078417,130.81574633687353,55.53729200299372,66.2297412407994,133.77193254043215,117.08029038449993,61.65674675888775,69.58135544449436,51.32119877299343,46.92698796680727,106.82791615290847,59.2958857175058,78.76722191870823,28.99896188844459,65.55866198051453,211.3402837801139,68.25922910840913,178.9696793016642,195.50558314422238,156.9077535321125,218.59140701194826,28.443533968080743,244.62882680606162,94.71335343598608,76.10589285889193,123.0632136238209,121.36200972898484,230.19233154704824,45.27012298819335,150.88735320062517,70.33696022374073,72.64766979819848,150.5818676309746,45.24881401920376,78.9237552458901,134.01584141541434,19.311850392872586,91.53835382817766,113.64669429004292,96.0634527408815,195.47685477224445,86.78347458601047,155.31641318448607,36.302106665906784,149.61458141511957,156.37613719433978,114.05398087936831,92.94756710606103,141.4307698498754,179.33723097953492,35.47048310772243,15.44719634469078,38.22607076291658,100.68615888841973,122.13356907360807,60.77463370707633,132.1396968767515,167.83410495103476,71.38557860488768,40.23171495497468,118.412429500211,41.193447693148215,1.324320041759539e-308
